[2026-07-28 17:42:15:4215] [[32minfo[39m]: [32mServer is running in development mode on port 8000[39m
[2026-07-28 17:42:41:4241] [[32minfo[39m]: [32mServer is running in development mode on port 8000[39m
[2026-07-28 17:43:04:434] [[31merror[39m]: [31mTypeError: Cannot set property query of #<IncomingMessage> which has only a getter[39m
[31m    at <anonymous> (C:\Users\Lenovo\Desktop\NewBranch\crm-backend\src\middleware\validate.middleware.ts:15:11)[39m
[31m    at process.processTicksAndRejections (node:internal/process/task_queues:105:5)[39m
[2026-07-28 17:43:19:4319] [[32minfo[39m]: [32mServer is running in development mode on port 8000[39m
[2026-07-28 17:44:30:4430] [[31merror[39m]: [31mError: Invalid email or password.[39m
[31m    at AuthService.login (C:\Users\Lenovo\Desktop\NewBranch\crm-backend\src\modules\auth\auth.service.ts:91:13)[39m
[31m    at async login (C:\Users\Lenovo\Desktop\NewBranch\crm-backend\src\modules\auth\auth.controller.ts:37:51)[39m
[2026-07-28 17:53:33:5333] [[32minfo[39m]: [32mServer is running in development mode on port 8000[39m
[2026-07-28 17:56:00:560] [[32minfo[39m]: [32mServer is running in development mode on port 8000[39m
[2026-07-28 17:56:11:5611] [[32minfo[39m]: [32mServer is running in development mode on port 8000[39m
[2026-07-28 17:58:50:5850] [[32minfo[39m]: [32mServer is running in development mode on port 8000[39m
[2026-07-28 17:58:50:5850] [[32minfo[39m]: [32mServer is running in development mode on port 8000[39m
[2026-07-28 17:58:50:5850] [[32minfo[39m]: [32mServer is running in development mode on port 8000[39m
[2026-07-28 18:07:32:732] [[31merror[39m]: [31mError: Invalid email or password.[39m
[31m    at AuthService.login (C:\Users\Lenovo\Desktop\NewBranch\crm-backend\src\modules\auth\auth.service.ts:79:13)[39m
[31m    at async login (C:\Users\Lenovo\Desktop\NewBranch\crm-backend\src\modules\auth\auth.controller.ts:37:51)[39m
[2026-07-28 18:07:32:732] [[31merror[39m]: [31mError: Refresh token is missing.[39m
[31m    at AuthService.refresh (C:\Users\Lenovo\Desktop\NewBranch\crm-backend\src\modules\auth\auth.service.ts:127:13)[39m
[31m    at refresh (C:\Users\Lenovo\Desktop\NewBranch\crm-backend\src\modules\auth\auth.controller.ts:55:63)[39m
[31m    at Layer.handleRequest (C:\Users\Lenovo\Desktop\NewBranch\crm-backend\node_modules\router\lib\layer.js:152:17)[39m
[31m    at next (C:\Users\Lenovo\Desktop\NewBranch\crm-backend\node_modules\router\lib\route.js:157:13)[39m
[31m    at Route.dispatch (C:\Users\Lenovo\Desktop\NewBranch\crm-backend\node_modules\router\lib\route.js:117:3)[39m
[31m    at handle (C:\Users\Lenovo\Desktop\NewBranch\crm-backend\node_modules\router\index.js:435:11)[39m
[31m    at Layer.handleRequest (C:\Users\Lenovo\Desktop\NewBranch\crm-backend\node_modules\router\lib\layer.js:152:17)[39m
[31m    at C:\Users\Lenovo\Desktop\NewBranch\crm-backend\node_modules\router\index.js:295:15[39m
[31m    at processParams (C:\Users\Lenovo\Desktop\NewBranch\crm-backend\node_modules\router\index.js:582:12)[39m
[31m    at next (C:\Users\Lenovo\Desktop\NewBranch\crm-backend\node_modules\router\index.js:291:5)[39m
[2026-07-28 18:07:36:736] [[31merror[39m]: [31mError: Invalid email or password.[39m
[31m    at AuthService.login (C:\Users\Lenovo\Desktop\NewBranch\crm-backend\src\modules\auth\auth.service.ts:79:13)[39m
[31m    at async login (C:\Users\Lenovo\Desktop\NewBranch\crm-backend\src\modules\auth\auth.controller.ts:37:51)[39m
[2026-07-28 18:07:36:736] [[31merror[39m]: [31mError: Refresh token is missing.[39m
[31m    at AuthService.refresh (C:\Users\Lenovo\Desktop\NewBranch\crm-backend\src\modules\auth\auth.service.ts:127:13)[39m
[31m    at refresh (C:\Users\Lenovo\Desktop\NewBranch\crm-backend\src\modules\auth\auth.controller.ts:55:63)[39m
[31m    at Layer.handleRequest (C:\Users\Lenovo\Desktop\NewBranch\crm-backend\node_modules\router\lib\layer.js:152:17)[39m
[31m    at next (C:\Users\Lenovo\Desktop\NewBranch\crm-backend\node_modules\router\lib\route.js:157:13)[39m
[31m    at Route.dispatch (C:\Users\Lenovo\Desktop\NewBranch\crm-backend\node_modules\router\lib\route.js:117:3)[39m
[31m    at handle (C:\Users\Lenovo\Desktop\NewBranch\crm-backend\node_modules\router\index.js:435:11)[39m
[31m    at Layer.handleRequest (C:\Users\Lenovo\Desktop\NewBranch\crm-backend\node_modules\router\lib\layer.js:152:17)[39m
[31m    at C:\Users\Lenovo\Desktop\NewBranch\crm-backend\node_modules\router\index.js:295:15[39m
[31m    at processParams (C:\Users\Lenovo\Desktop\NewBranch\crm-backend\node_modules\router\index.js:582:12)[39m
[31m    at next (C:\Users\Lenovo\Desktop\NewBranch\crm-backend\node_modules\router\index.js:291:5)[39m
[2026-07-29 10:36:39:3639] [[32minfo[39m]: [32mServer is running in development mode on port 8000[39m
[2026-07-29 12:28:31:2831] [[32minfo[39m]: [32mServer is running in development mode on port 8000[39m
[2026-07-29 12:35:23:3523] [[31merror[39m]: [31mError: Invalid or expired authentication token.[39m
[31m    at auth (C:\Users\Lenovo\Desktop\NewBranch\branch-backend\src\middleware\auth.middleware.ts:44:13)[39m
[31m    at Layer.handleRequest (C:\Users\Lenovo\Desktop\NewBranch\branch-backend\node_modules\router\lib\layer.js:152:17)[39m
[31m    at next (C:\Users\Lenovo\Desktop\NewBranch\branch-backend\node_modules\router\lib\route.js:157:13)[39m
[31m    at Route.dispatch (C:\Users\Lenovo\Desktop\NewBranch\branch-backend\node_modules\router\lib\route.js:117:3)[39m
[31m    at handle (C:\Users\Lenovo\Desktop\NewBranch\branch-backend\node_modules\router\index.js:435:11)[39m
[31m    at Layer.handleRequest (C:\Users\Lenovo\Desktop\NewBranch\branch-backend\node_modules\router\lib\layer.js:152:17)[39m
[31m    at C:\Users\Lenovo\Desktop\NewBranch\branch-backend\node_modules\router\index.js:295:15[39m
[31m    at processParams (C:\Users\Lenovo\Desktop\NewBranch\branch-backend\node_modules\router\index.js:582:12)[39m
[31m    at next (C:\Users\Lenovo\Desktop\NewBranch\branch-backend\node_modules\router\index.js:291:5)[39m
[31m    at Function.handle (C:\Users\Lenovo\Desktop\NewBranch\branch-backend\node_modules\router\index.js:186:3)[39m
[2026-07-29 12:35:23:3523] [[31merror[39m]: [31mError: Invalid or expired authentication token.[39m
[31m    at auth (C:\Users\Lenovo\Desktop\NewBranch\branch-backend\src\middleware\auth.middleware.ts:44:13)[39m
[31m    at Layer.handleRequest (C:\Users\Lenovo\Desktop\NewBranch\branch-backend\node_modules\router\lib\layer.js:152:17)[39m
[31m    at next (C:\Users\Lenovo\Desktop\NewBranch\branch-backend\node_modules\router\lib\route.js:157:13)[39m
[31m    at Route.dispatch (C:\Users\Lenovo\Desktop\NewBranch\branch-backend\node_modules\router\lib\route.js:117:3)[39m
[31m    at handle (C:\Users\Lenovo\Desktop\NewBranch\branch-backend\node_modules\router\index.js:435:11)[39m
[31m    at Layer.handleRequest (C:\Users\Lenovo\Desktop\NewBranch\branch-backend\node_modules\router\lib\layer.js:152:17)[39m
[31m    at C:\Users\Lenovo\Desktop\NewBranch\branch-backend\node_modules\router\index.js:295:15[39m
[31m    at processParams (C:\Users\Lenovo\Desktop\NewBranch\branch-backend\node_modules\router\index.js:582:12)[39m
[31m    at next (C:\Users\Lenovo\Desktop\NewBranch\branch-backend\node_modules\router\index.js:291:5)[39m
[31m    at Function.handle (C:\Users\Lenovo\Desktop\NewBranch\branch-backend\node_modules\router\index.js:186:3)[39m
[2026-07-29 16:48:55:4855] [[32minfo[39m]: [32mServer is running in development mode on port 8000[39m
[2026-07-29 16:48:58:4858] [[31merror[39m]: [31mError: Invalid or expired authentication token.[39m
[31m    at auth (C:\Users\Lenovo\Desktop\NewBranch\branch-backend\src\middleware\auth.middleware.ts:44:13)[39m
[31m    at Layer.handleRequest (C:\Users\Lenovo\Desktop\NewBranch\branch-backend\node_modules\router\lib\layer.js:152:17)[39m
[31m    at trimPrefix (C:\Users\Lenovo\Desktop\NewBranch\branch-backend\node_modules\router\index.js:342:13)[39m
[31m    at C:\Users\Lenovo\Desktop\NewBranch\branch-backend\node_modules\router\index.js:297:9[39m
[31m    at processParams (C:\Users\Lenovo\Desktop\NewBranch\branch-backend\node_modules\router\index.js:582:12)[39m
[31m    at next (C:\Users\Lenovo\Desktop\NewBranch\branch-backend\node_modules\router\index.js:291:5)[39m
[31m    at Function.handle (C:\Users\Lenovo\Desktop\NewBranch\branch-backend\node_modules\router\index.js:186:3)[39m
[31m    at router (C:\Users\Lenovo\Desktop\NewBranch\branch-backend\node_modules\router\index.js:60:12)[39m
[31m    at Layer.handleRequest (C:\Users\Lenovo\Desktop\NewBranch\branch-backend\node_modules\router\lib\layer.js:152:17)[39m
[31m    at trimPrefix (C:\Users\Lenovo\Desktop\NewBranch\branch-backend\node_modules\router\index.js:342:13)[39m
[2026-07-29 16:50:37:5037] [[32minfo[39m]: [32mServer is running in development mode on port 8000[39m
[2026-07-29 16:52:44:5244] [[31merror[39m]: [31mError: Invalid or expired authentication token.[39m
[31m    at auth (C:\Users\Lenovo\Desktop\NewBranch\branch-backend\src\middleware\auth.middleware.ts:44:13)[39m
[31m    at Layer.handleRequest (C:\Users\Lenovo\Desktop\NewBranch\branch-backend\node_modules\router\lib\layer.js:152:17)[39m
[31m    at trimPrefix (C:\Users\Lenovo\Desktop\NewBranch\branch-backend\node_modules\router\index.js:342:13)[39m
[31m    at C:\Users\Lenovo\Desktop\NewBranch\branch-backend\node_modules\router\index.js:297:9[39m
[31m    at processParams (C:\Users\Lenovo\Desktop\NewBranch\branch-backend\node_modules\router\index.js:582:12)[39m
[31m    at next (C:\Users\Lenovo\Desktop\NewBranch\branch-backend\node_modules\router\index.js:291:5)[39m
[31m    at Function.handle (C:\Users\Lenovo\Desktop\NewBranch\branch-backend\node_modules\router\index.js:186:3)[39m
[31m    at router (C:\Users\Lenovo\Desktop\NewBranch\branch-backend\node_modules\router\index.js:60:12)[39m
[31m    at Layer.handleRequest (C:\Users\Lenovo\Desktop\NewBranch\branch-backend\node_modules\router\lib\layer.js:152:17)[39m
[31m    at trimPrefix (C:\Users\Lenovo\Desktop\NewBranch\branch-backend\node_modules\router\index.js:342:13)[39m
[2026-07-29 17:28:20:2820] [[32minfo[39m]: [32mServer is running in development mode on port 8000[39m
[2026-07-29 17:28:29:2829] [[32minfo[39m]: [32mServer is running in development mode on port 8000[39m
[2026-07-29 17:28:38:2838] [[32minfo[39m]: [32mServer is running in development mode on port 8000[39m
[2026-07-29 17:52:09:529] [[31merror[39m]: [31mError: Invalid or expired authentication token.[39m
[31m    at auth (C:\Users\Lenovo\Desktop\NewBranch\branch-backend\src\middleware\auth.middleware.ts:44:13)[39m
[31m    at Layer.handleRequest (C:\Users\Lenovo\Desktop\NewBranch\branch-backend\node_modules\router\lib\layer.js:152:17)[39m
[31m    at trimPrefix (C:\Users\Lenovo\Desktop\NewBranch\branch-backend\node_modules\router\index.js:342:13)[39m
[31m    at C:\Users\Lenovo\Desktop\NewBranch\branch-backend\node_modules\router\index.js:297:9[39m
[31m    at processParams (C:\Users\Lenovo\Desktop\NewBranch\branch-backend\node_modules\router\index.js:582:12)[39m
[31m    at next (C:\Users\Lenovo\Desktop\NewBranch\branch-backend\node_modules\router\index.js:291:5)[39m
[31m    at Function.handle (C:\Users\Lenovo\Desktop\NewBranch\branch-backend\node_modules\router\index.js:186:3)[39m
[31m    at router (C:\Users\Lenovo\Desktop\NewBranch\branch-backend\node_modules\router\index.js:60:12)[39m
[31m    at Layer.handleRequest (C:\Users\Lenovo\Desktop\NewBranch\branch-backend\node_modules\router\lib\layer.js:152:17)[39m
[31m    at trimPrefix (C:\Users\Lenovo\Desktop\NewBranch\branch-backend\node_modules\router\index.js:342:13)[39m
[2026-07-29 18:14:33:1433] [[31merror[39m]: [31mError: Invalid or expired authentication token.[39m
[31m    at auth (C:\Users\Lenovo\Desktop\NewBranch\branch-backend\src\middleware\auth.middleware.ts:44:13)[39m
[31m    at Layer.handleRequest (C:\Users\Lenovo\Desktop\NewBranch\branch-backend\node_modules\router\lib\layer.js:152:17)[39m
[31m    at trimPrefix (C:\Users\Lenovo\Desktop\NewBranch\branch-backend\node_modules\router\index.js:342:13)[39m
[31m    at C:\Users\Lenovo\Desktop\NewBranch\branch-backend\node_modules\router\index.js:297:9[39m
[31m    at processParams (C:\Users\Lenovo\Desktop\NewBranch\branch-backend\node_modules\router\index.js:582:12)[39m
[31m    at next (C:\Users\Lenovo\Desktop\NewBranch\branch-backend\node_modules\router\index.js:291:5)[39m
[31m    at Function.handle (C:\Users\Lenovo\Desktop\NewBranch\branch-backend\node_modules\router\index.js:186:3)[39m
[31m    at router (C:\Users\Lenovo\Desktop\NewBranch\branch-backend\node_modules\router\index.js:60:12)[39m
[31m    at Layer.handleRequest (C:\Users\Lenovo\Desktop\NewBranch\branch-backend\node_modules\router\lib\layer.js:152:17)[39m
[31m    at trimPrefix (C:\Users\Lenovo\Desktop\NewBranch\branch-backend\node_modules\router\index.js:342:13)[39m
[2026-07-29 18:20:35:2035] [[32minfo[39m]: [32mServer is running in development mode on port 8000[39m
[2026-07-29 18:20:42:2042] [[32minfo[39m]: [32mServer is running in development mode on port 8000[39m
[2026-07-29 18:37:33:3733] [[32minfo[39m]: [32mServer is running in development mode on port 8000[39m
[2026-07-29 18:39:36:3936] [[31merror[39m]: [31mError: Invalid or expired authentication token.[39m
[31m    at auth (C:\Users\Lenovo\Desktop\NewBranch\branch-backend\src\middleware\auth.middleware.ts:44:13)[39m
[31m    at Layer.handleRequest (C:\Users\Lenovo\Desktop\NewBranch\branch-backend\node_modules\router\lib\layer.js:152:17)[39m
[31m    at trimPrefix (C:\Users\Lenovo\Desktop\NewBranch\branch-backend\node_modules\router\index.js:342:13)[39m
[31m    at C:\Users\Lenovo\Desktop\NewBranch\branch-backend\node_modules\router\index.js:297:9[39m
[31m    at processParams (C:\Users\Lenovo\Desktop\NewBranch\branch-backend\node_modules\router\index.js:582:12)[39m
[31m    at next (C:\Users\Lenovo\Desktop\NewBranch\branch-backend\node_modules\router\index.js:291:5)[39m
[31m    at Function.handle (C:\Users\Lenovo\Desktop\NewBranch\branch-backend\node_modules\router\index.js:186:3)[39m
[31m    at router (C:\Users\Lenovo\Desktop\NewBranch\branch-backend\node_modules\router\index.js:60:12)[39m
[31m    at Layer.handleRequest (C:\Users\Lenovo\Desktop\NewBranch\branch-backend\node_modules\router\lib\layer.js:152:17)[39m
[31m    at trimPrefix (C:\Users\Lenovo\Desktop\NewBranch\branch-backend\node_modules\router\index.js:342:13)[39m
[2026-07-29 19:02:33:233] [[31merror[39m]: [31mError: Invalid or expired authentication token.[39m
[31m    at auth (C:\Users\Lenovo\Desktop\NewBranch\branch-backend\src\middleware\auth.middleware.ts:44:13)[39m
[31m    at Layer.handleRequest (C:\Users\Lenovo\Desktop\NewBranch\branch-backend\node_modules\router\lib\layer.js:152:17)[39m
[31m    at trimPrefix (C:\Users\Lenovo\Desktop\NewBranch\branch-backend\node_modules\router\index.js:342:13)[39m
[31m    at C:\Users\Lenovo\Desktop\NewBranch\branch-backend\node_modules\router\index.js:297:9[39m
[31m    at processParams (C:\Users\Lenovo\Desktop\NewBranch\branch-backend\node_modules\router\index.js:582:12)[39m
[31m    at next (C:\Users\Lenovo\Desktop\NewBranch\branch-backend\node_modules\router\index.js:291:5)[39m
[31m    at Function.handle (C:\Users\Lenovo\Desktop\NewBranch\branch-backend\node_modules\router\index.js:186:3)[39m
[31m    at router (C:\Users\Lenovo\Desktop\NewBranch\branch-backend\node_modules\router\index.js:60:12)[39m
[31m    at Layer.handleRequest (C:\Users\Lenovo\Desktop\NewBranch\branch-backend\node_modules\router\lib\layer.js:152:17)[39m
[31m    at trimPrefix (C:\Users\Lenovo\Desktop\NewBranch\branch-backend\node_modules\router\index.js:342:13)[39m
[2026-07-30 10:05:35:535] [[31merror[39m]: [31mError: Invalid or expired authentication token.[39m
[31m    at auth (C:\Users\Lenovo\Desktop\NewBranch\branch-backend\src\middleware\auth.middleware.ts:44:13)[39m
[31m    at Layer.handleRequest (C:\Users\Lenovo\Desktop\NewBranch\branch-backend\node_modules\router\lib\layer.js:152:17)[39m
[31m    at trimPrefix (C:\Users\Lenovo\Desktop\NewBranch\branch-backend\node_modules\router\index.js:342:13)[39m
[31m    at C:\Users\Lenovo\Desktop\NewBranch\branch-backend\node_modules\router\index.js:297:9[39m
[31m    at processParams (C:\Users\Lenovo\Desktop\NewBranch\branch-backend\node_modules\router\index.js:582:12)[39m
[31m    at next (C:\Users\Lenovo\Desktop\NewBranch\branch-backend\node_modules\router\index.js:291:5)[39m
[31m    at Function.handle (C:\Users\Lenovo\Desktop\NewBranch\branch-backend\node_modules\router\index.js:186:3)[39m
[31m    at router (C:\Users\Lenovo\Desktop\NewBranch\branch-backend\node_modules\router\index.js:60:12)[39m
[31m    at Layer.handleRequest (C:\Users\Lenovo\Desktop\NewBranch\branch-backend\node_modules\router\lib\layer.js:152:17)[39m
[31m    at trimPrefix (C:\Users\Lenovo\Desktop\NewBranch\branch-backend\node_modules\router\index.js:342:13)[39m
[2026-07-30 10:28:26:2826] [[31merror[39m]: [31mError: Invalid or expired authentication token.[39m
[31m    at auth (C:\Users\Lenovo\Desktop\NewBranch\branch-backend\src\middleware\auth.middleware.ts:44:13)[39m
[31m    at Layer.handleRequest (C:\Users\Lenovo\Desktop\NewBranch\branch-backend\node_modules\router\lib\layer.js:152:17)[39m
[31m    at trimPrefix (C:\Users\Lenovo\Desktop\NewBranch\branch-backend\node_modules\router\index.js:342:13)[39m
[31m    at C:\Users\Lenovo\Desktop\NewBranch\branch-backend\node_modules\router\index.js:297:9[39m
[31m    at processParams (C:\Users\Lenovo\Desktop\NewBranch\branch-backend\node_modules\router\index.js:582:12)[39m
[31m    at next (C:\Users\Lenovo\Desktop\NewBranch\branch-backend\node_modules\router\index.js:291:5)[39m
[31m    at Function.handle (C:\Users\Lenovo\Desktop\NewBranch\branch-backend\node_modules\router\index.js:186:3)[39m
[31m    at router (C:\Users\Lenovo\Desktop\NewBranch\branch-backend\node_modules\router\index.js:60:12)[39m
[31m    at Layer.handleRequest (C:\Users\Lenovo\Desktop\NewBranch\branch-backend\node_modules\router\lib\layer.js:152:17)[39m
[31m    at trimPrefix (C:\Users\Lenovo\Desktop\NewBranch\branch-backend\node_modules\router\index.js:342:13)[39m
[2026-07-30 10:28:26:2826] [[31merror[39m]: [31mError: Invalid or expired authentication token.[39m
[31m    at auth (C:\Users\Lenovo\Desktop\NewBranch\branch-backend\src\middleware\auth.middleware.ts:44:13)[39m
[31m    at Layer.handleRequest (C:\Users\Lenovo\Desktop\NewBranch\branch-backend\node_modules\router\lib\layer.js:152:17)[39m
[31m    at trimPrefix (C:\Users\Lenovo\Desktop\NewBranch\branch-backend\node_modules\router\index.js:342:13)[39m
[31m    at C:\Users\Lenovo\Desktop\NewBranch\branch-backend\node_modules\router\index.js:297:9[39m
[31m    at processParams (C:\Users\Lenovo\Desktop\NewBranch\branch-backend\node_modules\router\index.js:582:12)[39m
[31m    at next (C:\Users\Lenovo\Desktop\NewBranch\branch-backend\node_modules\router\index.js:291:5)[39m
[31m    at Function.handle (C:\Users\Lenovo\Desktop\NewBranch\branch-backend\node_modules\router\index.js:186:3)[39m
[31m    at router (C:\Users\Lenovo\Desktop\NewBranch\branch-backend\node_modules\router\index.js:60:12)[39m
[31m    at Layer.handleRequest (C:\Users\Lenovo\Desktop\NewBranch\branch-backend\node_modules\router\lib\layer.js:152:17)[39m
[31m    at trimPrefix (C:\Users\Lenovo\Desktop\NewBranch\branch-backend\node_modules\router\index.js:342:13)[39m
[2026-07-30 10:28:26:2826] [[31merror[39m]: [31mError: Invalid or expired authentication token.[39m
[31m    at auth (C:\Users\Lenovo\Desktop\NewBranch\branch-backend\src\middleware\auth.middleware.ts:44:13)[39m
[31m    at Layer.handleRequest (C:\Users\Lenovo\Desktop\NewBranch\branch-backend\node_modules\router\lib\layer.js:152:17)[39m
[31m    at trimPrefix (C:\Users\Lenovo\Desktop\NewBranch\branch-backend\node_modules\router\index.js:342:13)[39m
[31m    at C:\Users\Lenovo\Desktop\NewBranch\branch-backend\node_modules\router\index.js:297:9[39m
[31m    at processParams (C:\Users\Lenovo\Desktop\NewBranch\branch-backend\node_modules\router\index.js:582:12)[39m
[31m    at next (C:\Users\Lenovo\Desktop\NewBranch\branch-backend\node_modules\router\index.js:291:5)[39m
[31m    at Function.handle (C:\Users\Lenovo\Desktop\NewBranch\branch-backend\node_modules\router\index.js:186:3)[39m
[31m    at router (C:\Users\Lenovo\Desktop\NewBranch\branch-backend\node_modules\router\index.js:60:12)[39m
[31m    at Layer.handleRequest (C:\Users\Lenovo\Desktop\NewBranch\branch-backend\node_modules\router\lib\layer.js:152:17)[39m
[31m    at trimPrefix (C:\Users\Lenovo\Desktop\NewBranch\branch-backend\node_modules\router\index.js:342:13)[39m
[2026-07-30 10:28:26:2826] [[31merror[39m]: [31mError: Invalid or expired authentication token.[39m
[31m    at auth (C:\Users\Lenovo\Desktop\NewBranch\branch-backend\src\middleware\auth.middleware.ts:44:13)[39m
[31m    at Layer.handleRequest (C:\Users\Lenovo\Desktop\NewBranch\branch-backend\node_modules\router\lib\layer.js:152:17)[39m
[31m    at trimPrefix (C:\Users\Lenovo\Desktop\NewBranch\branch-backend\node_modules\router\index.js:342:13)[39m
[31m    at C:\Users\Lenovo\Desktop\NewBranch\branch-backend\node_modules\router\index.js:297:9[39m
[31m    at processParams (C:\Users\Lenovo\Desktop\NewBranch\branch-backend\node_modules\router\index.js:582:12)[39m
[31m    at next (C:\Users\Lenovo\Desktop\NewBranch\branch-backend\node_modules\router\index.js:291:5)[39m
[31m    at Function.handle (C:\Users\Lenovo\Desktop\NewBranch\branch-backend\node_modules\router\index.js:186:3)[39m
[31m    at router (C:\Users\Lenovo\Desktop\NewBranch\branch-backend\node_modules\router\index.js:60:12)[39m
[31m    at Layer.handleRequest (C:\Users\Lenovo\Desktop\NewBranch\branch-backend\node_modules\router\lib\layer.js:152:17)[39m
[31m    at trimPrefix (C:\Users\Lenovo\Desktop\NewBranch\branch-backend\node_modules\router\index.js:342:13)[39m
[2026-07-30 10:28:26:2826] [[31merror[39m]: [31mError: Invalid or expired authentication token.[39m
[31m    at auth (C:\Users\Lenovo\Desktop\NewBranch\branch-backend\src\middleware\auth.middleware.ts:44:13)[39m
[31m    at Layer.handleRequest (C:\Users\Lenovo\Desktop\NewBranch\branch-backend\node_modules\router\lib\layer.js:152:17)[39m
[31m    at trimPrefix (C:\Users\Lenovo\Desktop\NewBranch\branch-backend\node_modules\router\index.js:342:13)[39m
[31m    at C:\Users\Lenovo\Desktop\NewBranch\branch-backend\node_modules\router\index.js:297:9[39m
[31m    at processParams (C:\Users\Lenovo\Desktop\NewBranch\branch-backend\node_modules\router\index.js:582:12)[39m
[31m    at next (C:\Users\Lenovo\Desktop\NewBranch\branch-backend\node_modules\router\index.js:291:5)[39m
[31m    at Function.handle (C:\Users\Lenovo\Desktop\NewBranch\branch-backend\node_modules\router\index.js:186:3)[39m
[31m    at router (C:\Users\Lenovo\Desktop\NewBranch\branch-backend\node_modules\router\index.js:60:12)[39m
[31m    at Layer.handleRequest (C:\Users\Lenovo\Desktop\NewBranch\branch-backend\node_modules\router\lib\layer.js:152:17)[39m
[31m    at trimPrefix (C:\Users\Lenovo\Desktop\NewBranch\branch-backend\node_modules\router\index.js:342:13)[39m
[2026-07-30 10:28:26:2826] [[31merror[39m]: [31mError: Invalid or expired authentication token.[39m
[31m    at auth (C:\Users\Lenovo\Desktop\NewBranch\branch-backend\src\middleware\auth.middleware.ts:44:13)[39m
[31m    at Layer.handleRequest (C:\Users\Lenovo\Desktop\NewBranch\branch-backend\node_modules\router\lib\layer.js:152:17)[39m
[31m    at trimPrefix (C:\Users\Lenovo\Desktop\NewBranch\branch-backend\node_modules\router\index.js:342:13)[39m
[31m    at C:\Users\Lenovo\Desktop\NewBranch\branch-backend\node_modules\router\index.js:297:9[39m
[31m    at processParams (C:\Users\Lenovo\Desktop\NewBranch\branch-backend\node_modules\router\index.js:582:12)[39m
[31m    at next (C:\Users\Lenovo\Desktop\NewBranch\branch-backend\node_modules\router\index.js:291:5)[39m
[31m    at Function.handle (C:\Users\Lenovo\Desktop\NewBranch\branch-backend\node_modules\router\index.js:186:3)[39m
[31m    at router (C:\Users\Lenovo\Desktop\NewBranch\branch-backend\node_modules\router\index.js:60:12)[39m
[31m    at Layer.handleRequest (C:\Users\Lenovo\Desktop\NewBranch\branch-backend\node_modules\router\lib\layer.js:152:17)[39m
[31m    at trimPrefix (C:\Users\Lenovo\Desktop\NewBranch\branch-backend\node_modules\router\index.js:342:13)[39m
[2026-07-30 10:28:26:2826] [[31merror[39m]: [31mError: Invalid or expired authentication token.[39m
[31m    at auth (C:\Users\Lenovo\Desktop\NewBranch\branch-backend\src\middleware\auth.middleware.ts:44:13)[39m
[31m    at Layer.handleRequest (C:\Users\Lenovo\Desktop\NewBranch\branch-backend\node_modules\router\lib\layer.js:152:17)[39m
[31m    at trimPrefix (C:\Users\Lenovo\Desktop\NewBranch\branch-backend\node_modules\router\index.js:342:13)[39m
[31m    at C:\Users\Lenovo\Desktop\NewBranch\branch-backend\node_modules\router\index.js:297:9[39m
[31m    at processParams (C:\Users\Lenovo\Desktop\NewBranch\branch-backend\node_modules\router\index.js:582:12)[39m
[31m    at next (C:\Users\Lenovo\Desktop\NewBranch\branch-backend\node_modules\router\index.js:291:5)[39m
[31m    at Function.handle (C:\Users\Lenovo\Desktop\NewBranch\branch-backend\node_modules\router\index.js:186:3)[39m
[31m    at router (C:\Users\Lenovo\Desktop\NewBranch\branch-backend\node_modules\router\index.js:60:12)[39m
[31m    at Layer.handleRequest (C:\Users\Lenovo\Desktop\NewBranch\branch-backend\node_modules\router\lib\layer.js:152:17)[39m
[31m    at trimPrefix (C:\Users\Lenovo\Desktop\NewBranch\branch-backend\node_modules\router\index.js:342:13)[39m
[2026-07-30 10:29:28:2928] [[32minfo[39m]: [32mServer is running in development mode on port 8000[39m
[2026-07-30 11:13:34:1334] [[31merror[39m]: [31mError: Invalid or expired authentication token.[39m
[31m    at auth (C:\Users\Lenovo\Desktop\NewBranch\branch-backend\src\middleware\auth.middleware.ts:44:13)[39m
[31m    at Layer.handleRequest (C:\Users\Lenovo\Desktop\NewBranch\branch-backend\node_modules\router\lib\layer.js:152:17)[39m
[31m    at trimPrefix (C:\Users\Lenovo\Desktop\NewBranch\branch-backend\node_modules\router\index.js:342:13)[39m
[31m    at C:\Users\Lenovo\Desktop\NewBranch\branch-backend\node_modules\router\index.js:297:9[39m
[31m    at processParams (C:\Users\Lenovo\Desktop\NewBranch\branch-backend\node_modules\router\index.js:582:12)[39m
[31m    at next (C:\Users\Lenovo\Desktop\NewBranch\branch-backend\node_modules\router\index.js:291:5)[39m
[31m    at Function.handle (C:\Users\Lenovo\Desktop\NewBranch\branch-backend\node_modules\router\index.js:186:3)[39m
[31m    at router (C:\Users\Lenovo\Desktop\NewBranch\branch-backend\node_modules\router\index.js:60:12)[39m
[31m    at Layer.handleRequest (C:\Users\Lenovo\Desktop\NewBranch\branch-backend\node_modules\router\lib\layer.js:152:17)[39m
[31m    at trimPrefix (C:\Users\Lenovo\Desktop\NewBranch\branch-backend\node_modules\router\index.js:342:13)[39m
[2026-07-30 11:13:34:1334] [[31merror[39m]: [31mError: Invalid or expired authentication token.[39m
[31m    at auth (C:\Users\Lenovo\Desktop\NewBranch\branch-backend\src\middleware\auth.middleware.ts:44:13)[39m
[31m    at Layer.handleRequest (C:\Users\Lenovo\Desktop\NewBranch\branch-backend\node_modules\router\lib\layer.js:152:17)[39m
[31m    at trimPrefix (C:\Users\Lenovo\Desktop\NewBranch\branch-backend\node_modules\router\index.js:342:13)[39m
[31m    at C:\Users\Lenovo\Desktop\NewBranch\branch-backend\node_modules\router\index.js:297:9[39m
[31m    at processParams (C:\Users\Lenovo\Desktop\NewBranch\branch-backend\node_modules\router\index.js:582:12)[39m
[31m    at next (C:\Users\Lenovo\Desktop\NewBranch\branch-backend\node_modules\router\index.js:291:5)[39m
[31m    at Function.handle (C:\Users\Lenovo\Desktop\NewBranch\branch-backend\node_modules\router\index.js:186:3)[39m
[31m    at router (C:\Users\Lenovo\Desktop\NewBranch\branch-backend\node_modules\router\index.js:60:12)[39m
[31m    at Layer.handleRequest (C:\Users\Lenovo\Desktop\NewBranch\branch-backend\node_modules\router\lib\layer.js:152:17)[39m
[31m    at trimPrefix (C:\Users\Lenovo\Desktop\NewBranch\branch-backend\node_modules\router\index.js:342:13)[39m
[2026-07-30 11:13:34:1334] [[31merror[39m]: [31mError: Invalid or expired authentication token.[39m
[31m    at auth (C:\Users\Lenovo\Desktop\NewBranch\branch-backend\src\middleware\auth.middleware.ts:44:13)[39m
[31m    at Layer.handleRequest (C:\Users\Lenovo\Desktop\NewBranch\branch-backend\node_modules\router\lib\layer.js:152:17)[39m
[31m    at trimPrefix (C:\Users\Lenovo\Desktop\NewBranch\branch-backend\node_modules\router\index.js:342:13)[39m
[31m    at C:\Users\Lenovo\Desktop\NewBranch\branch-backend\node_modules\router\index.js:297:9[39m
[31m    at processParams (C:\Users\Lenovo\Desktop\NewBranch\branch-backend\node_modules\router\index.js:582:12)[39m
[31m    at next (C:\Users\Lenovo\Desktop\NewBranch\branch-backend\node_modules\router\index.js:291:5)[39m
[31m    at Function.handle (C:\Users\Lenovo\Desktop\NewBranch\branch-backend\node_modules\router\index.js:186:3)[39m
[31m    at router (C:\Users\Lenovo\Desktop\NewBranch\branch-backend\node_modules\router\index.js:60:12)[39m
[31m    at Layer.handleRequest (C:\Users\Lenovo\Desktop\NewBranch\branch-backend\node_modules\router\lib\layer.js:152:17)[39m
[31m    at trimPrefix (C:\Users\Lenovo\Desktop\NewBranch\branch-backend\node_modules\router\index.js:342:13)[39m
[2026-07-30 11:13:34:1334] [[31merror[39m]: [31mError: Invalid or expired authentication token.[39m
[31m    at auth (C:\Users\Lenovo\Desktop\NewBranch\branch-backend\src\middleware\auth.middleware.ts:44:13)[39m
[31m    at Layer.handleRequest (C:\Users\Lenovo\Desktop\NewBranch\branch-backend\node_modules\router\lib\layer.js:152:17)[39m
[31m    at trimPrefix (C:\Users\Lenovo\Desktop\NewBranch\branch-backend\node_modules\router\index.js:342:13)[39m
[31m    at C:\Users\Lenovo\Desktop\NewBranch\branch-backend\node_modules\router\index.js:297:9[39m
[31m    at processParams (C:\Users\Lenovo\Desktop\NewBranch\branch-backend\node_modules\router\index.js:582:12)[39m
[31m    at next (C:\Users\Lenovo\Desktop\NewBranch\branch-backend\node_modules\router\index.js:291:5)[39m
[31m    at Function.handle (C:\Users\Lenovo\Desktop\NewBranch\branch-backend\node_modules\router\index.js:186:3)[39m
[31m    at router (C:\Users\Lenovo\Desktop\NewBranch\branch-backend\node_modules\router\index.js:60:12)[39m
[31m    at Layer.handleRequest (C:\Users\Lenovo\Desktop\NewBranch\branch-backend\node_modules\router\lib\layer.js:152:17)[39m
[31m    at trimPrefix (C:\Users\Lenovo\Desktop\NewBranch\branch-backend\node_modules\router\index.js:342:13)[39m
[2026-07-30 11:13:34:1334] [[31merror[39m]: [31mError: Invalid or expired authentication token.[39m
[31m    at auth (C:\Users\Lenovo\Desktop\NewBranch\branch-backend\src\middleware\auth.middleware.ts:44:13)[39m
[31m    at Layer.handleRequest (C:\Users\Lenovo\Desktop\NewBranch\branch-backend\node_modules\router\lib\layer.js:152:17)[39m
[31m    at trimPrefix (C:\Users\Lenovo\Desktop\NewBranch\branch-backend\node_modules\router\index.js:342:13)[39m
[31m    at C:\Users\Lenovo\Desktop\NewBranch\branch-backend\node_modules\router\index.js:297:9[39m
[31m    at processParams (C:\Users\Lenovo\Desktop\NewBranch\branch-backend\node_modules\router\index.js:582:12)[39m
[31m    at next (C:\Users\Lenovo\Desktop\NewBranch\branch-backend\node_modules\router\index.js:291:5)[39m
[31m    at Function.handle (C:\Users\Lenovo\Desktop\NewBranch\branch-backend\node_modules\router\index.js:186:3)[39m
[31m    at router (C:\Users\Lenovo\Desktop\NewBranch\branch-backend\node_modules\router\index.js:60:12)[39m
[31m    at Layer.handleRequest (C:\Users\Lenovo\Desktop\NewBranch\branch-backend\node_modules\router\lib\layer.js:152:17)[39m
[31m    at trimPrefix (C:\Users\Lenovo\Desktop\NewBranch\branch-backend\node_modules\router\index.js:342:13)[39m
[2026-07-30 11:13:34:1334] [[31merror[39m]: [31mError: Invalid or expired authentication token.[39m
[31m    at auth (C:\Users\Lenovo\Desktop\NewBranch\branch-backend\src\middleware\auth.middleware.ts:44:13)[39m
[31m    at Layer.handleRequest (C:\Users\Lenovo\Desktop\NewBranch\branch-backend\node_modules\router\lib\layer.js:152:17)[39m
[31m    at trimPrefix (C:\Users\Lenovo\Desktop\NewBranch\branch-backend\node_modules\router\index.js:342:13)[39m
[31m    at C:\Users\Lenovo\Desktop\NewBranch\branch-backend\node_modules\router\index.js:297:9[39m
[31m    at processParams (C:\Users\Lenovo\Desktop\NewBranch\branch-backend\node_modules\router\index.js:582:12)[39m
[31m    at next (C:\Users\Lenovo\Desktop\NewBranch\branch-backend\node_modules\router\index.js:291:5)[39m
[31m    at Function.handle (C:\Users\Lenovo\Desktop\NewBranch\branch-backend\node_modules\router\index.js:186:3)[39m
[31m    at router (C:\Users\Lenovo\Desktop\NewBranch\branch-backend\node_modules\router\index.js:60:12)[39m
[31m    at Layer.handleRequest (C:\Users\Lenovo\Desktop\NewBranch\branch-backend\node_modules\router\lib\layer.js:152:17)[39m
[31m    at trimPrefix (C:\Users\Lenovo\Desktop\NewBranch\branch-backend\node_modules\router\index.js:342:13)[39m
[2026-07-30 11:14:07:147] [[31merror[39m]: [31mTypeError: Cannot read properties of undefined (reading 'findMany')[39m
[31m    at ContactsService.getContacts (C:\Users\Lenovo\Desktop\NewBranch\branch-backend\src\modules\contacts\contacts.service.ts:6:27)[39m
[31m    at getAll (C:\Users\Lenovo\Desktop\NewBranch\branch-backend\src\modules\contacts\contacts.controller.ts:9:46)[39m
[31m    at Layer.handleRequest (C:\Users\Lenovo\Desktop\NewBranch\branch-backend\node_modules\router\lib\layer.js:152:17)[39m
[31m    at next (C:\Users\Lenovo\Desktop\NewBranch\branch-backend\node_modules\router\lib\route.js:157:13)[39m
[31m    at <anonymous> (C:\Users\Lenovo\Desktop\NewBranch\branch-backend\src\middleware\rbac.middleware.ts:18:5)[39m
[31m    at Layer.handleRequest (C:\Users\Lenovo\Desktop\NewBranch\branch-backend\node_modules\router\lib\layer.js:152:17)[39m
[31m    at next (C:\Users\Lenovo\Desktop\NewBranch\branch-backend\node_modules\router\lib\route.js:157:13)[39m
[31m    at Route.dispatch (C:\Users\Lenovo\Desktop\NewBranch\branch-backend\node_modules\router\lib\route.js:117:3)[39m
[31m    at handle (C:\Users\Lenovo\Desktop\NewBranch\branch-backend\node_modules\router\index.js:435:11)[39m
[31m    at Layer.handleRequest (C:\Users\Lenovo\Desktop\NewBranch\branch-backend\node_modules\router\lib\layer.js:152:17)[39m
[2026-07-30 11:14:08:148] [[31merror[39m]: [31mTypeError: Cannot read properties of undefined (reading 'findMany')[39m
[31m    at ContactsService.getContacts (C:\Users\Lenovo\Desktop\NewBranch\branch-backend\src\modules\contacts\contacts.service.ts:6:27)[39m
[31m    at getAll (C:\Users\Lenovo\Desktop\NewBranch\branch-backend\src\modules\contacts\contacts.controller.ts:9:46)[39m
[31m    at Layer.handleRequest (C:\Users\Lenovo\Desktop\NewBranch\branch-backend\node_modules\router\lib\layer.js:152:17)[39m
[31m    at next (C:\Users\Lenovo\Desktop\NewBranch\branch-backend\node_modules\router\lib\route.js:157:13)[39m
[31m    at <anonymous> (C:\Users\Lenovo\Desktop\NewBranch\branch-backend\src\middleware\rbac.middleware.ts:18:5)[39m
[31m    at Layer.handleRequest (C:\Users\Lenovo\Desktop\NewBranch\branch-backend\node_modules\router\lib\layer.js:152:17)[39m
[31m    at next (C:\Users\Lenovo\Desktop\NewBranch\branch-backend\node_modules\router\lib\route.js:157:13)[39m
[31m    at Route.dispatch (C:\Users\Lenovo\Desktop\NewBranch\branch-backend\node_modules\router\lib\route.js:117:3)[39m
[31m    at handle (C:\Users\Lenovo\Desktop\NewBranch\branch-backend\node_modules\router\index.js:435:11)[39m
[31m    at Layer.handleRequest (C:\Users\Lenovo\Desktop\NewBranch\branch-backend\node_modules\router\lib\layer.js:152:17)[39m
[2026-07-30 11:34:33:3433] [[32minfo[39m]: [32mServer is running in development mode on port 8000[39m
[2026-07-30 11:34:59:3459] [[32minfo[39m]: [32mServer is running in development mode on port 8000[39m
[2026-07-30 11:35:08:358] [[32minfo[39m]: [32mServer is running in development mode on port 8000[39m
[2026-07-30 11:39:17:3917] [[31merror[39m]: [31mError: Invalid or expired authentication token.[39m
[31m    at auth (C:\Users\Lenovo\Desktop\NewBranch\branch-backend\src\middleware\auth.middleware.ts:44:13)[39m
[31m    at Layer.handleRequest (C:\Users\Lenovo\Desktop\NewBranch\branch-backend\node_modules\router\lib\layer.js:152:17)[39m
[31m    at trimPrefix (C:\Users\Lenovo\Desktop\NewBranch\branch-backend\node_modules\router\index.js:342:13)[39m
[31m    at C:\Users\Lenovo\Desktop\NewBranch\branch-backend\node_modules\router\index.js:297:9[39m
[31m    at processParams (C:\Users\Lenovo\Desktop\NewBranch\branch-backend\node_modules\router\index.js:582:12)[39m
[31m    at next (C:\Users\Lenovo\Desktop\NewBranch\branch-backend\node_modules\router\index.js:291:5)[39m
[31m    at Function.handle (C:\Users\Lenovo\Desktop\NewBranch\branch-backend\node_modules\router\index.js:186:3)[39m
[31m    at router (C:\Users\Lenovo\Desktop\NewBranch\branch-backend\node_modules\router\index.js:60:12)[39m
[31m    at Layer.handleRequest (C:\Users\Lenovo\Desktop\NewBranch\branch-backend\node_modules\router\lib\layer.js:152:17)[39m
[31m    at trimPrefix (C:\Users\Lenovo\Desktop\NewBranch\branch-backend\node_modules\router\index.js:342:13)[39m
[2026-07-30 11:43:27:4327] [[32minfo[39m]: [32mServer is running in development mode on port 8000[39m
[2026-07-30 11:55:17:5517] [[31merror[39m]: [31mError: Invalid or expired authentication token.[39m
[31m    at auth (C:\Users\Lenovo\Desktop\NewBranch\branch-backend\src\middleware\auth.middleware.ts:44:13)[39m
[31m    at Layer.handleRequest (C:\Users\Lenovo\Desktop\NewBranch\branch-backend\node_modules\router\lib\layer.js:152:17)[39m
[31m    at trimPrefix (C:\Users\Lenovo\Desktop\NewBranch\branch-backend\node_modules\router\index.js:342:13)[39m
[31m    at C:\Users\Lenovo\Desktop\NewBranch\branch-backend\node_modules\router\index.js:297:9[39m
[31m    at processParams (C:\Users\Lenovo\Desktop\NewBranch\branch-backend\node_modules\router\index.js:582:12)[39m
[31m    at next (C:\Users\Lenovo\Desktop\NewBranch\branch-backend\node_modules\router\index.js:291:5)[39m
[31m    at Function.handle (C:\Users\Lenovo\Desktop\NewBranch\branch-backend\node_modules\router\index.js:186:3)[39m
[31m    at router (C:\Users\Lenovo\Desktop\NewBranch\branch-backend\node_modules\router\index.js:60:12)[39m
[31m    at Layer.handleRequest (C:\Users\Lenovo\Desktop\NewBranch\branch-backend\node_modules\router\lib\layer.js:152:17)[39m
[31m    at trimPrefix (C:\Users\Lenovo\Desktop\NewBranch\branch-backend\node_modules\router\index.js:342:13)[39m
[2026-07-30 12:11:39:1139] [[31merror[39m]: [31mError: Invalid or expired authentication token.[39m
[31m    at auth (C:\Users\Lenovo\Desktop\NewBranch\branch-backend\src\middleware\auth.middleware.ts:44:13)[39m
[31m    at Layer.handleRequest (C:\Users\Lenovo\Desktop\NewBranch\branch-backend\node_modules\router\lib\layer.js:152:17)[39m
[31m    at trimPrefix (C:\Users\Lenovo\Desktop\NewBranch\branch-backend\node_modules\router\index.js:342:13)[39m
[31m    at C:\Users\Lenovo\Desktop\NewBranch\branch-backend\node_modules\router\index.js:297:9[39m
[31m    at processParams (C:\Users\Lenovo\Desktop\NewBranch\branch-backend\node_modules\router\index.js:582:12)[39m
[31m    at next (C:\Users\Lenovo\Desktop\NewBranch\branch-backend\node_modules\router\index.js:291:5)[39m
[31m    at Function.handle (C:\Users\Lenovo\Desktop\NewBranch\branch-backend\node_modules\router\index.js:186:3)[39m
[31m    at router (C:\Users\Lenovo\Desktop\NewBranch\branch-backend\node_modules\router\index.js:60:12)[39m
[31m    at Layer.handleRequest (C:\Users\Lenovo\Desktop\NewBranch\branch-backend\node_modules\router\lib\layer.js:152:17)[39m
[31m    at trimPrefix (C:\Users\Lenovo\Desktop\NewBranch\branch-backend\node_modules\router\index.js:342:13)[39m
[2026-07-30 12:11:39:1139] [[31merror[39m]: [31mError: Invalid or expired authentication token.[39m
[31m    at auth (C:\Users\Lenovo\Desktop\NewBranch\branch-backend\src\middleware\auth.middleware.ts:44:13)[39m
[31m    at Layer.handleRequest (C:\Users\Lenovo\Desktop\NewBranch\branch-backend\node_modules\router\lib\layer.js:152:17)[39m
[31m    at trimPrefix (C:\Users\Lenovo\Desktop\NewBranch\branch-backend\node_modules\router\index.js:342:13)[39m
[31m    at C:\Users\Lenovo\Desktop\NewBranch\branch-backend\node_modules\router\index.js:297:9[39m
[31m    at processParams (C:\Users\Lenovo\Desktop\NewBranch\branch-backend\node_modules\router\index.js:582:12)[39m
[31m    at next (C:\Users\Lenovo\Desktop\NewBranch\branch-backend\node_modules\router\index.js:291:5)[39m
[31m    at Function.handle (C:\Users\Lenovo\Desktop\NewBranch\branch-backend\node_modules\router\index.js:186:3)[39m
[31m    at router (C:\Users\Lenovo\Desktop\NewBranch\branch-backend\node_modules\router\index.js:60:12)[39m
[31m    at Layer.handleRequest (C:\Users\Lenovo\Desktop\NewBranch\branch-backend\node_modules\router\lib\layer.js:152:17)[39m
[31m    at trimPrefix (C:\Users\Lenovo\Desktop\NewBranch\branch-backend\node_modules\router\index.js:342:13)[39m
[2026-07-30 12:11:39:1139] [[31merror[39m]: [31mError: Invalid or expired authentication token.[39m
[31m    at auth (C:\Users\Lenovo\Desktop\NewBranch\branch-backend\src\middleware\auth.middleware.ts:44:13)[39m
[31m    at Layer.handleRequest (C:\Users\Lenovo\Desktop\NewBranch\branch-backend\node_modules\router\lib\layer.js:152:17)[39m
[31m    at trimPrefix (C:\Users\Lenovo\Desktop\NewBranch\branch-backend\node_modules\router\index.js:342:13)[39m
[31m    at C:\Users\Lenovo\Desktop\NewBranch\branch-backend\node_modules\router\index.js:297:9[39m
[31m    at processParams (C:\Users\Lenovo\Desktop\NewBranch\branch-backend\node_modules\router\index.js:582:12)[39m
[31m    at next (C:\Users\Lenovo\Desktop\NewBranch\branch-backend\node_modules\router\index.js:291:5)[39m
[31m    at Function.handle (C:\Users\Lenovo\Desktop\NewBranch\branch-backend\node_modules\router\index.js:186:3)[39m
[31m    at router (C:\Users\Lenovo\Desktop\NewBranch\branch-backend\node_modules\router\index.js:60:12)[39m
[31m    at Layer.handleRequest (C:\Users\Lenovo\Desktop\NewBranch\branch-backend\node_modules\router\lib\layer.js:152:17)[39m
[31m    at trimPrefix (C:\Users\Lenovo\Desktop\NewBranch\branch-backend\node_modules\router\index.js:342:13)[39m
[2026-07-30 12:11:39:1139] [[31merror[39m]: [31mError: Invalid or expired authentication token.[39m
[31m    at auth (C:\Users\Lenovo\Desktop\NewBranch\branch-backend\src\middleware\auth.middleware.ts:44:13)[39m
[31m    at Layer.handleRequest (C:\Users\Lenovo\Desktop\NewBranch\branch-backend\node_modules\router\lib\layer.js:152:17)[39m
[31m    at trimPrefix (C:\Users\Lenovo\Desktop\NewBranch\branch-backend\node_modules\router\index.js:342:13)[39m
[31m    at C:\Users\Lenovo\Desktop\NewBranch\branch-backend\node_modules\router\index.js:297:9[39m
[31m    at processParams (C:\Users\Lenovo\Desktop\NewBranch\branch-backend\node_modules\router\index.js:582:12)[39m
[31m    at next (C:\Users\Lenovo\Desktop\NewBranch\branch-backend\node_modules\router\index.js:291:5)[39m
[31m    at Function.handle (C:\Users\Lenovo\Desktop\NewBranch\branch-backend\node_modules\router\index.js:186:3)[39m
[31m    at router (C:\Users\Lenovo\Desktop\NewBranch\branch-backend\node_modules\router\index.js:60:12)[39m
[31m    at Layer.handleRequest (C:\Users\Lenovo\Desktop\NewBranch\branch-backend\node_modules\router\lib\layer.js:152:17)[39m
[31m    at trimPrefix (C:\Users\Lenovo\Desktop\NewBranch\branch-backend\node_modules\router\index.js:342:13)[39m
[2026-07-30 12:28:04:284] [[31merror[39m]: [31mError: Invalid or expired authentication token.[39m
[31m    at auth (C:\Users\Lenovo\Desktop\NewBranch\branch-backend\src\middleware\auth.middleware.ts:44:13)[39m
[31m    at Layer.handleRequest (C:\Users\Lenovo\Desktop\NewBranch\branch-backend\node_modules\router\lib\layer.js:152:17)[39m
[31m    at trimPrefix (C:\Users\Lenovo\Desktop\NewBranch\branch-backend\node_modules\router\index.js:342:13)[39m
[31m    at C:\Users\Lenovo\Desktop\NewBranch\branch-backend\node_modules\router\index.js:297:9[39m
[31m    at processParams (C:\Users\Lenovo\Desktop\NewBranch\branch-backend\node_modules\router\index.js:582:12)[39m
[31m    at next (C:\Users\Lenovo\Desktop\NewBranch\branch-backend\node_modules\router\index.js:291:5)[39m
[31m    at Function.handle (C:\Users\Lenovo\Desktop\NewBranch\branch-backend\node_modules\router\index.js:186:3)[39m
[31m    at router (C:\Users\Lenovo\Desktop\NewBranch\branch-backend\node_modules\router\index.js:60:12)[39m
[31m    at Layer.handleRequest (C:\Users\Lenovo\Desktop\NewBranch\branch-backend\node_modules\router\lib\layer.js:152:17)[39m
[31m    at trimPrefix (C:\Users\Lenovo\Desktop\NewBranch\branch-backend\node_modules\router\index.js:342:13)[39m
[2026-07-30 12:28:04:284] [[31merror[39m]: [31mError: Invalid or expired authentication token.[39m
[31m    at auth (C:\Users\Lenovo\Desktop\NewBranch\branch-backend\src\middleware\auth.middleware.ts:44:13)[39m
[31m    at Layer.handleRequest (C:\Users\Lenovo\Desktop\NewBranch\branch-backend\node_modules\router\lib\layer.js:152:17)[39m
[31m    at trimPrefix (C:\Users\Lenovo\Desktop\NewBranch\branch-backend\node_modules\router\index.js:342:13)[39m
[31m    at C:\Users\Lenovo\Desktop\NewBranch\branch-backend\node_modules\router\index.js:297:9[39m
[31m    at processParams (C:\Users\Lenovo\Desktop\NewBranch\branch-backend\node_modules\router\index.js:582:12)[39m
[31m    at next (C:\Users\Lenovo\Desktop\NewBranch\branch-backend\node_modules\router\index.js:291:5)[39m
[31m    at Function.handle (C:\Users\Lenovo\Desktop\NewBranch\branch-backend\node_modules\router\index.js:186:3)[39m
[31m    at router (C:\Users\Lenovo\Desktop\NewBranch\branch-backend\node_modules\router\index.js:60:12)[39m
[31m    at Layer.handleRequest (C:\Users\Lenovo\Desktop\NewBranch\branch-backend\node_modules\router\lib\layer.js:152:17)[39m
[31m    at trimPrefix (C:\Users\Lenovo\Desktop\NewBranch\branch-backend\node_modules\router\index.js:342:13)[39m
[2026-07-30 12:28:04:284] [[31merror[39m]: [31mError: Invalid or expired authentication token.[39m
[31m    at auth (C:\Users\Lenovo\Desktop\NewBranch\branch-backend\src\middleware\auth.middleware.ts:44:13)[39m
[31m    at Layer.handleRequest (C:\Users\Lenovo\Desktop\NewBranch\branch-backend\node_modules\router\lib\layer.js:152:17)[39m
[31m    at trimPrefix (C:\Users\Lenovo\Desktop\NewBranch\branch-backend\node_modules\router\index.js:342:13)[39m
[31m    at C:\Users\Lenovo\Desktop\NewBranch\branch-backend\node_modules\router\index.js:297:9[39m
[31m    at processParams (C:\Users\Lenovo\Desktop\NewBranch\branch-backend\node_modules\router\index.js:582:12)[39m
[31m    at next (C:\Users\Lenovo\Desktop\NewBranch\branch-backend\node_modules\router\index.js:291:5)[39m
[31m    at Function.handle (C:\Users\Lenovo\Desktop\NewBranch\branch-backend\node_modules\router\index.js:186:3)[39m
[31m    at router (C:\Users\Lenovo\Desktop\NewBranch\branch-backend\node_modules\router\index.js:60:12)[39m
[31m    at Layer.handleRequest (C:\Users\Lenovo\Desktop\NewBranch\branch-backend\node_modules\router\lib\layer.js:152:17)[39m
[31m    at trimPrefix (C:\Users\Lenovo\Desktop\NewBranch\branch-backend\node_modules\router\index.js:342:13)[39m
[2026-07-30 12:28:04:284] [[31merror[39m]: [31mError: Invalid or expired authentication token.[39m
[31m    at auth (C:\Users\Lenovo\Desktop\NewBranch\branch-backend\src\middleware\auth.middleware.ts:44:13)[39m
[31m    at Layer.handleRequest (C:\Users\Lenovo\Desktop\NewBranch\branch-backend\node_modules\router\lib\layer.js:152:17)[39m
[31m    at trimPrefix (C:\Users\Lenovo\Desktop\NewBranch\branch-backend\node_modules\router\index.js:342:13)[39m
[31m    at C:\Users\Lenovo\Desktop\NewBranch\branch-backend\node_modules\router\index.js:297:9[39m
[31m    at processParams (C:\Users\Lenovo\Desktop\NewBranch\branch-backend\node_modules\router\index.js:582:12)[39m
[31m    at next (C:\Users\Lenovo\Desktop\NewBranch\branch-backend\node_modules\router\index.js:291:5)[39m
[31m    at Function.handle (C:\Users\Lenovo\Desktop\NewBranch\branch-backend\node_modules\router\index.js:186:3)[39m
[31m    at router (C:\Users\Lenovo\Desktop\NewBranch\branch-backend\node_modules\router\index.js:60:12)[39m
[31m    at Layer.handleRequest (C:\Users\Lenovo\Desktop\NewBranch\branch-backend\node_modules\router\lib\layer.js:152:17)[39m
[31m    at trimPrefix (C:\Users\Lenovo\Desktop\NewBranch\branch-backend\node_modules\router\index.js:342:13)[39m
[2026-07-30 12:43:45:4345] [[32minfo[39m]: [32mServer is running in development mode on port 8000[39m
[2026-07-30 12:43:54:4354] [[32minfo[39m]: [32mServer is running in development mode on port 8000[39m
[2026-07-30 12:43:59:4359] [[31merror[39m]: [31mError: Invalid or expired authentication token.[39m
[31m    at auth (C:\Users\Lenovo\Desktop\NewBranch\branch-backend\src\middleware\auth.middleware.ts:44:13)[39m
[31m    at Layer.handleRequest (C:\Users\Lenovo\Desktop\NewBranch\branch-backend\node_modules\router\lib\layer.js:152:17)[39m
[31m    at trimPrefix (C:\Users\Lenovo\Desktop\NewBranch\branch-backend\node_modules\router\index.js:342:13)[39m
[31m    at C:\Users\Lenovo\Desktop\NewBranch\branch-backend\node_modules\router\index.js:297:9[39m
[31m    at processParams (C:\Users\Lenovo\Desktop\NewBranch\branch-backend\node_modules\router\index.js:582:12)[39m
[31m    at next (C:\Users\Lenovo\Desktop\NewBranch\branch-backend\node_modules\router\index.js:291:5)[39m
[31m    at Function.handle (C:\Users\Lenovo\Desktop\NewBranch\branch-backend\node_modules\router\index.js:186:3)[39m
[31m    at router (C:\Users\Lenovo\Desktop\NewBranch\branch-backend\node_modules\router\index.js:60:12)[39m
[31m    at Layer.handleRequest (C:\Users\Lenovo\Desktop\NewBranch\branch-backend\node_modules\router\lib\layer.js:152:17)[39m
[31m    at trimPrefix (C:\Users\Lenovo\Desktop\NewBranch\branch-backend\node_modules\router\index.js:342:13)[39m
[2026-07-30 12:43:59:4359] [[31merror[39m]: [31mError: Invalid or expired authentication token.[39m
[31m    at auth (C:\Users\Lenovo\Desktop\NewBranch\branch-backend\src\middleware\auth.middleware.ts:44:13)[39m
[31m    at Layer.handleRequest (C:\Users\Lenovo\Desktop\NewBranch\branch-backend\node_modules\router\lib\layer.js:152:17)[39m
[31m    at trimPrefix (C:\Users\Lenovo\Desktop\NewBranch\branch-backend\node_modules\router\index.js:342:13)[39m
[31m    at C:\Users\Lenovo\Desktop\NewBranch\branch-backend\node_modules\router\index.js:297:9[39m
[31m    at processParams (C:\Users\Lenovo\Desktop\NewBranch\branch-backend\node_modules\router\index.js:582:12)[39m
[31m    at next (C:\Users\Lenovo\Desktop\NewBranch\branch-backend\node_modules\router\index.js:291:5)[39m
[31m    at Function.handle (C:\Users\Lenovo\Desktop\NewBranch\branch-backend\node_modules\router\index.js:186:3)[39m
[31m    at router (C:\Users\Lenovo\Desktop\NewBranch\branch-backend\node_modules\router\index.js:60:12)[39m
[31m    at Layer.handleRequest (C:\Users\Lenovo\Desktop\NewBranch\branch-backend\node_modules\router\lib\layer.js:152:17)[39m
[31m    at trimPrefix (C:\Users\Lenovo\Desktop\NewBranch\branch-backend\node_modules\router\index.js:342:13)[39m
[2026-07-30 12:43:59:4359] [[31merror[39m]: [31mError: Invalid or expired authentication token.[39m
[31m    at auth (C:\Users\Lenovo\Desktop\NewBranch\branch-backend\src\middleware\auth.middleware.ts:44:13)[39m
[31m    at Layer.handleRequest (C:\Users\Lenovo\Desktop\NewBranch\branch-backend\node_modules\router\lib\layer.js:152:17)[39m
[31m    at trimPrefix (C:\Users\Lenovo\Desktop\NewBranch\branch-backend\node_modules\router\index.js:342:13)[39m
[31m    at C:\Users\Lenovo\Desktop\NewBranch\branch-backend\node_modules\router\index.js:297:9[39m
[31m    at processParams (C:\Users\Lenovo\Desktop\NewBranch\branch-backend\node_modules\router\index.js:582:12)[39m
[31m    at next (C:\Users\Lenovo\Desktop\NewBranch\branch-backend\node_modules\router\index.js:291:5)[39m
[31m    at Function.handle (C:\Users\Lenovo\Desktop\NewBranch\branch-backend\node_modules\router\index.js:186:3)[39m
[31m    at router (C:\Users\Lenovo\Desktop\NewBranch\branch-backend\node_modules\router\index.js:60:12)[39m
[31m    at Layer.handleRequest (C:\Users\Lenovo\Desktop\NewBranch\branch-backend\node_modules\router\lib\layer.js:152:17)[39m
[31m    at trimPrefix (C:\Users\Lenovo\Desktop\NewBranch\branch-backend\node_modules\router\index.js:342:13)[39m
[2026-07-30 12:43:59:4359] [[31merror[39m]: [31mError: Invalid or expired authentication token.[39m
[31m    at auth (C:\Users\Lenovo\Desktop\NewBranch\branch-backend\src\middleware\auth.middleware.ts:44:13)[39m
[31m    at Layer.handleRequest (C:\Users\Lenovo\Desktop\NewBranch\branch-backend\node_modules\router\lib\layer.js:152:17)[39m
[31m    at trimPrefix (C:\Users\Lenovo\Desktop\NewBranch\branch-backend\node_modules\router\index.js:342:13)[39m
[31m    at C:\Users\Lenovo\Desktop\NewBranch\branch-backend\node_modules\router\index.js:297:9[39m
[31m    at processParams (C:\Users\Lenovo\Desktop\NewBranch\branch-backend\node_modules\router\index.js:582:12)[39m
[31m    at next (C:\Users\Lenovo\Desktop\NewBranch\branch-backend\node_modules\router\index.js:291:5)[39m
[31m    at Function.handle (C:\Users\Lenovo\Desktop\NewBranch\branch-backend\node_modules\router\index.js:186:3)[39m
[31m    at router (C:\Users\Lenovo\Desktop\NewBranch\branch-backend\node_modules\router\index.js:60:12)[39m
[31m    at Layer.handleRequest (C:\Users\Lenovo\Desktop\NewBranch\branch-backend\node_modules\router\lib\layer.js:152:17)[39m
[31m    at trimPrefix (C:\Users\Lenovo\Desktop\NewBranch\branch-backend\node_modules\router\index.js:342:13)[39m
[2026-07-30 12:44:10:4410] [[32minfo[39m]: [32mServer is running in development mode on port 8000[39m
[2026-07-30 15:29:20:2920] [[31merror[39m]: [31mError: Invalid or expired authentication token.[39m
[31m    at auth (C:\Users\Lenovo\Desktop\NewBranch\branch-backend\src\middleware\auth.middleware.ts:44:13)[39m
[31m    at Layer.handleRequest (C:\Users\Lenovo\Desktop\NewBranch\branch-backend\node_modules\router\lib\layer.js:152:17)[39m
[31m    at trimPrefix (C:\Users\Lenovo\Desktop\NewBranch\branch-backend\node_modules\router\index.js:342:13)[39m
[31m    at C:\Users\Lenovo\Desktop\NewBranch\branch-backend\node_modules\router\index.js:297:9[39m
[31m    at processParams (C:\Users\Lenovo\Desktop\NewBranch\branch-backend\node_modules\router\index.js:582:12)[39m
[31m    at next (C:\Users\Lenovo\Desktop\NewBranch\branch-backend\node_modules\router\index.js:291:5)[39m
[31m    at Function.handle (C:\Users\Lenovo\Desktop\NewBranch\branch-backend\node_modules\router\index.js:186:3)[39m
[31m    at router (C:\Users\Lenovo\Desktop\NewBranch\branch-backend\node_modules\router\index.js:60:12)[39m
[31m    at Layer.handleRequest (C:\Users\Lenovo\Desktop\NewBranch\branch-backend\node_modules\router\lib\layer.js:152:17)[39m
[31m    at trimPrefix (C:\Users\Lenovo\Desktop\NewBranch\branch-backend\node_modules\router\index.js:342:13)[39m
[2026-07-30 16:27:39:2739] [[31merror[39m]: [31mError: Invalid or expired authentication token.[39m
[31m    at auth (C:\Users\Lenovo\Desktop\NewBranch\branch-backend\src\middleware\auth.middleware.ts:44:13)[39m
[31m    at Layer.handleRequest (C:\Users\Lenovo\Desktop\NewBranch\branch-backend\node_modules\router\lib\layer.js:152:17)[39m
[31m    at trimPrefix (C:\Users\Lenovo\Desktop\NewBranch\branch-backend\node_modules\router\index.js:342:13)[39m
[31m    at C:\Users\Lenovo\Desktop\NewBranch\branch-backend\node_modules\router\index.js:297:9[39m
[31m    at processParams (C:\Users\Lenovo\Desktop\NewBranch\branch-backend\node_modules\router\index.js:582:12)[39m
[31m    at next (C:\Users\Lenovo\Desktop\NewBranch\branch-backend\node_modules\router\index.js:291:5)[39m
[31m    at Function.handle (C:\Users\Lenovo\Desktop\NewBranch\branch-backend\node_modules\router\index.js:186:3)[39m
[31m    at router (C:\Users\Lenovo\Desktop\NewBranch\branch-backend\node_modules\router\index.js:60:12)[39m
[31m    at Layer.handleRequest (C:\Users\Lenovo\Desktop\NewBranch\branch-backend\node_modules\router\lib\layer.js:152:17)[39m
[31m    at trimPrefix (C:\Users\Lenovo\Desktop\NewBranch\branch-backend\node_modules\router\index.js:342:13)[39m
[2026-07-30 16:46:06:466] [[31merror[39m]: [31mError: Invalid or expired authentication token.[39m
[31m    at auth (C:\Users\Lenovo\Desktop\NewBranch\branch-backend\src\middleware\auth.middleware.ts:44:13)[39m
[31m    at Layer.handleRequest (C:\Users\Lenovo\Desktop\NewBranch\branch-backend\node_modules\router\lib\layer.js:152:17)[39m
[31m    at trimPrefix (C:\Users\Lenovo\Desktop\NewBranch\branch-backend\node_modules\router\index.js:342:13)[39m
[31m    at C:\Users\Lenovo\Desktop\NewBranch\branch-backend\node_modules\router\index.js:297:9[39m
[31m    at processParams (C:\Users\Lenovo\Desktop\NewBranch\branch-backend\node_modules\router\index.js:582:12)[39m
[31m    at next (C:\Users\Lenovo\Desktop\NewBranch\branch-backend\node_modules\router\index.js:291:5)[39m
[31m    at Function.handle (C:\Users\Lenovo\Desktop\NewBranch\branch-backend\node_modules\router\index.js:186:3)[39m
[31m    at router (C:\Users\Lenovo\Desktop\NewBranch\branch-backend\node_modules\router\index.js:60:12)[39m
[31m    at Layer.handleRequest (C:\Users\Lenovo\Desktop\NewBranch\branch-backend\node_modules\router\lib\layer.js:152:17)[39m
[31m    at trimPrefix (C:\Users\Lenovo\Desktop\NewBranch\branch-backend\node_modules\router\index.js:342:13)[39m
[2026-07-30 17:02:09:29] [[31merror[39m]: [31mError: Invalid or expired authentication token.[39m
[31m    at auth (C:\Users\Lenovo\Desktop\NewBranch\branch-backend\src\middleware\auth.middleware.ts:44:13)[39m
[31m    at Layer.handleRequest (C:\Users\Lenovo\Desktop\NewBranch\branch-backend\node_modules\router\lib\layer.js:152:17)[39m
[31m    at trimPrefix (C:\Users\Lenovo\Desktop\NewBranch\branch-backend\node_modules\router\index.js:342:13)[39m
[31m    at C:\Users\Lenovo\Desktop\NewBranch\branch-backend\node_modules\router\index.js:297:9[39m
[31m    at processParams (C:\Users\Lenovo\Desktop\NewBranch\branch-backend\node_modules\router\index.js:582:12)[39m
[31m    at next (C:\Users\Lenovo\Desktop\NewBranch\branch-backend\node_modules\router\index.js:291:5)[39m
[31m    at Function.handle (C:\Users\Lenovo\Desktop\NewBranch\branch-backend\node_modules\router\index.js:186:3)[39m
[31m    at router (C:\Users\Lenovo\Desktop\NewBranch\branch-backend\node_modules\router\index.js:60:12)[39m
[31m    at Layer.handleRequest (C:\Users\Lenovo\Desktop\NewBranch\branch-backend\node_modules\router\lib\layer.js:152:17)[39m
[31m    at trimPrefix (C:\Users\Lenovo\Desktop\NewBranch\branch-backend\node_modules\router\index.js:342:13)[39m
[2026-07-30 17:25:12:2512] [[31merror[39m]: [31mError: Invalid or expired authentication token.[39m
[31m    at auth (C:\Users\Lenovo\Desktop\NewBranch\branch-backend\src\middleware\auth.middleware.ts:44:13)[39m
[31m    at Layer.handleRequest (C:\Users\Lenovo\Desktop\NewBranch\branch-backend\node_modules\router\lib\layer.js:152:17)[39m
[31m    at trimPrefix (C:\Users\Lenovo\Desktop\NewBranch\branch-backend\node_modules\router\index.js:342:13)[39m
[31m    at C:\Users\Lenovo\Desktop\NewBranch\branch-backend\node_modules\router\index.js:297:9[39m
[31m    at processParams (C:\Users\Lenovo\Desktop\NewBranch\branch-backend\node_modules\router\index.js:582:12)[39m
[31m    at next (C:\Users\Lenovo\Desktop\NewBranch\branch-backend\node_modules\router\index.js:291:5)[39m
[31m    at Function.handle (C:\Users\Lenovo\Desktop\NewBranch\branch-backend\node_modules\router\index.js:186:3)[39m
[31m    at router (C:\Users\Lenovo\Desktop\NewBranch\branch-backend\node_modules\router\index.js:60:12)[39m
[31m    at Layer.handleRequest (C:\Users\Lenovo\Desktop\NewBranch\branch-backend\node_modules\router\lib\layer.js:152:17)[39m
[31m    at trimPrefix (C:\Users\Lenovo\Desktop\NewBranch\branch-backend\node_modules\router\index.js:342:13)[39m
[2026-07-30 17:36:30:3630] [[32minfo[39m]: [32mServer is running in development mode on port 8000[39m
[2026-07-30 17:40:39:4039] [[31merror[39m]: [31mError: Invalid or expired authentication token.[39m
[31m    at auth (C:\Users\Lenovo\Desktop\NewBranch\branch-backend\src\middleware\auth.middleware.ts:44:13)[39m
[31m    at Layer.handleRequest (C:\Users\Lenovo\Desktop\NewBranch\branch-backend\node_modules\router\lib\layer.js:152:17)[39m
[31m    at trimPrefix (C:\Users\Lenovo\Desktop\NewBranch\branch-backend\node_modules\router\index.js:342:13)[39m
[31m    at C:\Users\Lenovo\Desktop\NewBranch\branch-backend\node_modules\router\index.js:297:9[39m
[31m    at processParams (C:\Users\Lenovo\Desktop\NewBranch\branch-backend\node_modules\router\index.js:582:12)[39m
[31m    at next (C:\Users\Lenovo\Desktop\NewBranch\branch-backend\node_modules\router\index.js:291:5)[39m
[31m    at Function.handle (C:\Users\Lenovo\Desktop\NewBranch\branch-backend\node_modules\router\index.js:186:3)[39m
[31m    at router (C:\Users\Lenovo\Desktop\NewBranch\branch-backend\node_modules\router\index.js:60:12)[39m
[31m    at Layer.handleRequest (C:\Users\Lenovo\Desktop\NewBranch\branch-backend\node_modules\router\lib\layer.js:152:17)[39m
[31m    at trimPrefix (C:\Users\Lenovo\Desktop\NewBranch\branch-backend\node_modules\router\index.js:342:13)[39m
[2026-07-30 17:55:57:5557] [[31merror[39m]: [31mError: Invalid or expired authentication token.[39m
[31m    at auth (C:\Users\Lenovo\Desktop\NewBranch\branch-backend\src\middleware\auth.middleware.ts:44:13)[39m
[31m    at Layer.handleRequest (C:\Users\Lenovo\Desktop\NewBranch\branch-backend\node_modules\router\lib\layer.js:152:17)[39m
[31m    at trimPrefix (C:\Users\Lenovo\Desktop\NewBranch\branch-backend\node_modules\router\index.js:342:13)[39m
[31m    at C:\Users\Lenovo\Desktop\NewBranch\branch-backend\node_modules\router\index.js:297:9[39m
[31m    at processParams (C:\Users\Lenovo\Desktop\NewBranch\branch-backend\node_modules\router\index.js:582:12)[39m
[31m    at next (C:\Users\Lenovo\Desktop\NewBranch\branch-backend\node_modules\router\index.js:291:5)[39m
[31m    at Function.handle (C:\Users\Lenovo\Desktop\NewBranch\branch-backend\node_modules\router\index.js:186:3)[39m
[31m    at router (C:\Users\Lenovo\Desktop\NewBranch\branch-backend\node_modules\router\index.js:60:12)[39m
[31m    at Layer.handleRequest (C:\Users\Lenovo\Desktop\NewBranch\branch-backend\node_modules\router\lib\layer.js:152:17)[39m
[31m    at trimPrefix (C:\Users\Lenovo\Desktop\NewBranch\branch-backend\node_modules\router\index.js:342:13)[39m
[2026-07-31 10:53:35:5335] [[32minfo[39m]: [32mServer is running in development mode on port 8000[39m
[2026-07-31 11:00:59:059] [[31merror[39m]: [31mPrismaClientInitializationError: [39m
[31mInvalid `prisma.users.findFirst()` invocation in[39m
[31mC:\Users\Lenovo\Desktop\NewBranch\branch-backend\src\modules\auth\auth.service.ts:69:37[39m

[31m  66   throw new BadRequestError('Email and password are required.');[39m
[31m  67 }[39m
[31m  68 [39m
[31m→ 69 const user = await prisma.users.findFirst([39m
[31mTimed out fetching a new connection from the connection pool. More info: http://pris.ly/d/connection-pool (Current connection pool timeout: 10, connection limit: 21)[39m
[31m    at $n.handleRequestError (C:\Users\Lenovo\Desktop\NewBranch\branch-backend\node_modules\@prisma\client\runtime\library.js:121:7615)[39m
[31m    at $n.handleAndLogRequestError (C:\Users\Lenovo\Desktop\NewBranch\branch-backend\node_modules\@prisma\client\runtime\library.js:121:6623)[39m
[31m    at $n.request (C:\Users\Lenovo\Desktop\NewBranch\branch-backend\node_modules\@prisma\client\runtime\library.js:121:6307)[39m
[31m    at async l (C:\Users\Lenovo\Desktop\NewBranch\branch-backend\node_modules\@prisma\client\runtime\library.js:130:9633)[39m
[31m    at async AuthService.login (C:\Users\Lenovo\Desktop\NewBranch\branch-backend\src\modules\auth\auth.service.ts:69:18)[39m
[31m    at async login (C:\Users\Lenovo\Desktop\NewBranch\branch-backend\src\modules\auth\auth.controller.ts:37:51)[39m
[2026-07-31 12:12:55:1255] [[32minfo[39m]: [32mServer is running in development mode on port 8000[39m
[2026-07-31 12:14:26:1426] [[31merror[39m]: [31mError: Invalid or expired authentication token.[39m
[31m    at auth (C:\Users\Lenovo\Desktop\NewBranch\branch-backend\src\middleware\auth.middleware.ts:44:13)[39m
[31m    at Layer.handleRequest (C:\Users\Lenovo\Desktop\NewBranch\branch-backend\node_modules\router\lib\layer.js:152:17)[39m
[31m    at trimPrefix (C:\Users\Lenovo\Desktop\NewBranch\branch-backend\node_modules\router\index.js:342:13)[39m
[31m    at C:\Users\Lenovo\Desktop\NewBranch\branch-backend\node_modules\router\index.js:297:9[39m
[31m    at processParams (C:\Users\Lenovo\Desktop\NewBranch\branch-backend\node_modules\router\index.js:582:12)[39m
[31m    at next (C:\Users\Lenovo\Desktop\NewBranch\branch-backend\node_modules\router\index.js:291:5)[39m
[31m    at Function.handle (C:\Users\Lenovo\Desktop\NewBranch\branch-backend\node_modules\router\index.js:186:3)[39m
[31m    at router (C:\Users\Lenovo\Desktop\NewBranch\branch-backend\node_modules\router\index.js:60:12)[39m
[31m    at Layer.handleRequest (C:\Users\Lenovo\Desktop\NewBranch\branch-backend\node_modules\router\lib\layer.js:152:17)[39m
[31m    at trimPrefix (C:\Users\Lenovo\Desktop\NewBranch\branch-backend\node_modules\router\index.js:342:13)[39m
[2026-07-31 12:15:28:1528] [[31merror[39m]: [31mPrismaClientKnownRequestError: [39m
[31mInvalid `prisma.items.findMany()` invocation in[39m
[31mC:\Users\Lenovo\Desktop\NewBranch\branch-backend\src\modules\items\items.service.ts:54:20[39m

[31m  51 [39m
[31m  52 const [total, items] = await Promise.all([[39m
[31m  53   prisma.items.count({ where }),[39m
[31m→ 54   prisma.items.findMany([39m
[31mTimed out fetching a new connection from the connection pool. More info: http://pris.ly/d/connection-pool (Current connection pool timeout: 10, connection limit: 21)[39m
[31m    at $n.handleRequestError (C:\Users\Lenovo\Desktop\NewBranch\branch-backend\node_modules\@prisma\client\runtime\library.js:121:7315)[39m
[31m    at $n.handleAndLogRequestError (C:\Users\Lenovo\Desktop\NewBranch\branch-backend\node_modules\@prisma\client\runtime\library.js:121:6623)[39m
[31m    at $n.request (C:\Users\Lenovo\Desktop\NewBranch\branch-backend\node_modules\@prisma\client\runtime\library.js:121:6307)[39m
[31m    at async l (C:\Users\Lenovo\Desktop\NewBranch\branch-backend\node_modules\@prisma\client\runtime\library.js:130:9633)[39m
[31m    at async Promise.all (index 1)[39m
[31m    at async ItemsService.getItems (C:\Users\Lenovo\Desktop\NewBranch\branch-backend\src\modules\items\items.service.ts:52:28)[39m
[31m    at async getAll (C:\Users\Lenovo\Desktop\NewBranch\branch-backend\src\modules\items\items.controller.ts:11:22)[39m
[2026-07-31 12:15:39:1539] [[31merror[39m]: [31mPrismaClientKnownRequestError: [39m
[31mInvalid `prisma.items.findMany()` invocation in[39m
[31mC:\Users\Lenovo\Desktop\NewBranch\branch-backend\src\modules\items\items.service.ts:54:20[39m

[31m  51 [39m
[31m  52 const [total, items] = await Promise.all([[39m
[31m  53   prisma.items.count({ where }),[39m
[31m→ 54   prisma.items.findMany([39m
[31mTimed out fetching a new connection from the connection pool. More info: http://pris.ly/d/connection-pool (Current connection pool timeout: 10, connection limit: 21)[39m
[31m    at $n.handleRequestError (C:\Users\Lenovo\Desktop\NewBranch\branch-backend\node_modules\@prisma\client\runtime\library.js:121:7315)[39m
[31m    at $n.handleAndLogRequestError (C:\Users\Lenovo\Desktop\NewBranch\branch-backend\node_modules\@prisma\client\runtime\library.js:121:6623)[39m
[31m    at $n.request (C:\Users\Lenovo\Desktop\NewBranch\branch-backend\node_modules\@prisma\client\runtime\library.js:121:6307)[39m
[31m    at async l (C:\Users\Lenovo\Desktop\NewBranch\branch-backend\node_modules\@prisma\client\runtime\library.js:130:9633)[39m
[31m    at async Promise.all (index 1)[39m
[31m    at async ItemsService.getItems (C:\Users\Lenovo\Desktop\NewBranch\branch-backend\src\modules\items\items.service.ts:52:28)[39m
[31m    at async getAll (C:\Users\Lenovo\Desktop\NewBranch\branch-backend\src\modules\items\items.controller.ts:11:22)[39m
[2026-07-31 12:34:54:3454] [[31merror[39m]: [31mError: Invalid or expired authentication token.[39m
[31m    at auth (C:\Users\Lenovo\Desktop\NewBranch\branch-backend\src\middleware\auth.middleware.ts:44:13)[39m
[31m    at Layer.handleRequest (C:\Users\Lenovo\Desktop\NewBranch\branch-backend\node_modules\router\lib\layer.js:152:17)[39m
[31m    at trimPrefix (C:\Users\Lenovo\Desktop\NewBranch\branch-backend\node_modules\router\index.js:342:13)[39m
[31m    at C:\Users\Lenovo\Desktop\NewBranch\branch-backend\node_modules\router\index.js:297:9[39m
[31m    at processParams (C:\Users\Lenovo\Desktop\NewBranch\branch-backend\node_modules\router\index.js:582:12)[39m
[31m    at next (C:\Users\Lenovo\Desktop\NewBranch\branch-backend\node_modules\router\index.js:291:5)[39m
[31m    at Function.handle (C:\Users\Lenovo\Desktop\NewBranch\branch-backend\node_modules\router\index.js:186:3)[39m
[31m    at router (C:\Users\Lenovo\Desktop\NewBranch\branch-backend\node_modules\router\index.js:60:12)[39m
[31m    at Layer.handleRequest (C:\Users\Lenovo\Desktop\NewBranch\branch-backend\node_modules\router\lib\layer.js:152:17)[39m
[31m    at trimPrefix (C:\Users\Lenovo\Desktop\NewBranch\branch-backend\node_modules\router\index.js:342:13)[39m
[2026-07-31 12:35:01:351] [[31merror[39m]: [31mPrismaClientKnownRequestError: [39m
[31mInvalid `prisma.items.findMany()` invocation in[39m
[31mC:\Users\Lenovo\Desktop\NewBranch\branch-backend\src\modules\items\items.service.ts:54:20[39m

[31m  51 [39m
[31m  52 const [total, items] = await Promise.all([[39m
[31m  53   prisma.items.count({ where }),[39m
[31m→ 54   prisma.items.findMany([39m
[31mCan't reach database server at `10.160.5.101:1433`[39m

[31mPlease make sure your database server is running at `10.160.5.101:1433`.[39m
[31m    at $n.handleRequestError (C:\Users\Lenovo\Desktop\NewBranch\branch-backend\node_modules\@prisma\client\runtime\library.js:121:7315)[39m
[31m    at $n.handleAndLogRequestError (C:\Users\Lenovo\Desktop\NewBranch\branch-backend\node_modules\@prisma\client\runtime\library.js:121:6623)[39m
[31m    at $n.request (C:\Users\Lenovo\Desktop\NewBranch\branch-backend\node_modules\@prisma\client\runtime\library.js:121:6307)[39m
[31m    at async l (C:\Users\Lenovo\Desktop\NewBranch\branch-backend\node_modules\@prisma\client\runtime\library.js:130:9633)[39m
[31m    at async Promise.all (index 1)[39m
[31m    at async ItemsService.getItems (C:\Users\Lenovo\Desktop\NewBranch\branch-backend\src\modules\items\items.service.ts:52:28)[39m
[31m    at async getAll (C:\Users\Lenovo\Desktop\NewBranch\branch-backend\src\modules\items\items.controller.ts:11:22)[39m
[2026-07-31 12:42:22:4222] [[32minfo[39m]: [32mServer is running in development mode on port 8000[39m
[2026-07-31 15:27:24:2724] [[31merror[39m]: [31mError: Invalid or expired authentication token.[39m
[31m    at auth (C:\Users\Lenovo\Desktop\NewBranch\branch-backend\src\middleware\auth.middleware.ts:44:13)[39m
[31m    at Layer.handleRequest (C:\Users\Lenovo\Desktop\NewBranch\branch-backend\node_modules\router\lib\layer.js:152:17)[39m
[31m    at trimPrefix (C:\Users\Lenovo\Desktop\NewBranch\branch-backend\node_modules\router\index.js:342:13)[39m
[31m    at C:\Users\Lenovo\Desktop\NewBranch\branch-backend\node_modules\router\index.js:297:9[39m
[31m    at processParams (C:\Users\Lenovo\Desktop\NewBranch\branch-backend\node_modules\router\index.js:582:12)[39m
[31m    at next (C:\Users\Lenovo\Desktop\NewBranch\branch-backend\node_modules\router\index.js:291:5)[39m
[31m    at Function.handle (C:\Users\Lenovo\Desktop\NewBranch\branch-backend\node_modules\router\index.js:186:3)[39m
[31m    at router (C:\Users\Lenovo\Desktop\NewBranch\branch-backend\node_modules\router\index.js:60:12)[39m
[31m    at Layer.handleRequest (C:\Users\Lenovo\Desktop\NewBranch\branch-backend\node_modules\router\lib\layer.js:152:17)[39m
[31m    at trimPrefix (C:\Users\Lenovo\Desktop\NewBranch\branch-backend\node_modules\router\index.js:342:13)[39m
[2026-07-31 16:55:13:5513] [[31merror[39m]: [31mError: Invalid or expired authentication token.[39m
[31m    at auth (C:\Users\Lenovo\Desktop\NewBranch\branch-backend\src\middleware\auth.middleware.ts:44:13)[39m
[31m    at Layer.handleRequest (C:\Users\Lenovo\Desktop\NewBranch\branch-backend\node_modules\router\lib\layer.js:152:17)[39m
[31m    at trimPrefix (C:\Users\Lenovo\Desktop\NewBranch\branch-backend\node_modules\router\index.js:342:13)[39m
[31m    at C:\Users\Lenovo\Desktop\NewBranch\branch-backend\node_modules\router\index.js:297:9[39m
[31m    at processParams (C:\Users\Lenovo\Desktop\NewBranch\branch-backend\node_modules\router\index.js:582:12)[39m
[31m    at next (C:\Users\Lenovo\Desktop\NewBranch\branch-backend\node_modules\router\index.js:291:5)[39m
[31m    at Function.handle (C:\Users\Lenovo\Desktop\NewBranch\branch-backend\node_modules\router\index.js:186:3)[39m
[31m    at router (C:\Users\Lenovo\Desktop\NewBranch\branch-backend\node_modules\router\index.js:60:12)[39m
[31m    at Layer.handleRequest (C:\Users\Lenovo\Desktop\NewBranch\branch-backend\node_modules\router\lib\layer.js:152:17)[39m
[31m    at trimPrefix (C:\Users\Lenovo\Desktop\NewBranch\branch-backend\node_modules\router\index.js:342:13)[39m
[2026-08-03 11:10:25:1025] [[32minfo[39m]: [32mServer is running in development mode on port 8000[39m
[2026-08-03 12:26:49:2649] [[32minfo[39m]: [32mServer is running in development mode on port 8000[39m
[2026-08-03 12:26:54:2654] [[32minfo[39m]: [32mServer is running in development mode on port 8000[39m
[2026-08-03 12:29:38:2938] [[31merror[39m]: [31mError: Invalid or expired authentication token.[39m
[31m    at auth (C:\Users\Lenovo\Desktop\NewBranch\branch-backend\src\middleware\auth.middleware.ts:44:13)[39m
[31m    at Layer.handleRequest (C:\Users\Lenovo\Desktop\NewBranch\branch-backend\node_modules\router\lib\layer.js:152:17)[39m
[31m    at trimPrefix (C:\Users\Lenovo\Desktop\NewBranch\branch-backend\node_modules\router\index.js:342:13)[39m
[31m    at C:\Users\Lenovo\Desktop\NewBranch\branch-backend\node_modules\router\index.js:297:9[39m
[31m    at processParams (C:\Users\Lenovo\Desktop\NewBranch\branch-backend\node_modules\router\index.js:582:12)[39m
[31m    at next (C:\Users\Lenovo\Desktop\NewBranch\branch-backend\node_modules\router\index.js:291:5)[39m
[31m    at Function.handle (C:\Users\Lenovo\Desktop\NewBranch\branch-backend\node_modules\router\index.js:186:3)[39m
[31m    at router (C:\Users\Lenovo\Desktop\NewBranch\branch-backend\node_modules\router\index.js:60:12)[39m
[31m    at Layer.handleRequest (C:\Users\Lenovo\Desktop\NewBranch\branch-backend\node_modules\router\lib\layer.js:152:17)[39m
[31m    at trimPrefix (C:\Users\Lenovo\Desktop\NewBranch\branch-backend\node_modules\router\index.js:342:13)[39m
[2026-08-03 12:44:57:4457] [[32minfo[39m]: [32mServer is running in development mode on port 8000[39m
[2026-08-03 12:45:04:454] [[32minfo[39m]: [32mServer is running in development mode on port 8000[39m
[2026-08-03 12:45:15:4515] [[31merror[39m]: [31mError: Invalid or expired authentication token.[39m
[31m    at auth (C:\Users\Lenovo\Desktop\NewBranch\branch-backend\src\middleware\auth.middleware.ts:44:13)[39m
[31m    at Layer.handleRequest (C:\Users\Lenovo\Desktop\NewBranch\branch-backend\node_modules\router\lib\layer.js:152:17)[39m
[31m    at trimPrefix (C:\Users\Lenovo\Desktop\NewBranch\branch-backend\node_modules\router\index.js:342:13)[39m
[31m    at C:\Users\Lenovo\Desktop\NewBranch\branch-backend\node_modules\router\index.js:297:9[39m
[31m    at processParams (C:\Users\Lenovo\Desktop\NewBranch\branch-backend\node_modules\router\index.js:582:12)[39m
[31m    at next (C:\Users\Lenovo\Desktop\NewBranch\branch-backend\node_modules\router\index.js:291:5)[39m
[31m    at Function.handle (C:\Users\Lenovo\Desktop\NewBranch\branch-backend\node_modules\router\index.js:186:3)[39m
[31m    at router (C:\Users\Lenovo\Desktop\NewBranch\branch-backend\node_modules\router\index.js:60:12)[39m
[31m    at Layer.handleRequest (C:\Users\Lenovo\Desktop\NewBranch\branch-backend\node_modules\router\lib\layer.js:152:17)[39m
[31m    at trimPrefix (C:\Users\Lenovo\Desktop\NewBranch\branch-backend\node_modules\router\index.js:342:13)[39m
[2026-08-03 12:45:15:4515] [[31merror[39m]: [31mError: Invalid or expired authentication token.[39m
[31m    at auth (C:\Users\Lenovo\Desktop\NewBranch\branch-backend\src\middleware\auth.middleware.ts:44:13)[39m
[31m    at Layer.handleRequest (C:\Users\Lenovo\Desktop\NewBranch\branch-backend\node_modules\router\lib\layer.js:152:17)[39m
[31m    at trimPrefix (C:\Users\Lenovo\Desktop\NewBranch\branch-backend\node_modules\router\index.js:342:13)[39m
[31m    at C:\Users\Lenovo\Desktop\NewBranch\branch-backend\node_modules\router\index.js:297:9[39m
[31m    at processParams (C:\Users\Lenovo\Desktop\NewBranch\branch-backend\node_modules\router\index.js:582:12)[39m
[31m    at next (C:\Users\Lenovo\Desktop\NewBranch\branch-backend\node_modules\router\index.js:291:5)[39m
[31m    at Function.handle (C:\Users\Lenovo\Desktop\NewBranch\branch-backend\node_modules\router\index.js:186:3)[39m
[31m    at router (C:\Users\Lenovo\Desktop\NewBranch\branch-backend\node_modules\router\index.js:60:12)[39m
[31m    at Layer.handleRequest (C:\Users\Lenovo\Desktop\NewBranch\branch-backend\node_modules\router\lib\layer.js:152:17)[39m
[31m    at trimPrefix (C:\Users\Lenovo\Desktop\NewBranch\branch-backend\node_modules\router\index.js:342:13)[39m
[2026-08-03 12:45:15:4515] [[31merror[39m]: [31mError: Invalid or expired authentication token.[39m
[31m    at auth (C:\Users\Lenovo\Desktop\NewBranch\branch-backend\src\middleware\auth.middleware.ts:44:13)[39m
[31m    at Layer.handleRequest (C:\Users\Lenovo\Desktop\NewBranch\branch-backend\node_modules\router\lib\layer.js:152:17)[39m
[31m    at trimPrefix (C:\Users\Lenovo\Desktop\NewBranch\branch-backend\node_modules\router\index.js:342:13)[39m
[31m    at C:\Users\Lenovo\Desktop\NewBranch\branch-backend\node_modules\router\index.js:297:9[39m
[31m    at processParams (C:\Users\Lenovo\Desktop\NewBranch\branch-backend\node_modules\router\index.js:582:12)[39m
[31m    at next (C:\Users\Lenovo\Desktop\NewBranch\branch-backend\node_modules\router\index.js:291:5)[39m
[31m    at Function.handle (C:\Users\Lenovo\Desktop\NewBranch\branch-backend\node_modules\router\index.js:186:3)[39m
[31m    at router (C:\Users\Lenovo\Desktop\NewBranch\branch-backend\node_modules\router\index.js:60:12)[39m
[31m    at Layer.handleRequest (C:\Users\Lenovo\Desktop\NewBranch\branch-backend\node_modules\router\lib\layer.js:152:17)[39m
[31m    at trimPrefix (C:\Users\Lenovo\Desktop\NewBranch\branch-backend\node_modules\router\index.js:342:13)[39m
[2026-08-03 12:45:15:4515] [[31merror[39m]: [31mError: Invalid or expired authentication token.[39m
[31m    at auth (C:\Users\Lenovo\Desktop\NewBranch\branch-backend\src\middleware\auth.middleware.ts:44:13)[39m
[31m    at Layer.handleRequest (C:\Users\Lenovo\Desktop\NewBranch\branch-backend\node_modules\router\lib\layer.js:152:17)[39m
[31m    at trimPrefix (C:\Users\Lenovo\Desktop\NewBranch\branch-backend\node_modules\router\index.js:342:13)[39m
[31m    at C:\Users\Lenovo\Desktop\NewBranch\branch-backend\node_modules\router\index.js:297:9[39m
[31m    at processParams (C:\Users\Lenovo\Desktop\NewBranch\branch-backend\node_modules\router\index.js:582:12)[39m
[31m    at next (C:\Users\Lenovo\Desktop\NewBranch\branch-backend\node_modules\router\index.js:291:5)[39m
[31m    at Function.handle (C:\Users\Lenovo\Desktop\NewBranch\branch-backend\node_modules\router\index.js:186:3)[39m
[31m    at router (C:\Users\Lenovo\Desktop\NewBranch\branch-backend\node_modules\router\index.js:60:12)[39m
[31m    at Layer.handleRequest (C:\Users\Lenovo\Desktop\NewBranch\branch-backend\node_modules\router\lib\layer.js:152:17)[39m
[31m    at trimPrefix (C:\Users\Lenovo\Desktop\NewBranch\branch-backend\node_modules\router\index.js:342:13)[39m
[2026-08-03 12:45:15:4515] [[31merror[39m]: [31mError: Invalid or expired authentication token.[39m
[31m    at auth (C:\Users\Lenovo\Desktop\NewBranch\branch-backend\src\middleware\auth.middleware.ts:44:13)[39m
[31m    at Layer.handleRequest (C:\Users\Lenovo\Desktop\NewBranch\branch-backend\node_modules\router\lib\layer.js:152:17)[39m
[31m    at trimPrefix (C:\Users\Lenovo\Desktop\NewBranch\branch-backend\node_modules\router\index.js:342:13)[39m
[31m    at C:\Users\Lenovo\Desktop\NewBranch\branch-backend\node_modules\router\index.js:297:9[39m
[31m    at processParams (C:\Users\Lenovo\Desktop\NewBranch\branch-backend\node_modules\router\index.js:582:12)[39m
[31m    at next (C:\Users\Lenovo\Desktop\NewBranch\branch-backend\node_modules\router\index.js:291:5)[39m
[31m    at Function.handle (C:\Users\Lenovo\Desktop\NewBranch\branch-backend\node_modules\router\index.js:186:3)[39m
[31m    at router (C:\Users\Lenovo\Desktop\NewBranch\branch-backend\node_modules\router\index.js:60:12)[39m
[31m    at Layer.handleRequest (C:\Users\Lenovo\Desktop\NewBranch\branch-backend\node_modules\router\lib\layer.js:152:17)[39m
[31m    at trimPrefix (C:\Users\Lenovo\Desktop\NewBranch\branch-backend\node_modules\router\index.js:342:13)[39m
[2026-08-03 12:45:15:4515] [[31merror[39m]: [31mError: Invalid or expired authentication token.[39m
[31m    at auth (C:\Users\Lenovo\Desktop\NewBranch\branch-backend\src\middleware\auth.middleware.ts:44:13)[39m
[31m    at Layer.handleRequest (C:\Users\Lenovo\Desktop\NewBranch\branch-backend\node_modules\router\lib\layer.js:152:17)[39m
[31m    at trimPrefix (C:\Users\Lenovo\Desktop\NewBranch\branch-backend\node_modules\router\index.js:342:13)[39m
[31m    at C:\Users\Lenovo\Desktop\NewBranch\branch-backend\node_modules\router\index.js:297:9[39m
[31m    at processParams (C:\Users\Lenovo\Desktop\NewBranch\branch-backend\node_modules\router\index.js:582:12)[39m
[31m    at next (C:\Users\Lenovo\Desktop\NewBranch\branch-backend\node_modules\router\index.js:291:5)[39m
[31m    at Function.handle (C:\Users\Lenovo\Desktop\NewBranch\branch-backend\node_modules\router\index.js:186:3)[39m
[31m    at router (C:\Users\Lenovo\Desktop\NewBranch\branch-backend\node_modules\router\index.js:60:12)[39m
[31m    at Layer.handleRequest (C:\Users\Lenovo\Desktop\NewBranch\branch-backend\node_modules\router\lib\layer.js:152:17)[39m
[31m    at trimPrefix (C:\Users\Lenovo\Desktop\NewBranch\branch-backend\node_modules\router\index.js:342:13)[39m
[2026-08-03 12:45:15:4515] [[31merror[39m]: [31mError: Invalid or expired authentication token.[39m
[31m    at auth (C:\Users\Lenovo\Desktop\NewBranch\branch-backend\src\middleware\auth.middleware.ts:44:13)[39m
[31m    at Layer.handleRequest (C:\Users\Lenovo\Desktop\NewBranch\branch-backend\node_modules\router\lib\layer.js:152:17)[39m
[31m    at trimPrefix (C:\Users\Lenovo\Desktop\NewBranch\branch-backend\node_modules\router\index.js:342:13)[39m
[31m    at C:\Users\Lenovo\Desktop\NewBranch\branch-backend\node_modules\router\index.js:297:9[39m
[31m    at processParams (C:\Users\Lenovo\Desktop\NewBranch\branch-backend\node_modules\router\index.js:582:12)[39m
[31m    at next (C:\Users\Lenovo\Desktop\NewBranch\branch-backend\node_modules\router\index.js:291:5)[39m
[31m    at Function.handle (C:\Users\Lenovo\Desktop\NewBranch\branch-backend\node_modules\router\index.js:186:3)[39m
[31m    at router (C:\Users\Lenovo\Desktop\NewBranch\branch-backend\node_modules\router\index.js:60:12)[39m
[31m    at Layer.handleRequest (C:\Users\Lenovo\Desktop\NewBranch\branch-backend\node_modules\router\lib\layer.js:152:17)[39m
[31m    at trimPrefix (C:\Users\Lenovo\Desktop\NewBranch\branch-backend\node_modules\router\index.js:342:13)[39m
[2026-08-03 13:01:48:148] [[31merror[39m]: [31mError: Invalid or expired authentication token.[39m
[31m    at auth (C:\Users\Lenovo\Desktop\NewBranch\branch-backend\src\middleware\auth.middleware.ts:44:13)[39m
[31m    at Layer.handleRequest (C:\Users\Lenovo\Desktop\NewBranch\branch-backend\node_modules\router\lib\layer.js:152:17)[39m
[31m    at trimPrefix (C:\Users\Lenovo\Desktop\NewBranch\branch-backend\node_modules\router\index.js:342:13)[39m
[31m    at C:\Users\Lenovo\Desktop\NewBranch\branch-backend\node_modules\router\index.js:297:9[39m
[31m    at processParams (C:\Users\Lenovo\Desktop\NewBranch\branch-backend\node_modules\router\index.js:582:12)[39m
[31m    at next (C:\Users\Lenovo\Desktop\NewBranch\branch-backend\node_modules\router\index.js:291:5)[39m
[31m    at Function.handle (C:\Users\Lenovo\Desktop\NewBranch\branch-backend\node_modules\router\index.js:186:3)[39m
[31m    at router (C:\Users\Lenovo\Desktop\NewBranch\branch-backend\node_modules\router\index.js:60:12)[39m
[31m    at Layer.handleRequest (C:\Users\Lenovo\Desktop\NewBranch\branch-backend\node_modules\router\lib\layer.js:152:17)[39m
[31m    at trimPrefix (C:\Users\Lenovo\Desktop\NewBranch\branch-backend\node_modules\router\index.js:342:13)[39m
[2026-08-03 13:01:48:148] [[31merror[39m]: [31mError: Invalid or expired authentication token.[39m
[31m    at auth (C:\Users\Lenovo\Desktop\NewBranch\branch-backend\src\middleware\auth.middleware.ts:44:13)[39m
[31m    at Layer.handleRequest (C:\Users\Lenovo\Desktop\NewBranch\branch-backend\node_modules\router\lib\layer.js:152:17)[39m
[31m    at trimPrefix (C:\Users\Lenovo\Desktop\NewBranch\branch-backend\node_modules\router\index.js:342:13)[39m
[31m    at C:\Users\Lenovo\Desktop\NewBranch\branch-backend\node_modules\router\index.js:297:9[39m
[31m    at processParams (C:\Users\Lenovo\Desktop\NewBranch\branch-backend\node_modules\router\index.js:582:12)[39m
[31m    at next (C:\Users\Lenovo\Desktop\NewBranch\branch-backend\node_modules\router\index.js:291:5)[39m
[31m    at Function.handle (C:\Users\Lenovo\Desktop\NewBranch\branch-backend\node_modules\router\index.js:186:3)[39m
[31m    at router (C:\Users\Lenovo\Desktop\NewBranch\branch-backend\node_modules\router\index.js:60:12)[39m
[31m    at Layer.handleRequest (C:\Users\Lenovo\Desktop\NewBranch\branch-backend\node_modules\router\lib\layer.js:152:17)[39m
[31m    at trimPrefix (C:\Users\Lenovo\Desktop\NewBranch\branch-backend\node_modules\router\index.js:342:13)[39m
[2026-08-03 13:01:48:148] [[31merror[39m]: [31mError: Invalid or expired authentication token.[39m
[31m    at auth (C:\Users\Lenovo\Desktop\NewBranch\branch-backend\src\middleware\auth.middleware.ts:44:13)[39m
[31m    at Layer.handleRequest (C:\Users\Lenovo\Desktop\NewBranch\branch-backend\node_modules\router\lib\layer.js:152:17)[39m
[31m    at trimPrefix (C:\Users\Lenovo\Desktop\NewBranch\branch-backend\node_modules\router\index.js:342:13)[39m
[31m    at C:\Users\Lenovo\Desktop\NewBranch\branch-backend\node_modules\router\index.js:297:9[39m
[31m    at processParams (C:\Users\Lenovo\Desktop\NewBranch\branch-backend\node_modules\router\index.js:582:12)[39m
[31m    at next (C:\Users\Lenovo\Desktop\NewBranch\branch-backend\node_modules\router\index.js:291:5)[39m
[31m    at Function.handle (C:\Users\Lenovo\Desktop\NewBranch\branch-backend\node_modules\router\index.js:186:3)[39m
[31m    at router (C:\Users\Lenovo\Desktop\NewBranch\branch-backend\node_modules\router\index.js:60:12)[39m
[31m    at Layer.handleRequest (C:\Users\Lenovo\Desktop\NewBranch\branch-backend\node_modules\router\lib\layer.js:152:17)[39m
[31m    at trimPrefix (C:\Users\Lenovo\Desktop\NewBranch\branch-backend\node_modules\router\index.js:342:13)[39m
[2026-08-12 11:02:56:256] [[32minfo[39m]: [32mServer is running in development mode on port 8000[39m
[2026-08-12 14:25:31:2531] [[32minfo[39m]: [32mServer is running in development mode on port 8000[39m
[2026-08-12 14:36:54:3654] [[31merror[39m]: [31mError: Authentication token is missing.[39m
[31m    at auth (C:\Users\Lenovo\Desktop\NewBranch\branch-backend\src\middleware\auth.middleware.ts:36:13)[39m
[31m    at Layer.handleRequest (C:\Users\Lenovo\Desktop\NewBranch\branch-backend\node_modules\router\lib\layer.js:152:17)[39m
[31m    at trimPrefix (C:\Users\Lenovo\Desktop\NewBranch\branch-backend\node_modules\router\index.js:342:13)[39m
[31m    at C:\Users\Lenovo\Desktop\NewBranch\branch-backend\node_modules\router\index.js:297:9[39m
[31m    at processParams (C:\Users\Lenovo\Desktop\NewBranch\branch-backend\node_modules\router\index.js:582:12)[39m
[31m    at next (C:\Users\Lenovo\Desktop\NewBranch\branch-backend\node_modules\router\index.js:291:5)[39m
[31m    at Function.handle (C:\Users\Lenovo\Desktop\NewBranch\branch-backend\node_modules\router\index.js:186:3)[39m
[31m    at router (C:\Users\Lenovo\Desktop\NewBranch\branch-backend\node_modules\router\index.js:60:12)[39m
[31m    at Layer.handleRequest (C:\Users\Lenovo\Desktop\NewBranch\branch-backend\node_modules\router\lib\layer.js:152:17)[39m
[31m    at trimPrefix (C:\Users\Lenovo\Desktop\NewBranch\branch-backend\node_modules\router\index.js:342:13)[39m
[2026-08-12 14:36:54:3654] [[31merror[39m]: [31mError: Refresh token is missing.[39m
[31m    at AuthService.refresh (C:\Users\Lenovo\Desktop\NewBranch\branch-backend\src\modules\auth\auth.service.ts:127:13)[39m
[31m    at refresh (C:\Users\Lenovo\Desktop\NewBranch\branch-backend\src\modules\auth\auth.controller.ts:55:63)[39m
[31m    at Layer.handleRequest (C:\Users\Lenovo\Desktop\NewBranch\branch-backend\node_modules\router\lib\layer.js:152:17)[39m
[31m    at next (C:\Users\Lenovo\Desktop\NewBranch\branch-backend\node_modules\router\lib\route.js:157:13)[39m
[31m    at Route.dispatch (C:\Users\Lenovo\Desktop\NewBranch\branch-backend\node_modules\router\lib\route.js:117:3)[39m
[31m    at handle (C:\Users\Lenovo\Desktop\NewBranch\branch-backend\node_modules\router\index.js:435:11)[39m
[31m    at Layer.handleRequest (C:\Users\Lenovo\Desktop\NewBranch\branch-backend\node_modules\router\lib\layer.js:152:17)[39m
[31m    at C:\Users\Lenovo\Desktop\NewBranch\branch-backend\node_modules\router\index.js:295:15[39m
[31m    at processParams (C:\Users\Lenovo\Desktop\NewBranch\branch-backend\node_modules\router\index.js:582:12)[39m
[31m    at next (C:\Users\Lenovo\Desktop\NewBranch\branch-backend\node_modules\router\index.js:291:5)[39m
[2026-08-12 15:03:38:338] [[32minfo[39m]: [32mServer is running in development mode on port 8000[39m
[2026-08-12 15:03:51:351] [[31merror[39m]: [31mError: Invalid or expired authentication token.[39m
[31m    at auth (C:\Users\Lenovo\Desktop\NewBranch\branch-backend\src\middleware\auth.middleware.ts:44:13)[39m
[31m    at Layer.handleRequest (C:\Users\Lenovo\Desktop\NewBranch\branch-backend\node_modules\router\lib\layer.js:152:17)[39m
[31m    at trimPrefix (C:\Users\Lenovo\Desktop\NewBranch\branch-backend\node_modules\router\index.js:342:13)[39m
[31m    at C:\Users\Lenovo\Desktop\NewBranch\branch-backend\node_modules\router\index.js:297:9[39m
[31m    at processParams (C:\Users\Lenovo\Desktop\NewBranch\branch-backend\node_modules\router\index.js:582:12)[39m
[31m    at next (C:\Users\Lenovo\Desktop\NewBranch\branch-backend\node_modules\router\index.js:291:5)[39m
[31m    at Function.handle (C:\Users\Lenovo\Desktop\NewBranch\branch-backend\node_modules\router\index.js:186:3)[39m
[31m    at router (C:\Users\Lenovo\Desktop\NewBranch\branch-backend\node_modules\router\index.js:60:12)[39m
[31m    at Layer.handleRequest (C:\Users\Lenovo\Desktop\NewBranch\branch-backend\node_modules\router\lib\layer.js:152:17)[39m
[31m    at trimPrefix (C:\Users\Lenovo\Desktop\NewBranch\branch-backend\node_modules\router\index.js:342:13)[39m
[2026-08-12 15:21:53:2153] [[31merror[39m]: [31mError: Invalid or expired authentication token.[39m
[31m    at auth (C:\Users\Lenovo\Desktop\NewBranch\branch-backend\src\middleware\auth.middleware.ts:44:13)[39m
[31m    at Layer.handleRequest (C:\Users\Lenovo\Desktop\NewBranch\branch-backend\node_modules\router\lib\layer.js:152:17)[39m
[31m    at trimPrefix (C:\Users\Lenovo\Desktop\NewBranch\branch-backend\node_modules\router\index.js:342:13)[39m
[31m    at C:\Users\Lenovo\Desktop\NewBranch\branch-backend\node_modules\router\index.js:297:9[39m
[31m    at processParams (C:\Users\Lenovo\Desktop\NewBranch\branch-backend\node_modules\router\index.js:582:12)[39m
[31m    at next (C:\Users\Lenovo\Desktop\NewBranch\branch-backend\node_modules\router\index.js:291:5)[39m
[31m    at Function.handle (C:\Users\Lenovo\Desktop\NewBranch\branch-backend\node_modules\router\index.js:186:3)[39m
[31m    at router (C:\Users\Lenovo\Desktop\NewBranch\branch-backend\node_modules\router\index.js:60:12)[39m
[31m    at Layer.handleRequest (C:\Users\Lenovo\Desktop\NewBranch\branch-backend\node_modules\router\lib\layer.js:152:17)[39m
[31m    at trimPrefix (C:\Users\Lenovo\Desktop\NewBranch\branch-backend\node_modules\router\index.js:342:13)[39m
[2026-08-12 15:21:53:2153] [[31merror[39m]: [31mError: Invalid or expired authentication token.[39m
[31m    at auth (C:\Users\Lenovo\Desktop\NewBranch\branch-backend\src\middleware\auth.middleware.ts:44:13)[39m
[31m    at Layer.handleRequest (C:\Users\Lenovo\Desktop\NewBranch\branch-backend\node_modules\router\lib\layer.js:152:17)[39m
[31m    at trimPrefix (C:\Users\Lenovo\Desktop\NewBranch\branch-backend\node_modules\router\index.js:342:13)[39m
[31m    at C:\Users\Lenovo\Desktop\NewBranch\branch-backend\node_modules\router\index.js:297:9[39m
[31m    at processParams (C:\Users\Lenovo\Desktop\NewBranch\branch-backend\node_modules\router\index.js:582:12)[39m
[31m    at next (C:\Users\Lenovo\Desktop\NewBranch\branch-backend\node_modules\router\index.js:291:5)[39m
[31m    at Function.handle (C:\Users\Lenovo\Desktop\NewBranch\branch-backend\node_modules\router\index.js:186:3)[39m
[31m    at router (C:\Users\Lenovo\Desktop\NewBranch\branch-backend\node_modules\router\index.js:60:12)[39m
[31m    at Layer.handleRequest (C:\Users\Lenovo\Desktop\NewBranch\branch-backend\node_modules\router\lib\layer.js:152:17)[39m
[31m    at trimPrefix (C:\Users\Lenovo\Desktop\NewBranch\branch-backend\node_modules\router\index.js:342:13)[39m
[2026-08-12 15:21:53:2153] [[31merror[39m]: [31mError: Invalid or expired authentication token.[39m
[31m    at auth (C:\Users\Lenovo\Desktop\NewBranch\branch-backend\src\middleware\auth.middleware.ts:44:13)[39m
[31m    at Layer.handleRequest (C:\Users\Lenovo\Desktop\NewBranch\branch-backend\node_modules\router\lib\layer.js:152:17)[39m
[31m    at trimPrefix (C:\Users\Lenovo\Desktop\NewBranch\branch-backend\node_modules\router\index.js:342:13)[39m
[31m    at C:\Users\Lenovo\Desktop\NewBranch\branch-backend\node_modules\router\index.js:297:9[39m
[31m    at processParams (C:\Users\Lenovo\Desktop\NewBranch\branch-backend\node_modules\router\index.js:582:12)[39m
[31m    at next (C:\Users\Lenovo\Desktop\NewBranch\branch-backend\node_modules\router\index.js:291:5)[39m
[31m    at Function.handle (C:\Users\Lenovo\Desktop\NewBranch\branch-backend\node_modules\router\index.js:186:3)[39m
[31m    at router (C:\Users\Lenovo\Desktop\NewBranch\branch-backend\node_modules\router\index.js:60:12)[39m
[31m    at Layer.handleRequest (C:\Users\Lenovo\Desktop\NewBranch\branch-backend\node_modules\router\lib\layer.js:152:17)[39m
[31m    at trimPrefix (C:\Users\Lenovo\Desktop\NewBranch\branch-backend\node_modules\router\index.js:342:13)[39m
[2026-08-12 15:21:53:2153] [[31merror[39m]: [31mError: Invalid or expired authentication token.[39m
[31m    at auth (C:\Users\Lenovo\Desktop\NewBranch\branch-backend\src\middleware\auth.middleware.ts:44:13)[39m
[31m    at Layer.handleRequest (C:\Users\Lenovo\Desktop\NewBranch\branch-backend\node_modules\router\lib\layer.js:152:17)[39m
[31m    at trimPrefix (C:\Users\Lenovo\Desktop\NewBranch\branch-backend\node_modules\router\index.js:342:13)[39m
[31m    at C:\Users\Lenovo\Desktop\NewBranch\branch-backend\node_modules\router\index.js:297:9[39m
[31m    at processParams (C:\Users\Lenovo\Desktop\NewBranch\branch-backend\node_modules\router\index.js:582:12)[39m
[31m    at next (C:\Users\Lenovo\Desktop\NewBranch\branch-backend\node_modules\router\index.js:291:5)[39m
[31m    at Function.handle (C:\Users\Lenovo\Desktop\NewBranch\branch-backend\node_modules\router\index.js:186:3)[39m
[31m    at router (C:\Users\Lenovo\Desktop\NewBranch\branch-backend\node_modules\router\index.js:60:12)[39m
[31m    at Layer.handleRequest (C:\Users\Lenovo\Desktop\NewBranch\branch-backend\node_modules\router\lib\layer.js:152:17)[39m
[31m    at trimPrefix (C:\Users\Lenovo\Desktop\NewBranch\branch-backend\node_modules\router\index.js:342:13)[39m
[2026-08-12 15:37:24:3724] [[31merror[39m]: [31mError: Invalid or expired authentication token.[39m
[31m    at auth (C:\Users\Lenovo\Desktop\NewBranch\branch-backend\src\middleware\auth.middleware.ts:44:13)[39m
[31m    at Layer.handleRequest (C:\Users\Lenovo\Desktop\NewBranch\branch-backend\node_modules\router\lib\layer.js:152:17)[39m
[31m    at trimPrefix (C:\Users\Lenovo\Desktop\NewBranch\branch-backend\node_modules\router\index.js:342:13)[39m
[31m    at C:\Users\Lenovo\Desktop\NewBranch\branch-backend\node_modules\router\index.js:297:9[39m
[31m    at processParams (C:\Users\Lenovo\Desktop\NewBranch\branch-backend\node_modules\router\index.js:582:12)[39m
[31m    at next (C:\Users\Lenovo\Desktop\NewBranch\branch-backend\node_modules\router\index.js:291:5)[39m
[31m    at Function.handle (C:\Users\Lenovo\Desktop\NewBranch\branch-backend\node_modules\router\index.js:186:3)[39m
[31m    at router (C:\Users\Lenovo\Desktop\NewBranch\branch-backend\node_modules\router\index.js:60:12)[39m
[31m    at Layer.handleRequest (C:\Users\Lenovo\Desktop\NewBranch\branch-backend\node_modules\router\lib\layer.js:152:17)[39m
[31m    at trimPrefix (C:\Users\Lenovo\Desktop\NewBranch\branch-backend\node_modules\router\index.js:342:13)[39m
[2026-08-12 15:59:31:5931] [[31merror[39m]: [31mError: Invalid or expired authentication token.[39m
[31m    at auth (C:\Users\Lenovo\Desktop\NewBranch\branch-backend\src\middleware\auth.middleware.ts:44:13)[39m
[31m    at Layer.handleRequest (C:\Users\Lenovo\Desktop\NewBranch\branch-backend\node_modules\router\lib\layer.js:152:17)[39m
[31m    at trimPrefix (C:\Users\Lenovo\Desktop\NewBranch\branch-backend\node_modules\router\index.js:342:13)[39m
[31m    at C:\Users\Lenovo\Desktop\NewBranch\branch-backend\node_modules\router\index.js:297:9[39m
[31m    at processParams (C:\Users\Lenovo\Desktop\NewBranch\branch-backend\node_modules\router\index.js:582:12)[39m
[31m    at next (C:\Users\Lenovo\Desktop\NewBranch\branch-backend\node_modules\router\index.js:291:5)[39m
[31m    at Function.handle (C:\Users\Lenovo\Desktop\NewBranch\branch-backend\node_modules\router\index.js:186:3)[39m
[31m    at router (C:\Users\Lenovo\Desktop\NewBranch\branch-backend\node_modules\router\index.js:60:12)[39m
[31m    at Layer.handleRequest (C:\Users\Lenovo\Desktop\NewBranch\branch-backend\node_modules\router\lib\layer.js:152:17)[39m
[31m    at trimPrefix (C:\Users\Lenovo\Desktop\NewBranch\branch-backend\node_modules\router\index.js:342:13)[39m
[2026-08-12 16:02:52:252] [[32minfo[39m]: [32mServer is running in development mode on port 8000[39m
[2026-08-12 16:23:21:2321] [[31merror[39m]: [31mError: Invalid or expired authentication token.[39m
[31m    at auth (C:\Users\Lenovo\Desktop\NewBranch\branch-backend\src\middleware\auth.middleware.ts:44:13)[39m
[31m    at Layer.handleRequest (C:\Users\Lenovo\Desktop\NewBranch\branch-backend\node_modules\router\lib\layer.js:152:17)[39m
[31m    at trimPrefix (C:\Users\Lenovo\Desktop\NewBranch\branch-backend\node_modules\router\index.js:342:13)[39m
[31m    at C:\Users\Lenovo\Desktop\NewBranch\branch-backend\node_modules\router\index.js:297:9[39m
[31m    at processParams (C:\Users\Lenovo\Desktop\NewBranch\branch-backend\node_modules\router\index.js:582:12)[39m
[31m    at next (C:\Users\Lenovo\Desktop\NewBranch\branch-backend\node_modules\router\index.js:291:5)[39m
[31m    at Function.handle (C:\Users\Lenovo\Desktop\NewBranch\branch-backend\node_modules\router\index.js:186:3)[39m
[31m    at router (C:\Users\Lenovo\Desktop\NewBranch\branch-backend\node_modules\router\index.js:60:12)[39m
[31m    at Layer.handleRequest (C:\Users\Lenovo\Desktop\NewBranch\branch-backend\node_modules\router\lib\layer.js:152:17)[39m
[31m    at trimPrefix (C:\Users\Lenovo\Desktop\NewBranch\branch-backend\node_modules\router\index.js:342:13)[39m
[2026-08-12 16:42:28:4228] [[31merror[39m]: [31mError: Invalid or expired authentication token.[39m
[31m    at auth (C:\Users\Lenovo\Desktop\NewBranch\branch-backend\src\middleware\auth.middleware.ts:44:13)[39m
[31m    at Layer.handleRequest (C:\Users\Lenovo\Desktop\NewBranch\branch-backend\node_modules\router\lib\layer.js:152:17)[39m
[31m    at trimPrefix (C:\Users\Lenovo\Desktop\NewBranch\branch-backend\node_modules\router\index.js:342:13)[39m
[31m    at C:\Users\Lenovo\Desktop\NewBranch\branch-backend\node_modules\router\index.js:297:9[39m
[31m    at processParams (C:\Users\Lenovo\Desktop\NewBranch\branch-backend\node_modules\router\index.js:582:12)[39m
[31m    at next (C:\Users\Lenovo\Desktop\NewBranch\branch-backend\node_modules\router\index.js:291:5)[39m
[31m    at Function.handle (C:\Users\Lenovo\Desktop\NewBranch\branch-backend\node_modules\router\index.js:186:3)[39m
[31m    at router (C:\Users\Lenovo\Desktop\NewBranch\branch-backend\node_modules\router\index.js:60:12)[39m
[31m    at Layer.handleRequest (C:\Users\Lenovo\Desktop\NewBranch\branch-backend\node_modules\router\lib\layer.js:152:17)[39m
[31m    at trimPrefix (C:\Users\Lenovo\Desktop\NewBranch\branch-backend\node_modules\router\index.js:342:13)[39m
[2026-08-12 16:42:28:4228] [[31merror[39m]: [31mError: Invalid or expired authentication token.[39m
[31m    at auth (C:\Users\Lenovo\Desktop\NewBranch\branch-backend\src\middleware\auth.middleware.ts:44:13)[39m
[31m    at Layer.handleRequest (C:\Users\Lenovo\Desktop\NewBranch\branch-backend\node_modules\router\lib\layer.js:152:17)[39m
[31m    at trimPrefix (C:\Users\Lenovo\Desktop\NewBranch\branch-backend\node_modules\router\index.js:342:13)[39m
[31m    at C:\Users\Lenovo\Desktop\NewBranch\branch-backend\node_modules\router\index.js:297:9[39m
[31m    at processParams (C:\Users\Lenovo\Desktop\NewBranch\branch-backend\node_modules\router\index.js:582:12)[39m
[31m    at next (C:\Users\Lenovo\Desktop\NewBranch\branch-backend\node_modules\router\index.js:291:5)[39m
[31m    at Function.handle (C:\Users\Lenovo\Desktop\NewBranch\branch-backend\node_modules\router\index.js:186:3)[39m
[31m    at router (C:\Users\Lenovo\Desktop\NewBranch\branch-backend\node_modules\router\index.js:60:12)[39m
[31m    at Layer.handleRequest (C:\Users\Lenovo\Desktop\NewBranch\branch-backend\node_modules\router\lib\layer.js:152:17)[39m
[31m    at trimPrefix (C:\Users\Lenovo\Desktop\NewBranch\branch-backend\node_modules\router\index.js:342:13)[39m
[2026-08-12 16:42:28:4228] [[31merror[39m]: [31mError: Invalid or expired authentication token.[39m
[31m    at auth (C:\Users\Lenovo\Desktop\NewBranch\branch-backend\src\middleware\auth.middleware.ts:44:13)[39m
[31m    at Layer.handleRequest (C:\Users\Lenovo\Desktop\NewBranch\branch-backend\node_modules\router\lib\layer.js:152:17)[39m
[31m    at trimPrefix (C:\Users\Lenovo\Desktop\NewBranch\branch-backend\node_modules\router\index.js:342:13)[39m
[31m    at C:\Users\Lenovo\Desktop\NewBranch\branch-backend\node_modules\router\index.js:297:9[39m
[31m    at processParams (C:\Users\Lenovo\Desktop\NewBranch\branch-backend\node_modules\router\index.js:582:12)[39m
[31m    at next (C:\Users\Lenovo\Desktop\NewBranch\branch-backend\node_modules\router\index.js:291:5)[39m
[31m    at Function.handle (C:\Users\Lenovo\Desktop\NewBranch\branch-backend\node_modules\router\index.js:186:3)[39m
[31m    at router (C:\Users\Lenovo\Desktop\NewBranch\branch-backend\node_modules\router\index.js:60:12)[39m
[31m    at Layer.handleRequest (C:\Users\Lenovo\Desktop\NewBranch\branch-backend\node_modules\router\lib\layer.js:152:17)[39m
[31m    at trimPrefix (C:\Users\Lenovo\Desktop\NewBranch\branch-backend\node_modules\router\index.js:342:13)[39m
[2026-08-12 16:42:28:4228] [[31merror[39m]: [31mError: Invalid or expired authentication token.[39m
[31m    at auth (C:\Users\Lenovo\Desktop\NewBranch\branch-backend\src\middleware\auth.middleware.ts:44:13)[39m
[31m    at Layer.handleRequest (C:\Users\Lenovo\Desktop\NewBranch\branch-backend\node_modules\router\lib\layer.js:152:17)[39m
[31m    at trimPrefix (C:\Users\Lenovo\Desktop\NewBranch\branch-backend\node_modules\router\index.js:342:13)[39m
[31m    at C:\Users\Lenovo\Desktop\NewBranch\branch-backend\node_modules\router\index.js:297:9[39m
[31m    at processParams (C:\Users\Lenovo\Desktop\NewBranch\branch-backend\node_modules\router\index.js:582:12)[39m
[31m    at next (C:\Users\Lenovo\Desktop\NewBranch\branch-backend\node_modules\router\index.js:291:5)[39m
[31m    at Function.handle (C:\Users\Lenovo\Desktop\NewBranch\branch-backend\node_modules\router\index.js:186:3)[39m
[31m    at router (C:\Users\Lenovo\Desktop\NewBranch\branch-backend\node_modules\router\index.js:60:12)[39m
[31m    at Layer.handleRequest (C:\Users\Lenovo\Desktop\NewBranch\branch-backend\node_modules\router\lib\layer.js:152:17)[39m
[31m    at trimPrefix (C:\Users\Lenovo\Desktop\NewBranch\branch-backend\node_modules\router\index.js:342:13)[39m
[2026-08-12 16:48:24:4824] [[31merror[39m]: [31mPrismaClientKnownRequestError: [39m
[31mInvalid `prisma.purchase_request.findMany()` invocation in[39m
[31mC:\Users\Lenovo\Desktop\NewBranch\branch-backend\src\modules\purchase-request\purchase-request.service.ts:91:52[39m

[31m  88   ];[39m
[31m  89 }[39m
[31m  90 [39m
[31m→ 91 const requests = await prisma.purchase_request.findMany([39m
[31mTimed out fetching a new connection from the connection pool. More info: http://pris.ly/d/connection-pool (Current connection pool timeout: 10, connection limit: 21)[39m
[31m    at $n.handleRequestError (C:\Users\Lenovo\Desktop\NewBranch\branch-backend\node_modules\@prisma\client\runtime\library.js:121:7315)[39m
[31m    at $n.handleAndLogRequestError (C:\Users\Lenovo\Desktop\NewBranch\branch-backend\node_modules\@prisma\client\runtime\library.js:121:6623)[39m
[31m    at $n.request (C:\Users\Lenovo\Desktop\NewBranch\branch-backend\node_modules\@prisma\client\runtime\library.js:121:6307)[39m
[31m    at async l (C:\Users\Lenovo\Desktop\NewBranch\branch-backend\node_modules\@prisma\client\runtime\library.js:130:9633)[39m
[31m    at async PurchaseRequestService.getPurchaseRequests (C:\Users\Lenovo\Desktop\NewBranch\branch-backend\src\modules\purchase-request\purchase-request.service.ts:91:22)[39m
[31m    at async getAll (C:\Users\Lenovo\Desktop\NewBranch\branch-backend\src\modules\purchase-request\purchase-request.controller.ts:16:24)[39m
[2026-08-12 16:49:03:493] [[31merror[39m]: [31mPrismaClientKnownRequestError: [39m
[31mInvalid `prisma.purchase_request.findMany()` invocation in[39m
[31mC:\Users\Lenovo\Desktop\NewBranch\branch-backend\src\modules\purchase-request\purchase-request.service.ts:91:52[39m

[31m  88   ];[39m
[31m  89 }[39m
[31m  90 [39m
[31m→ 91 const requests = await prisma.purchase_request.findMany([39m
[31mTimed out fetching a new connection from the connection pool. More info: http://pris.ly/d/connection-pool (Current connection pool timeout: 10, connection limit: 21)[39m
[31m    at $n.handleRequestError (C:\Users\Lenovo\Desktop\NewBranch\branch-backend\node_modules\@prisma\client\runtime\library.js:121:7315)[39m
[31m    at $n.handleAndLogRequestError (C:\Users\Lenovo\Desktop\NewBranch\branch-backend\node_modules\@prisma\client\runtime\library.js:121:6623)[39m
[31m    at $n.request (C:\Users\Lenovo\Desktop\NewBranch\branch-backend\node_modules\@prisma\client\runtime\library.js:121:6307)[39m
[31m    at async l (C:\Users\Lenovo\Desktop\NewBranch\branch-backend\node_modules\@prisma\client\runtime\library.js:130:9633)[39m
[31m    at async PurchaseRequestService.getPurchaseRequests (C:\Users\Lenovo\Desktop\NewBranch\branch-backend\src\modules\purchase-request\purchase-request.service.ts:91:22)[39m
[31m    at async getAll (C:\Users\Lenovo\Desktop\NewBranch\branch-backend\src\modules\purchase-request\purchase-request.controller.ts:16:24)[39m
[2026-08-12 16:51:17:5117] [[31merror[39m]: [31mPrismaClientKnownRequestError: [39m
[31mInvalid `prisma.purchase_request.findMany()` invocation in[39m
[31mC:\Users\Lenovo\Desktop\NewBranch\branch-backend\src\modules\purchase-request\purchase-request.service.ts:91:52[39m

[31m  88   ];[39m
[31m  89 }[39m
[31m  90 [39m
[31m→ 91 const requests = await prisma.purchase_request.findMany([39m
[31mTimed out fetching a new connection from the connection pool. More info: http://pris.ly/d/connection-pool (Current connection pool timeout: 10, connection limit: 21)[39m
[31m    at $n.handleRequestError (C:\Users\Lenovo\Desktop\NewBranch\branch-backend\node_modules\@prisma\client\runtime\library.js:121:7315)[39m
[31m    at $n.handleAndLogRequestError (C:\Users\Lenovo\Desktop\NewBranch\branch-backend\node_modules\@prisma\client\runtime\library.js:121:6623)[39m
[31m    at $n.request (C:\Users\Lenovo\Desktop\NewBranch\branch-backend\node_modules\@prisma\client\runtime\library.js:121:6307)[39m
[31m    at async l (C:\Users\Lenovo\Desktop\NewBranch\branch-backend\node_modules\@prisma\client\runtime\library.js:130:9633)[39m
[31m    at async PurchaseRequestService.getPurchaseRequests (C:\Users\Lenovo\Desktop\NewBranch\branch-backend\src\modules\purchase-request\purchase-request.service.ts:91:22)[39m
[31m    at async getAll (C:\Users\Lenovo\Desktop\NewBranch\branch-backend\src\modules\purchase-request\purchase-request.controller.ts:16:24)[39m
[2026-08-12 16:51:28:5128] [[31merror[39m]: [31mPrismaClientKnownRequestError: [39m
[31mInvalid `prisma.purchase_request.findMany()` invocation in[39m
[31mC:\Users\Lenovo\Desktop\NewBranch\branch-backend\src\modules\purchase-request\purchase-request.service.ts:91:52[39m

[31m  88   ];[39m
[31m  89 }[39m
[31m  90 [39m
[31m→ 91 const requests = await prisma.purchase_request.findMany([39m
[31mTimed out fetching a new connection from the connection pool. More info: http://pris.ly/d/connection-pool (Current connection pool timeout: 10, connection limit: 21)[39m
[31m    at $n.handleRequestError (C:\Users\Lenovo\Desktop\NewBranch\branch-backend\node_modules\@prisma\client\runtime\library.js:121:7315)[39m
[31m    at $n.handleAndLogRequestError (C:\Users\Lenovo\Desktop\NewBranch\branch-backend\node_modules\@prisma\client\runtime\library.js:121:6623)[39m
[31m    at $n.request (C:\Users\Lenovo\Desktop\NewBranch\branch-backend\node_modules\@prisma\client\runtime\library.js:121:6307)[39m
[31m    at async l (C:\Users\Lenovo\Desktop\NewBranch\branch-backend\node_modules\@prisma\client\runtime\library.js:130:9633)[39m
[31m    at async PurchaseRequestService.getPurchaseRequests (C:\Users\Lenovo\Desktop\NewBranch\branch-backend\src\modules\purchase-request\purchase-request.service.ts:91:22)[39m
[31m    at async getAll (C:\Users\Lenovo\Desktop\NewBranch\branch-backend\src\modules\purchase-request\purchase-request.controller.ts:16:24)[39m
[2026-08-12 16:52:19:5219] [[31merror[39m]: [31mPrismaClientKnownRequestError: [39m
[31mInvalid `prisma.purchase_request.findMany()` invocation in[39m
[31mC:\Users\Lenovo\Desktop\NewBranch\branch-backend\src\modules\purchase-request\purchase-request.service.ts:91:52[39m

[31m  88   ];[39m
[31m  89 }[39m
[31m  90 [39m
[31m→ 91 const requests = await prisma.purchase_request.findMany([39m
[31mTimed out fetching a new connection from the connection pool. More info: http://pris.ly/d/connection-pool (Current connection pool timeout: 10, connection limit: 21)[39m
[31m    at $n.handleRequestError (C:\Users\Lenovo\Desktop\NewBranch\branch-backend\node_modules\@prisma\client\runtime\library.js:121:7315)[39m
[31m    at $n.handleAndLogRequestError (C:\Users\Lenovo\Desktop\NewBranch\branch-backend\node_modules\@prisma\client\runtime\library.js:121:6623)[39m
[31m    at $n.request (C:\Users\Lenovo\Desktop\NewBranch\branch-backend\node_modules\@prisma\client\runtime\library.js:121:6307)[39m
[31m    at async l (C:\Users\Lenovo\Desktop\NewBranch\branch-backend\node_modules\@prisma\client\runtime\library.js:130:9633)[39m
[31m    at async PurchaseRequestService.getPurchaseRequests (C:\Users\Lenovo\Desktop\NewBranch\branch-backend\src\modules\purchase-request\purchase-request.service.ts:91:22)[39m
[31m    at async getAll (C:\Users\Lenovo\Desktop\NewBranch\branch-backend\src\modules\purchase-request\purchase-request.controller.ts:16:24)[39m
[2026-08-12 16:52:24:5224] [[31merror[39m]: [31mPrismaClientKnownRequestError: [39m
[31mInvalid `prisma.retailers.count()` invocation in[39m
[31mC:\Users\Lenovo\Desktop\NewBranch\branch-backend\src\modules\retailers\retailers.service.ts:58:24[39m

[31m  55 }[39m
[31m  56 [39m
[31m  57 const [total, data] = await Promise.all([[39m
[31m→ 58   prisma.retailers.count([39m
[31mTimed out fetching a new connection from the connection pool. More info: http://pris.ly/d/connection-pool (Current connection pool timeout: 10, connection limit: 21)[39m
[31m    at $n.handleRequestError (C:\Users\Lenovo\Desktop\NewBranch\branch-backend\node_modules\@prisma\client\runtime\library.js:121:7315)[39m
[31m    at $n.handleAndLogRequestError (C:\Users\Lenovo\Desktop\NewBranch\branch-backend\node_modules\@prisma\client\runtime\library.js:121:6623)[39m
[31m    at $n.request (C:\Users\Lenovo\Desktop\NewBranch\branch-backend\node_modules\@prisma\client\runtime\library.js:121:6307)[39m
[31m    at async l (C:\Users\Lenovo\Desktop\NewBranch\branch-backend\node_modules\@prisma\client\runtime\library.js:130:9633)[39m
[31m    at async Promise.all (index 0)[39m
[31m    at async RetailersService.getRetailers (C:\Users\Lenovo\Desktop\NewBranch\branch-backend\src\modules\retailers\retailers.service.ts:57:27)[39m
[31m    at async getAll (C:\Users\Lenovo\Desktop\NewBranch\branch-backend\src\modules\retailers\retailers.controller.ts:19:22)[39m
[2026-08-12 16:52:24:5224] [[31merror[39m]: [31mPrismaClientKnownRequestError: [39m
[31mInvalid `prisma.items.findMany()` invocation in[39m
[31mC:\Users\Lenovo\Desktop\NewBranch\branch-backend\src\modules\items\items.service.ts:56:20[39m

[31m  53 [39m
[31m  54 const [total, items, categories, warehouses] = await Promise.all([[39m
[31m  55   prisma.items.count({ where }),[39m
[31m→ 56   prisma.items.findMany([39m
[31mTimed out fetching a new connection from the connection pool. More info: http://pris.ly/d/connection-pool (Current connection pool timeout: 10, connection limit: 21)[39m
[31m    at $n.handleRequestError (C:\Users\Lenovo\Desktop\NewBranch\branch-backend\node_modules\@prisma\client\runtime\library.js:121:7315)[39m
[31m    at $n.handleAndLogRequestError (C:\Users\Lenovo\Desktop\NewBranch\branch-backend\node_modules\@prisma\client\runtime\library.js:121:6623)[39m
[31m    at $n.request (C:\Users\Lenovo\Desktop\NewBranch\branch-backend\node_modules\@prisma\client\runtime\library.js:121:6307)[39m
[31m    at async l (C:\Users\Lenovo\Desktop\NewBranch\branch-backend\node_modules\@prisma\client\runtime\library.js:130:9633)[39m
[31m    at async Promise.all (index 1)[39m
[31m    at async ItemsService.getItems (C:\Users\Lenovo\Desktop\NewBranch\branch-backend\src\modules\items\items.service.ts:54:52)[39m
[31m    at async getAll (C:\Users\Lenovo\Desktop\NewBranch\branch-backend\src\modules\items\items.controller.ts:11:22)[39m
[2026-08-12 16:52:24:5224] [[31merror[39m]: [31mPrismaClientKnownRequestError: [39m
[31mInvalid `prisma.purchase_request.findUnique()` invocation in[39m
[31mC:\Users\Lenovo\Desktop\NewBranch\branch-backend\src\modules\purchase-request\purchase-request.service.ts:123:51[39m

[31m  120 [39m
[31m  121 /** Get single purchase request details by ID */[39m
[31m  122 public async getPurchaseRequestById(id: number) {[39m
[31m→ 123   const request = await prisma.purchase_request.findUnique([39m
[31mTimed out fetching a new connection from the connection pool. More info: http://pris.ly/d/connection-pool (Current connection pool timeout: 10, connection limit: 21)[39m
[31m    at $n.handleRequestError (C:\Users\Lenovo\Desktop\NewBranch\branch-backend\node_modules\@prisma\client\runtime\library.js:121:7315)[39m
[31m    at $n.handleAndLogRequestError (C:\Users\Lenovo\Desktop\NewBranch\branch-backend\node_modules\@prisma\client\runtime\library.js:121:6623)[39m
[31m    at $n.request (C:\Users\Lenovo\Desktop\NewBranch\branch-backend\node_modules\@prisma\client\runtime\library.js:121:6307)[39m
[31m    at async l (C:\Users\Lenovo\Desktop\NewBranch\branch-backend\node_modules\@prisma\client\runtime\library.js:130:9633)[39m
[31m    at async PurchaseRequestService.getPurchaseRequestById (C:\Users\Lenovo\Desktop\NewBranch\branch-backend\src\modules\purchase-request\purchase-request.service.ts:123:21)[39m
[31m    at async getById (C:\Users\Lenovo\Desktop\NewBranch\branch-backend\src\modules\purchase-request\purchase-request.controller.ts:39:23)[39m
[2026-08-12 16:52:26:5226] [[31merror[39m]: [31mPrismaClientKnownRequestError: [39m
[31mInvalid `prisma.purchase_request.findMany()` invocation in[39m
[31mC:\Users\Lenovo\Desktop\NewBranch\branch-backend\src\modules\purchase-request\purchase-request.service.ts:91:52[39m

[31m  88   ];[39m
[31m  89 }[39m
[31m  90 [39m
[31m→ 91 const requests = await prisma.purchase_request.findMany([39m
[31mTimed out fetching a new connection from the connection pool. More info: http://pris.ly/d/connection-pool (Current connection pool timeout: 10, connection limit: 21)[39m
[31m    at $n.handleRequestError (C:\Users\Lenovo\Desktop\NewBranch\branch-backend\node_modules\@prisma\client\runtime\library.js:121:7315)[39m
[31m    at $n.handleAndLogRequestError (C:\Users\Lenovo\Desktop\NewBranch\branch-backend\node_modules\@prisma\client\runtime\library.js:121:6623)[39m
[31m    at $n.request (C:\Users\Lenovo\Desktop\NewBranch\branch-backend\node_modules\@prisma\client\runtime\library.js:121:6307)[39m
[31m    at async l (C:\Users\Lenovo\Desktop\NewBranch\branch-backend\node_modules\@prisma\client\runtime\library.js:130:9633)[39m
[31m    at async PurchaseRequestService.getPurchaseRequests (C:\Users\Lenovo\Desktop\NewBranch\branch-backend\src\modules\purchase-request\purchase-request.service.ts:91:22)[39m
[31m    at async getAll (C:\Users\Lenovo\Desktop\NewBranch\branch-backend\src\modules\purchase-request\purchase-request.controller.ts:16:24)[39m
[2026-08-12 16:52:37:5237] [[31merror[39m]: [31mPrismaClientKnownRequestError: [39m
[31mInvalid `prisma.purchase_request.findMany()` invocation in[39m
[31mC:\Users\Lenovo\Desktop\NewBranch\branch-backend\src\modules\purchase-request\purchase-request.service.ts:91:52[39m

[31m  88   ];[39m
[31m  89 }[39m
[31m  90 [39m
[31m→ 91 const requests = await prisma.purchase_request.findMany([39m
[31mTimed out fetching a new connection from the connection pool. More info: http://pris.ly/d/connection-pool (Current connection pool timeout: 10, connection limit: 21)[39m
[31m    at $n.handleRequestError (C:\Users\Lenovo\Desktop\NewBranch\branch-backend\node_modules\@prisma\client\runtime\library.js:121:7315)[39m
[31m    at $n.handleAndLogRequestError (C:\Users\Lenovo\Desktop\NewBranch\branch-backend\node_modules\@prisma\client\runtime\library.js:121:6623)[39m
[31m    at $n.request (C:\Users\Lenovo\Desktop\NewBranch\branch-backend\node_modules\@prisma\client\runtime\library.js:121:6307)[39m
[31m    at async l (C:\Users\Lenovo\Desktop\NewBranch\branch-backend\node_modules\@prisma\client\runtime\library.js:130:9633)[39m
[31m    at async PurchaseRequestService.getPurchaseRequests (C:\Users\Lenovo\Desktop\NewBranch\branch-backend\src\modules\purchase-request\purchase-request.service.ts:91:22)[39m
[31m    at async getAll (C:\Users\Lenovo\Desktop\NewBranch\branch-backend\src\modules\purchase-request\purchase-request.controller.ts:16:24)[39m
[2026-08-12 16:56:23:5623] [[31merror[39m]: [31mPrismaClientKnownRequestError: [39m
[31mInvalid `prisma.purchase_request.findMany()` invocation in[39m
[31mC:\Users\Lenovo\Desktop\NewBranch\branch-backend\src\modules\purchase-request\purchase-request.service.ts:91:52[39m

[31m  88   ];[39m
[31m  89 }[39m
[31m  90 [39m
[31m→ 91 const requests = await prisma.purchase_request.findMany([39m
[31mTimed out fetching a new connection from the connection pool. More info: http://pris.ly/d/connection-pool (Current connection pool timeout: 10, connection limit: 21)[39m
[31m    at $n.handleRequestError (C:\Users\Lenovo\Desktop\NewBranch\branch-backend\node_modules\@prisma\client\runtime\library.js:121:7315)[39m
[31m    at $n.handleAndLogRequestError (C:\Users\Lenovo\Desktop\NewBranch\branch-backend\node_modules\@prisma\client\runtime\library.js:121:6623)[39m
[31m    at $n.request (C:\Users\Lenovo\Desktop\NewBranch\branch-backend\node_modules\@prisma\client\runtime\library.js:121:6307)[39m
[31m    at async l (C:\Users\Lenovo\Desktop\NewBranch\branch-backend\node_modules\@prisma\client\runtime\library.js:130:9633)[39m
[31m    at async PurchaseRequestService.getPurchaseRequests (C:\Users\Lenovo\Desktop\NewBranch\branch-backend\src\modules\purchase-request\purchase-request.service.ts:91:22)[39m
[31m    at async getAll (C:\Users\Lenovo\Desktop\NewBranch\branch-backend\src\modules\purchase-request\purchase-request.controller.ts:16:24)[39m
[2026-08-12 16:56:36:5636] [[31merror[39m]: [31mPrismaClientKnownRequestError: [39m
[31mInvalid `prisma.purchase_request.findMany()` invocation in[39m
[31mC:\Users\Lenovo\Desktop\NewBranch\branch-backend\src\modules\purchase-request\purchase-request.service.ts:91:52[39m

[31m  88   ];[39m
[31m  89 }[39m
[31m  90 [39m
[31m→ 91 const requests = await prisma.purchase_request.findMany([39m
[31mTimed out fetching a new connection from the connection pool. More info: http://pris.ly/d/connection-pool (Current connection pool timeout: 10, connection limit: 21)[39m
[31m    at $n.handleRequestError (C:\Users\Lenovo\Desktop\NewBranch\branch-backend\node_modules\@prisma\client\runtime\library.js:121:7315)[39m
[31m    at $n.handleAndLogRequestError (C:\Users\Lenovo\Desktop\NewBranch\branch-backend\node_modules\@prisma\client\runtime\library.js:121:6623)[39m
[31m    at $n.request (C:\Users\Lenovo\Desktop\NewBranch\branch-backend\node_modules\@prisma\client\runtime\library.js:121:6307)[39m
[31m    at async l (C:\Users\Lenovo\Desktop\NewBranch\branch-backend\node_modules\@prisma\client\runtime\library.js:130:9633)[39m
[31m    at async PurchaseRequestService.getPurchaseRequests (C:\Users\Lenovo\Desktop\NewBranch\branch-backend\src\modules\purchase-request\purchase-request.service.ts:91:22)[39m
[31m    at async getAll (C:\Users\Lenovo\Desktop\NewBranch\branch-backend\src\modules\purchase-request\purchase-request.controller.ts:16:24)[39m
[2026-08-12 17:27:31:2731] [[31merror[39m]: [31mError: Invalid or expired authentication token.[39m
[31m    at auth (C:\Users\Lenovo\Desktop\NewBranch\branch-backend\src\middleware\auth.middleware.ts:44:13)[39m
[31m    at Layer.handleRequest (C:\Users\Lenovo\Desktop\NewBranch\branch-backend\node_modules\router\lib\layer.js:152:17)[39m
[31m    at trimPrefix (C:\Users\Lenovo\Desktop\NewBranch\branch-backend\node_modules\router\index.js:342:13)[39m
[31m    at C:\Users\Lenovo\Desktop\NewBranch\branch-backend\node_modules\router\index.js:297:9[39m
[31m    at processParams (C:\Users\Lenovo\Desktop\NewBranch\branch-backend\node_modules\router\index.js:582:12)[39m
[31m    at next (C:\Users\Lenovo\Desktop\NewBranch\branch-backend\node_modules\router\index.js:291:5)[39m
[31m    at Function.handle (C:\Users\Lenovo\Desktop\NewBranch\branch-backend\node_modules\router\index.js:186:3)[39m
[31m    at router (C:\Users\Lenovo\Desktop\NewBranch\branch-backend\node_modules\router\index.js:60:12)[39m
[31m    at Layer.handleRequest (C:\Users\Lenovo\Desktop\NewBranch\branch-backend\node_modules\router\lib\layer.js:152:17)[39m
[31m    at trimPrefix (C:\Users\Lenovo\Desktop\NewBranch\branch-backend\node_modules\router\index.js:342:13)[39m
[2026-08-12 17:27:31:2731] [[31merror[39m]: [31mError: Invalid or expired authentication token.[39m
[31m    at auth (C:\Users\Lenovo\Desktop\NewBranch\branch-backend\src\middleware\auth.middleware.ts:44:13)[39m
[31m    at Layer.handleRequest (C:\Users\Lenovo\Desktop\NewBranch\branch-backend\node_modules\router\lib\layer.js:152:17)[39m
[31m    at trimPrefix (C:\Users\Lenovo\Desktop\NewBranch\branch-backend\node_modules\router\index.js:342:13)[39m
[31m    at C:\Users\Lenovo\Desktop\NewBranch\branch-backend\node_modules\router\index.js:297:9[39m
[31m    at processParams (C:\Users\Lenovo\Desktop\NewBranch\branch-backend\node_modules\router\index.js:582:12)[39m
[31m    at next (C:\Users\Lenovo\Desktop\NewBranch\branch-backend\node_modules\router\index.js:291:5)[39m
[31m    at Function.handle (C:\Users\Lenovo\Desktop\NewBranch\branch-backend\node_modules\router\index.js:186:3)[39m
[31m    at router (C:\Users\Lenovo\Desktop\NewBranch\branch-backend\node_modules\router\index.js:60:12)[39m
[31m    at Layer.handleRequest (C:\Users\Lenovo\Desktop\NewBranch\branch-backend\node_modules\router\lib\layer.js:152:17)[39m
[31m    at trimPrefix (C:\Users\Lenovo\Desktop\NewBranch\branch-backend\node_modules\router\index.js:342:13)[39m
[2026-08-12 17:27:31:2731] [[31merror[39m]: [31mError: Invalid or expired authentication token.[39m
[31m    at auth (C:\Users\Lenovo\Desktop\NewBranch\branch-backend\src\middleware\auth.middleware.ts:44:13)[39m
[31m    at Layer.handleRequest (C:\Users\Lenovo\Desktop\NewBranch\branch-backend\node_modules\router\lib\layer.js:152:17)[39m
[31m    at trimPrefix (C:\Users\Lenovo\Desktop\NewBranch\branch-backend\node_modules\router\index.js:342:13)[39m
[31m    at C:\Users\Lenovo\Desktop\NewBranch\branch-backend\node_modules\router\index.js:297:9[39m
[31m    at processParams (C:\Users\Lenovo\Desktop\NewBranch\branch-backend\node_modules\router\index.js:582:12)[39m
[31m    at next (C:\Users\Lenovo\Desktop\NewBranch\branch-backend\node_modules\router\index.js:291:5)[39m
[31m    at Function.handle (C:\Users\Lenovo\Desktop\NewBranch\branch-backend\node_modules\router\index.js:186:3)[39m
[31m    at router (C:\Users\Lenovo\Desktop\NewBranch\branch-backend\node_modules\router\index.js:60:12)[39m
[31m    at Layer.handleRequest (C:\Users\Lenovo\Desktop\NewBranch\branch-backend\node_modules\router\lib\layer.js:152:17)[39m
[31m    at trimPrefix (C:\Users\Lenovo\Desktop\NewBranch\branch-backend\node_modules\router\index.js:342:13)[39m
[2026-08-12 17:27:31:2731] [[31merror[39m]: [31mError: Invalid or expired authentication token.[39m
[31m    at auth (C:\Users\Lenovo\Desktop\NewBranch\branch-backend\src\middleware\auth.middleware.ts:44:13)[39m
[31m    at Layer.handleRequest (C:\Users\Lenovo\Desktop\NewBranch\branch-backend\node_modules\router\lib\layer.js:152:17)[39m
[31m    at trimPrefix (C:\Users\Lenovo\Desktop\NewBranch\branch-backend\node_modules\router\index.js:342:13)[39m
[31m    at C:\Users\Lenovo\Desktop\NewBranch\branch-backend\node_modules\router\index.js:297:9[39m
[31m    at processParams (C:\Users\Lenovo\Desktop\NewBranch\branch-backend\node_modules\router\index.js:582:12)[39m
[31m    at next (C:\Users\Lenovo\Desktop\NewBranch\branch-backend\node_modules\router\index.js:291:5)[39m
[31m    at Function.handle (C:\Users\Lenovo\Desktop\NewBranch\branch-backend\node_modules\router\index.js:186:3)[39m
[31m    at router (C:\Users\Lenovo\Desktop\NewBranch\branch-backend\node_modules\router\index.js:60:12)[39m
[31m    at Layer.handleRequest (C:\Users\Lenovo\Desktop\NewBranch\branch-backend\node_modules\router\lib\layer.js:152:17)[39m
[31m    at trimPrefix (C:\Users\Lenovo\Desktop\NewBranch\branch-backend\node_modules\router\index.js:342:13)[39m
[2026-08-12 17:53:28:5328] [[31merror[39m]: [31mError: Invalid or expired authentication token.[39m
[31m    at auth (C:\Users\Lenovo\Desktop\NewBranch\branch-backend\src\middleware\auth.middleware.ts:44:13)[39m
[31m    at Layer.handleRequest (C:\Users\Lenovo\Desktop\NewBranch\branch-backend\node_modules\router\lib\layer.js:152:17)[39m
[31m    at trimPrefix (C:\Users\Lenovo\Desktop\NewBranch\branch-backend\node_modules\router\index.js:342:13)[39m
[31m    at C:\Users\Lenovo\Desktop\NewBranch\branch-backend\node_modules\router\index.js:297:9[39m
[31m    at processParams (C:\Users\Lenovo\Desktop\NewBranch\branch-backend\node_modules\router\index.js:582:12)[39m
[31m    at next (C:\Users\Lenovo\Desktop\NewBranch\branch-backend\node_modules\router\index.js:291:5)[39m
[31m    at Function.handle (C:\Users\Lenovo\Desktop\NewBranch\branch-backend\node_modules\router\index.js:186:3)[39m
[31m    at router (C:\Users\Lenovo\Desktop\NewBranch\branch-backend\node_modules\router\index.js:60:12)[39m
[31m    at Layer.handleRequest (C:\Users\Lenovo\Desktop\NewBranch\branch-backend\node_modules\router\lib\layer.js:152:17)[39m
[31m    at trimPrefix (C:\Users\Lenovo\Desktop\NewBranch\branch-backend\node_modules\router\index.js:342:13)[39m
[2026-08-12 18:17:22:1722] [[31merror[39m]: [31mError: Invalid or expired authentication token.[39m
[31m    at auth (C:\Users\Lenovo\Desktop\NewBranch\branch-backend\src\middleware\auth.middleware.ts:44:13)[39m
[31m    at Layer.handleRequest (C:\Users\Lenovo\Desktop\NewBranch\branch-backend\node_modules\router\lib\layer.js:152:17)[39m
[31m    at trimPrefix (C:\Users\Lenovo\Desktop\NewBranch\branch-backend\node_modules\router\index.js:342:13)[39m
[31m    at C:\Users\Lenovo\Desktop\NewBranch\branch-backend\node_modules\router\index.js:297:9[39m
[31m    at processParams (C:\Users\Lenovo\Desktop\NewBranch\branch-backend\node_modules\router\index.js:582:12)[39m
[31m    at next (C:\Users\Lenovo\Desktop\NewBranch\branch-backend\node_modules\router\index.js:291:5)[39m
[31m    at Function.handle (C:\Users\Lenovo\Desktop\NewBranch\branch-backend\node_modules\router\index.js:186:3)[39m
[31m    at router (C:\Users\Lenovo\Desktop\NewBranch\branch-backend\node_modules\router\index.js:60:12)[39m
[31m    at Layer.handleRequest (C:\Users\Lenovo\Desktop\NewBranch\branch-backend\node_modules\router\lib\layer.js:152:17)[39m
[31m    at trimPrefix (C:\Users\Lenovo\Desktop\NewBranch\branch-backend\node_modules\router\index.js:342:13)[39m
[2026-08-12 18:17:22:1722] [[31merror[39m]: [31mError: Invalid or expired authentication token.[39m
[31m    at auth (C:\Users\Lenovo\Desktop\NewBranch\branch-backend\src\middleware\auth.middleware.ts:44:13)[39m
[31m    at Layer.handleRequest (C:\Users\Lenovo\Desktop\NewBranch\branch-backend\node_modules\router\lib\layer.js:152:17)[39m
[31m    at trimPrefix (C:\Users\Lenovo\Desktop\NewBranch\branch-backend\node_modules\router\index.js:342:13)[39m
[31m    at C:\Users\Lenovo\Desktop\NewBranch\branch-backend\node_modules\router\index.js:297:9[39m
[31m    at processParams (C:\Users\Lenovo\Desktop\NewBranch\branch-backend\node_modules\router\index.js:582:12)[39m
[31m    at next (C:\Users\Lenovo\Desktop\NewBranch\branch-backend\node_modules\router\index.js:291:5)[39m
[31m    at Function.handle (C:\Users\Lenovo\Desktop\NewBranch\branch-backend\node_modules\router\index.js:186:3)[39m
[31m    at router (C:\Users\Lenovo\Desktop\NewBranch\branch-backend\node_modules\router\index.js:60:12)[39m
[31m    at Layer.handleRequest (C:\Users\Lenovo\Desktop\NewBranch\branch-backend\node_modules\router\lib\layer.js:152:17)[39m
[31m    at trimPrefix (C:\Users\Lenovo\Desktop\NewBranch\branch-backend\node_modules\router\index.js:342:13)[39m
[2026-08-12 18:17:22:1722] [[31merror[39m]: [31mError: Invalid or expired authentication token.[39m
[31m    at auth (C:\Users\Lenovo\Desktop\NewBranch\branch-backend\src\middleware\auth.middleware.ts:44:13)[39m
[31m    at Layer.handleRequest (C:\Users\Lenovo\Desktop\NewBranch\branch-backend\node_modules\router\lib\layer.js:152:17)[39m
[31m    at trimPrefix (C:\Users\Lenovo\Desktop\NewBranch\branch-backend\node_modules\router\index.js:342:13)[39m
[31m    at C:\Users\Lenovo\Desktop\NewBranch\branch-backend\node_modules\router\index.js:297:9[39m
[31m    at processParams (C:\Users\Lenovo\Desktop\NewBranch\branch-backend\node_modules\router\index.js:582:12)[39m
[31m    at next (C:\Users\Lenovo\Desktop\NewBranch\branch-backend\node_modules\router\index.js:291:5)[39m
[31m    at Function.handle (C:\Users\Lenovo\Desktop\NewBranch\branch-backend\node_modules\router\index.js:186:3)[39m
[31m    at router (C:\Users\Lenovo\Desktop\NewBranch\branch-backend\node_modules\router\index.js:60:12)[39m
[31m    at Layer.handleRequest (C:\Users\Lenovo\Desktop\NewBranch\branch-backend\node_modules\router\lib\layer.js:152:17)[39m
[31m    at trimPrefix (C:\Users\Lenovo\Desktop\NewBranch\branch-backend\node_modules\router\index.js:342:13)[39m
[2026-08-13 10:07:05:75] [[31merror[39m]: [31mError: Invalid or expired authentication token.[39m
[31m    at auth (C:\Users\Lenovo\Desktop\NewBranch\branch-backend\src\middleware\auth.middleware.ts:44:13)[39m
[31m    at Layer.handleRequest (C:\Users\Lenovo\Desktop\NewBranch\branch-backend\node_modules\router\lib\layer.js:152:17)[39m
[31m    at trimPrefix (C:\Users\Lenovo\Desktop\NewBranch\branch-backend\node_modules\router\index.js:342:13)[39m
[31m    at C:\Users\Lenovo\Desktop\NewBranch\branch-backend\node_modules\router\index.js:297:9[39m
[31m    at processParams (C:\Users\Lenovo\Desktop\NewBranch\branch-backend\node_modules\router\index.js:582:12)[39m
[31m    at next (C:\Users\Lenovo\Desktop\NewBranch\branch-backend\node_modules\router\index.js:291:5)[39m
[31m    at Function.handle (C:\Users\Lenovo\Desktop\NewBranch\branch-backend\node_modules\router\index.js:186:3)[39m
[31m    at router (C:\Users\Lenovo\Desktop\NewBranch\branch-backend\node_modules\router\index.js:60:12)[39m
[31m    at Layer.handleRequest (C:\Users\Lenovo\Desktop\NewBranch\branch-backend\node_modules\router\lib\layer.js:152:17)[39m
[31m    at trimPrefix (C:\Users\Lenovo\Desktop\NewBranch\branch-backend\node_modules\router\index.js:342:13)[39m
[2026-08-13 10:07:06:76] [[31merror[39m]: [31mError: Invalid or expired authentication token.[39m
[31m    at auth (C:\Users\Lenovo\Desktop\NewBranch\branch-backend\src\middleware\auth.middleware.ts:44:13)[39m
[31m    at Layer.handleRequest (C:\Users\Lenovo\Desktop\NewBranch\branch-backend\node_modules\router\lib\layer.js:152:17)[39m
[31m    at trimPrefix (C:\Users\Lenovo\Desktop\NewBranch\branch-backend\node_modules\router\index.js:342:13)[39m
[31m    at C:\Users\Lenovo\Desktop\NewBranch\branch-backend\node_modules\router\index.js:297:9[39m
[31m    at processParams (C:\Users\Lenovo\Desktop\NewBranch\branch-backend\node_modules\router\index.js:582:12)[39m
[31m    at next (C:\Users\Lenovo\Desktop\NewBranch\branch-backend\node_modules\router\index.js:291:5)[39m
[31m    at Function.handle (C:\Users\Lenovo\Desktop\NewBranch\branch-backend\node_modules\router\index.js:186:3)[39m
[31m    at router (C:\Users\Lenovo\Desktop\NewBranch\branch-backend\node_modules\router\index.js:60:12)[39m
[31m    at Layer.handleRequest (C:\Users\Lenovo\Desktop\NewBranch\branch-backend\node_modules\router\lib\layer.js:152:17)[39m
[31m    at trimPrefix (C:\Users\Lenovo\Desktop\NewBranch\branch-backend\node_modules\router\index.js:342:13)[39m
[2026-08-13 10:07:06:76] [[31merror[39m]: [31mError: Invalid or expired authentication token.[39m
[31m    at auth (C:\Users\Lenovo\Desktop\NewBranch\branch-backend\src\middleware\auth.middleware.ts:44:13)[39m
[31m    at Layer.handleRequest (C:\Users\Lenovo\Desktop\NewBranch\branch-backend\node_modules\router\lib\layer.js:152:17)[39m
[31m    at trimPrefix (C:\Users\Lenovo\Desktop\NewBranch\branch-backend\node_modules\router\index.js:342:13)[39m
[31m    at C:\Users\Lenovo\Desktop\NewBranch\branch-backend\node_modules\router\index.js:297:9[39m
[31m    at processParams (C:\Users\Lenovo\Desktop\NewBranch\branch-backend\node_modules\router\index.js:582:12)[39m
[31m    at next (C:\Users\Lenovo\Desktop\NewBranch\branch-backend\node_modules\router\index.js:291:5)[39m
[31m    at Function.handle (C:\Users\Lenovo\Desktop\NewBranch\branch-backend\node_modules\router\index.js:186:3)[39m
[31m    at router (C:\Users\Lenovo\Desktop\NewBranch\branch-backend\node_modules\router\index.js:60:12)[39m
[31m    at Layer.handleRequest (C:\Users\Lenovo\Desktop\NewBranch\branch-backend\node_modules\router\lib\layer.js:152:17)[39m
[31m    at trimPrefix (C:\Users\Lenovo\Desktop\NewBranch\branch-backend\node_modules\router\index.js:342:13)[39m
[2026-08-13 12:15:57:1557] [[32minfo[39m]: [32mServer is running in development mode on port 8000[39m
[2026-08-13 12:51:52:5152] [[31merror[39m]: [31mError: Invalid or expired authentication token.[39m
[31m    at auth (C:\Users\Lenovo\Desktop\NewBranch\branch-backend\src\middleware\auth.middleware.ts:44:13)[39m
[31m    at Layer.handleRequest (C:\Users\Lenovo\Desktop\NewBranch\branch-backend\node_modules\router\lib\layer.js:152:17)[39m
[31m    at trimPrefix (C:\Users\Lenovo\Desktop\NewBranch\branch-backend\node_modules\router\index.js:342:13)[39m
[31m    at C:\Users\Lenovo\Desktop\NewBranch\branch-backend\node_modules\router\index.js:297:9[39m
[31m    at processParams (C:\Users\Lenovo\Desktop\NewBranch\branch-backend\node_modules\router\index.js:582:12)[39m
[31m    at next (C:\Users\Lenovo\Desktop\NewBranch\branch-backend\node_modules\router\index.js:291:5)[39m
[31m    at Function.handle (C:\Users\Lenovo\Desktop\NewBranch\branch-backend\node_modules\router\index.js:186:3)[39m
[31m    at router (C:\Users\Lenovo\Desktop\NewBranch\branch-backend\node_modules\router\index.js:60:12)[39m
[31m    at Layer.handleRequest (C:\Users\Lenovo\Desktop\NewBranch\branch-backend\node_modules\router\lib\layer.js:152:17)[39m
[31m    at trimPrefix (C:\Users\Lenovo\Desktop\NewBranch\branch-backend\node_modules\router\index.js:342:13)[39m
[2026-08-18 10:00:13:013] [[32minfo[39m]: [32mServer is running in development mode on port 8000[39m
[2026-08-18 10:01:30:130] [[31merror[39m]: [31mError: Invalid or expired authentication token.[39m
[31m    at auth (C:\Users\Lenovo\Desktop\NewBranch\branch-backend\src\middleware\auth.middleware.ts:44:13)[39m
[31m    at Layer.handleRequest (C:\Users\Lenovo\Desktop\NewBranch\branch-backend\node_modules\router\lib\layer.js:152:17)[39m
[31m    at trimPrefix (C:\Users\Lenovo\Desktop\NewBranch\branch-backend\node_modules\router\index.js:342:13)[39m
[31m    at C:\Users\Lenovo\Desktop\NewBranch\branch-backend\node_modules\router\index.js:297:9[39m
[31m    at processParams (C:\Users\Lenovo\Desktop\NewBranch\branch-backend\node_modules\router\index.js:582:12)[39m
[31m    at next (C:\Users\Lenovo\Desktop\NewBranch\branch-backend\node_modules\router\index.js:291:5)[39m
[31m    at Function.handle (C:\Users\Lenovo\Desktop\NewBranch\branch-backend\node_modules\router\index.js:186:3)[39m
[31m    at router (C:\Users\Lenovo\Desktop\NewBranch\branch-backend\node_modules\router\index.js:60:12)[39m
[31m    at Layer.handleRequest (C:\Users\Lenovo\Desktop\NewBranch\branch-backend\node_modules\router\lib\layer.js:152:17)[39m
[31m    at trimPrefix (C:\Users\Lenovo\Desktop\NewBranch\branch-backend\node_modules\router\index.js:342:13)[39m
[2026-08-18 10:01:40:140] [[31merror[39m]: [31mPrismaClientInitializationError: [39m
[31mInvalid `prisma.users.findUnique()` invocation in[39m
[31mC:\Users\Lenovo\Desktop\NewBranch\branch-backend\src\modules\auth\auth.service.ts:151:37[39m

[31m  148 }[39m
[31m  149 [39m
[31m  150 // Verify user still exists and is active[39m
[31m→ 151 const user = await prisma.users.findUnique([39m
[31mTimed out fetching a new connection from the connection pool. More info: http://pris.ly/d/connection-pool (Current connection pool timeout: 10, connection limit: 21)[39m
[31m    at $n.handleRequestError (C:\Users\Lenovo\Desktop\NewBranch\branch-backend\node_modules\@prisma\client\runtime\library.js:121:7615)[39m
[31m    at $n.handleAndLogRequestError (C:\Users\Lenovo\Desktop\NewBranch\branch-backend\node_modules\@prisma\client\runtime\library.js:121:6623)[39m
[31m    at $n.request (C:\Users\Lenovo\Desktop\NewBranch\branch-backend\node_modules\@prisma\client\runtime\library.js:121:6307)[39m
[31m    at async l (C:\Users\Lenovo\Desktop\NewBranch\branch-backend\node_modules\@prisma\client\runtime\library.js:130:9633)[39m
[31m    at async AuthService.refresh (C:\Users\Lenovo\Desktop\NewBranch\branch-backend\src\modules\auth\auth.service.ts:151:18)[39m
[31m    at async refresh (C:\Users\Lenovo\Desktop\NewBranch\branch-backend\src\modules\auth\auth.controller.ts:55:45)[39m
[2026-08-18 10:02:01:21] [[31merror[39m]: [31mPrismaClientInitializationError: [39m
[31mInvalid `prisma.users.findFirst()` invocation in[39m
[31mC:\Users\Lenovo\Desktop\NewBranch\branch-backend\src\modules\auth\auth.service.ts:69:37[39m

[31m  66   throw new BadRequestError('Email and password are required.');[39m
[31m  67 }[39m
[31m  68 [39m
[31m→ 69 const user = await prisma.users.findFirst([39m
[31mTimed out fetching a new connection from the connection pool. More info: http://pris.ly/d/connection-pool (Current connection pool timeout: 10, connection limit: 21)[39m
[31m    at $n.handleRequestError (C:\Users\Lenovo\Desktop\NewBranch\branch-backend\node_modules\@prisma\client\runtime\library.js:121:7615)[39m
[31m    at $n.handleAndLogRequestError (C:\Users\Lenovo\Desktop\NewBranch\branch-backend\node_modules\@prisma\client\runtime\library.js:121:6623)[39m
[31m    at $n.request (C:\Users\Lenovo\Desktop\NewBranch\branch-backend\node_modules\@prisma\client\runtime\library.js:121:6307)[39m
[31m    at async l (C:\Users\Lenovo\Desktop\NewBranch\branch-backend\node_modules\@prisma\client\runtime\library.js:130:9633)[39m
[31m    at async AuthService.login (C:\Users\Lenovo\Desktop\NewBranch\branch-backend\src\modules\auth\auth.service.ts:69:18)[39m
[31m    at async login (C:\Users\Lenovo\Desktop\NewBranch\branch-backend\src\modules\auth\auth.controller.ts:37:51)[39m
[2026-08-18 10:19:09:199] [[31merror[39m]: [31mError: Invalid or expired authentication token.[39m
[31m    at auth (C:\Users\Lenovo\Desktop\NewBranch\branch-backend\src\middleware\auth.middleware.ts:44:13)[39m
[31m    at Layer.handleRequest (C:\Users\Lenovo\Desktop\NewBranch\branch-backend\node_modules\router\lib\layer.js:152:17)[39m
[31m    at trimPrefix (C:\Users\Lenovo\Desktop\NewBranch\branch-backend\node_modules\router\index.js:342:13)[39m
[31m    at C:\Users\Lenovo\Desktop\NewBranch\branch-backend\node_modules\router\index.js:297:9[39m
[31m    at processParams (C:\Users\Lenovo\Desktop\NewBranch\branch-backend\node_modules\router\index.js:582:12)[39m
[31m    at next (C:\Users\Lenovo\Desktop\NewBranch\branch-backend\node_modules\router\index.js:291:5)[39m
[31m    at Function.handle (C:\Users\Lenovo\Desktop\NewBranch\branch-backend\node_modules\router\index.js:186:3)[39m
[31m    at router (C:\Users\Lenovo\Desktop\NewBranch\branch-backend\node_modules\router\index.js:60:12)[39m
[31m    at Layer.handleRequest (C:\Users\Lenovo\Desktop\NewBranch\branch-backend\node_modules\router\lib\layer.js:152:17)[39m
[31m    at trimPrefix (C:\Users\Lenovo\Desktop\NewBranch\branch-backend\node_modules\router\index.js:342:13)[39m
[2026-08-18 10:19:09:199] [[31merror[39m]: [31mError: Invalid or expired authentication token.[39m
[31m    at auth (C:\Users\Lenovo\Desktop\NewBranch\branch-backend\src\middleware\auth.middleware.ts:44:13)[39m
[31m    at Layer.handleRequest (C:\Users\Lenovo\Desktop\NewBranch\branch-backend\node_modules\router\lib\layer.js:152:17)[39m
[31m    at trimPrefix (C:\Users\Lenovo\Desktop\NewBranch\branch-backend\node_modules\router\index.js:342:13)[39m
[31m    at C:\Users\Lenovo\Desktop\NewBranch\branch-backend\node_modules\router\index.js:297:9[39m
[31m    at processParams (C:\Users\Lenovo\Desktop\NewBranch\branch-backend\node_modules\router\index.js:582:12)[39m
[31m    at next (C:\Users\Lenovo\Desktop\NewBranch\branch-backend\node_modules\router\index.js:291:5)[39m
[31m    at Function.handle (C:\Users\Lenovo\Desktop\NewBranch\branch-backend\node_modules\router\index.js:186:3)[39m
[31m    at router (C:\Users\Lenovo\Desktop\NewBranch\branch-backend\node_modules\router\index.js:60:12)[39m
[31m    at Layer.handleRequest (C:\Users\Lenovo\Desktop\NewBranch\branch-backend\node_modules\router\lib\layer.js:152:17)[39m
[31m    at trimPrefix (C:\Users\Lenovo\Desktop\NewBranch\branch-backend\node_modules\router\index.js:342:13)[39m
[2026-08-18 10:19:09:199] [[31merror[39m]: [31mError: Invalid or expired authentication token.[39m
[31m    at auth (C:\Users\Lenovo\Desktop\NewBranch\branch-backend\src\middleware\auth.middleware.ts:44:13)[39m
[31m    at Layer.handleRequest (C:\Users\Lenovo\Desktop\NewBranch\branch-backend\node_modules\router\lib\layer.js:152:17)[39m
[31m    at trimPrefix (C:\Users\Lenovo\Desktop\NewBranch\branch-backend\node_modules\router\index.js:342:13)[39m
[31m    at C:\Users\Lenovo\Desktop\NewBranch\branch-backend\node_modules\router\index.js:297:9[39m
[31m    at processParams (C:\Users\Lenovo\Desktop\NewBranch\branch-backend\node_modules\router\index.js:582:12)[39m
[31m    at next (C:\Users\Lenovo\Desktop\NewBranch\branch-backend\node_modules\router\index.js:291:5)[39m
[31m    at Function.handle (C:\Users\Lenovo\Desktop\NewBranch\branch-backend\node_modules\router\index.js:186:3)[39m
[31m    at router (C:\Users\Lenovo\Desktop\NewBranch\branch-backend\node_modules\router\index.js:60:12)[39m
[31m    at Layer.handleRequest (C:\Users\Lenovo\Desktop\NewBranch\branch-backend\node_modules\router\lib\layer.js:152:17)[39m
[31m    at trimPrefix (C:\Users\Lenovo\Desktop\NewBranch\branch-backend\node_modules\router\index.js:342:13)[39m
[2026-08-18 10:19:09:199] [[31merror[39m]: [31mError: Invalid or expired authentication token.[39m
[31m    at auth (C:\Users\Lenovo\Desktop\NewBranch\branch-backend\src\middleware\auth.middleware.ts:44:13)[39m
[31m    at Layer.handleRequest (C:\Users\Lenovo\Desktop\NewBranch\branch-backend\node_modules\router\lib\layer.js:152:17)[39m
[31m    at trimPrefix (C:\Users\Lenovo\Desktop\NewBranch\branch-backend\node_modules\router\index.js:342:13)[39m
[31m    at C:\Users\Lenovo\Desktop\NewBranch\branch-backend\node_modules\router\index.js:297:9[39m
[31m    at processParams (C:\Users\Lenovo\Desktop\NewBranch\branch-backend\node_modules\router\index.js:582:12)[39m
[31m    at next (C:\Users\Lenovo\Desktop\NewBranch\branch-backend\node_modules\router\index.js:291:5)[39m
[31m    at Function.handle (C:\Users\Lenovo\Desktop\NewBranch\branch-backend\node_modules\router\index.js:186:3)[39m
[31m    at router (C:\Users\Lenovo\Desktop\NewBranch\branch-backend\node_modules\router\index.js:60:12)[39m
[31m    at Layer.handleRequest (C:\Users\Lenovo\Desktop\NewBranch\branch-backend\node_modules\router\lib\layer.js:152:17)[39m
[31m    at trimPrefix (C:\Users\Lenovo\Desktop\NewBranch\branch-backend\node_modules\router\index.js:342:13)[39m
[2026-08-18 10:19:57:1957] [[32minfo[39m]: [32mServer is running in development mode on port 8000[39m
[2026-08-18 10:36:07:367] [[31merror[39m]: [31mError: Invalid or expired authentication token.[39m
[31m    at auth (C:\Users\Lenovo\Desktop\NewBranch\branch-backend\src\middleware\auth.middleware.ts:44:13)[39m
[31m    at Layer.handleRequest (C:\Users\Lenovo\Desktop\NewBranch\branch-backend\node_modules\router\lib\layer.js:152:17)[39m
[31m    at trimPrefix (C:\Users\Lenovo\Desktop\NewBranch\branch-backend\node_modules\router\index.js:342:13)[39m
[31m    at C:\Users\Lenovo\Desktop\NewBranch\branch-backend\node_modules\router\index.js:297:9[39m
[31m    at processParams (C:\Users\Lenovo\Desktop\NewBranch\branch-backend\node_modules\router\index.js:582:12)[39m
[31m    at next (C:\Users\Lenovo\Desktop\NewBranch\branch-backend\node_modules\router\index.js:291:5)[39m
[31m    at Function.handle (C:\Users\Lenovo\Desktop\NewBranch\branch-backend\node_modules\router\index.js:186:3)[39m
[31m    at router (C:\Users\Lenovo\Desktop\NewBranch\branch-backend\node_modules\router\index.js:60:12)[39m
[31m    at Layer.handleRequest (C:\Users\Lenovo\Desktop\NewBranch\branch-backend\node_modules\router\lib\layer.js:152:17)[39m
[31m    at trimPrefix (C:\Users\Lenovo\Desktop\NewBranch\branch-backend\node_modules\router\index.js:342:13)[39m
[2026-08-18 10:36:07:367] [[31merror[39m]: [31mError: Invalid or expired authentication token.[39m
[31m    at auth (C:\Users\Lenovo\Desktop\NewBranch\branch-backend\src\middleware\auth.middleware.ts:44:13)[39m
[31m    at Layer.handleRequest (C:\Users\Lenovo\Desktop\NewBranch\branch-backend\node_modules\router\lib\layer.js:152:17)[39m
[31m    at trimPrefix (C:\Users\Lenovo\Desktop\NewBranch\branch-backend\node_modules\router\index.js:342:13)[39m
[31m    at C:\Users\Lenovo\Desktop\NewBranch\branch-backend\node_modules\router\index.js:297:9[39m
[31m    at processParams (C:\Users\Lenovo\Desktop\NewBranch\branch-backend\node_modules\router\index.js:582:12)[39m
[31m    at next (C:\Users\Lenovo\Desktop\NewBranch\branch-backend\node_modules\router\index.js:291:5)[39m
[31m    at Function.handle (C:\Users\Lenovo\Desktop\NewBranch\branch-backend\node_modules\router\index.js:186:3)[39m
[31m    at router (C:\Users\Lenovo\Desktop\NewBranch\branch-backend\node_modules\router\index.js:60:12)[39m
[31m    at Layer.handleRequest (C:\Users\Lenovo\Desktop\NewBranch\branch-backend\node_modules\router\lib\layer.js:152:17)[39m
[31m    at trimPrefix (C:\Users\Lenovo\Desktop\NewBranch\branch-backend\node_modules\router\index.js:342:13)[39m
[2026-08-18 10:36:07:367] [[31merror[39m]: [31mError: Invalid or expired authentication token.[39m
[31m    at auth (C:\Users\Lenovo\Desktop\NewBranch\branch-backend\src\middleware\auth.middleware.ts:44:13)[39m
[31m    at Layer.handleRequest (C:\Users\Lenovo\Desktop\NewBranch\branch-backend\node_modules\router\lib\layer.js:152:17)[39m
[31m    at trimPrefix (C:\Users\Lenovo\Desktop\NewBranch\branch-backend\node_modules\router\index.js:342:13)[39m
[31m    at C:\Users\Lenovo\Desktop\NewBranch\branch-backend\node_modules\router\index.js:297:9[39m
[31m    at processParams (C:\Users\Lenovo\Desktop\NewBranch\branch-backend\node_modules\router\index.js:582:12)[39m
[31m    at next (C:\Users\Lenovo\Desktop\NewBranch\branch-backend\node_modules\router\index.js:291:5)[39m
[31m    at Function.handle (C:\Users\Lenovo\Desktop\NewBranch\branch-backend\node_modules\router\index.js:186:3)[39m
[31m    at router (C:\Users\Lenovo\Desktop\NewBranch\branch-backend\node_modules\router\index.js:60:12)[39m
[31m    at Layer.handleRequest (C:\Users\Lenovo\Desktop\NewBranch\branch-backend\node_modules\router\lib\layer.js:152:17)[39m
[31m    at trimPrefix (C:\Users\Lenovo\Desktop\NewBranch\branch-backend\node_modules\router\index.js:342:13)[39m
[2026-08-18 10:36:09:369] [[31merror[39m]: [31mError: Invalid email or password.[39m
[31m    at AuthService.login (C:\Users\Lenovo\Desktop\NewBranch\branch-backend\src\modules\auth\auth.service.ts:79:13)[39m
[31m    at async login (C:\Users\Lenovo\Desktop\NewBranch\branch-backend\src\modules\auth\auth.controller.ts:37:51)[39m
[2026-08-18 10:36:09:369] [[31merror[39m]: [31mError: Refresh token is missing.[39m
[31m    at AuthService.refresh (C:\Users\Lenovo\Desktop\NewBranch\branch-backend\src\modules\auth\auth.service.ts:127:13)[39m
[31m    at refresh (C:\Users\Lenovo\Desktop\NewBranch\branch-backend\src\modules\auth\auth.controller.ts:55:63)[39m
[31m    at Layer.handleRequest (C:\Users\Lenovo\Desktop\NewBranch\branch-backend\node_modules\router\lib\layer.js:152:17)[39m
[31m    at next (C:\Users\Lenovo\Desktop\NewBranch\branch-backend\node_modules\router\lib\route.js:157:13)[39m
[31m    at Route.dispatch (C:\Users\Lenovo\Desktop\NewBranch\branch-backend\node_modules\router\lib\route.js:117:3)[39m
[31m    at handle (C:\Users\Lenovo\Desktop\NewBranch\branch-backend\node_modules\router\index.js:435:11)[39m
[31m    at Layer.handleRequest (C:\Users\Lenovo\Desktop\NewBranch\branch-backend\node_modules\router\lib\layer.js:152:17)[39m
[31m    at C:\Users\Lenovo\Desktop\NewBranch\branch-backend\node_modules\router\index.js:295:15[39m
[31m    at processParams (C:\Users\Lenovo\Desktop\NewBranch\branch-backend\node_modules\router\index.js:582:12)[39m
[31m    at next (C:\Users\Lenovo\Desktop\NewBranch\branch-backend\node_modules\router\index.js:291:5)[39m
[2026-08-18 10:41:24:4124] [[31merror[39m]: [31mError: Invalid email or password.[39m
[31m    at AuthService.login (C:\Users\Lenovo\Desktop\NewBranch\branch-backend\src\modules\auth\auth.service.ts:79:13)[39m
[31m    at async login (C:\Users\Lenovo\Desktop\NewBranch\branch-backend\src\modules\auth\auth.controller.ts:37:51)[39m
[2026-08-18 10:41:24:4124] [[31merror[39m]: [31mError: Refresh token is missing.[39m
[31m    at AuthService.refresh (C:\Users\Lenovo\Desktop\NewBranch\branch-backend\src\modules\auth\auth.service.ts:127:13)[39m
[31m    at refresh (C:\Users\Lenovo\Desktop\NewBranch\branch-backend\src\modules\auth\auth.controller.ts:55:63)[39m
[31m    at Layer.handleRequest (C:\Users\Lenovo\Desktop\NewBranch\branch-backend\node_modules\router\lib\layer.js:152:17)[39m
[31m    at next (C:\Users\Lenovo\Desktop\NewBranch\branch-backend\node_modules\router\lib\route.js:157:13)[39m
[31m    at Route.dispatch (C:\Users\Lenovo\Desktop\NewBranch\branch-backend\node_modules\router\lib\route.js:117:3)[39m
[31m    at handle (C:\Users\Lenovo\Desktop\NewBranch\branch-backend\node_modules\router\index.js:435:11)[39m
[31m    at Layer.handleRequest (C:\Users\Lenovo\Desktop\NewBranch\branch-backend\node_modules\router\lib\layer.js:152:17)[39m
[31m    at C:\Users\Lenovo\Desktop\NewBranch\branch-backend\node_modules\router\index.js:295:15[39m
[31m    at processParams (C:\Users\Lenovo\Desktop\NewBranch\branch-backend\node_modules\router\index.js:582:12)[39m
[31m    at next (C:\Users\Lenovo\Desktop\NewBranch\branch-backend\node_modules\router\index.js:291:5)[39m
[2026-08-31 17:25:56:2556] [[32minfo[39m]: [32mServer is running in development mode on port 8000[39m
[2026-09-07 10:49:13:4913] [[32minfo[39m]: [32mServer is running in development mode on port 8000[39m
[2026-09-14 16:05:55:555] [[32minfo[39m]: [32mServer is running in development mode on port 8000[39m
[2026-09-14 16:35:20:3520] [[32minfo[39m]: [32mServer is running in development mode on port 8000[39m
[2026-09-14 16:51:28:5128] [[31merror[39m]: [31mError: Invalid or expired authentication token.[39m
[31m    at auth (C:\Users\Lenovo\Desktop\NewBranch\branch-backend\src\middleware\auth.middleware.ts:44:13)[39m
[31m    at Layer.handleRequest (C:\Users\Lenovo\Desktop\NewBranch\branch-backend\node_modules\router\lib\layer.js:152:17)[39m
[31m    at trimPrefix (C:\Users\Lenovo\Desktop\NewBranch\branch-backend\node_modules\router\index.js:342:13)[39m
[31m    at C:\Users\Lenovo\Desktop\NewBranch\branch-backend\node_modules\router\index.js:297:9[39m
[31m    at processParams (C:\Users\Lenovo\Desktop\NewBranch\branch-backend\node_modules\router\index.js:582:12)[39m
[31m    at next (C:\Users\Lenovo\Desktop\NewBranch\branch-backend\node_modules\router\index.js:291:5)[39m
[31m    at Function.handle (C:\Users\Lenovo\Desktop\NewBranch\branch-backend\node_modules\router\index.js:186:3)[39m
[31m    at router (C:\Users\Lenovo\Desktop\NewBranch\branch-backend\node_modules\router\index.js:60:12)[39m
[31m    at Layer.handleRequest (C:\Users\Lenovo\Desktop\NewBranch\branch-backend\node_modules\router\lib\layer.js:152:17)[39m
[31m    at trimPrefix (C:\Users\Lenovo\Desktop\NewBranch\branch-backend\node_modules\router\index.js:342:13)[39m
[2026-09-14 16:51:28:5128] [[31merror[39m]: [31mError: Invalid or expired authentication token.[39m
[31m    at auth (C:\Users\Lenovo\Desktop\NewBranch\branch-backend\src\middleware\auth.middleware.ts:44:13)[39m
[31m    at Layer.handleRequest (C:\Users\Lenovo\Desktop\NewBranch\branch-backend\node_modules\router\lib\layer.js:152:17)[39m
[31m    at trimPrefix (C:\Users\Lenovo\Desktop\NewBranch\branch-backend\node_modules\router\index.js:342:13)[39m
[31m    at C:\Users\Lenovo\Desktop\NewBranch\branch-backend\node_modules\router\index.js:297:9[39m
[31m    at processParams (C:\Users\Lenovo\Desktop\NewBranch\branch-backend\node_modules\router\index.js:582:12)[39m
[31m    at next (C:\Users\Lenovo\Desktop\NewBranch\branch-backend\node_modules\router\index.js:291:5)[39m
[31m    at Function.handle (C:\Users\Lenovo\Desktop\NewBranch\branch-backend\node_modules\router\index.js:186:3)[39m
[31m    at router (C:\Users\Lenovo\Desktop\NewBranch\branch-backend\node_modules\router\index.js:60:12)[39m
[31m    at Layer.handleRequest (C:\Users\Lenovo\Desktop\NewBranch\branch-backend\node_modules\router\lib\layer.js:152:17)[39m
[31m    at trimPrefix (C:\Users\Lenovo\Desktop\NewBranch\branch-backend\node_modules\router\index.js:342:13)[39m
[2026-09-14 16:51:28:5128] [[31merror[39m]: [31mError: Invalid or expired authentication token.[39m
[31m    at auth (C:\Users\Lenovo\Desktop\NewBranch\branch-backend\src\middleware\auth.middleware.ts:44:13)[39m
[31m    at Layer.handleRequest (C:\Users\Lenovo\Desktop\NewBranch\branch-backend\node_modules\router\lib\layer.js:152:17)[39m
[31m    at trimPrefix (C:\Users\Lenovo\Desktop\NewBranch\branch-backend\node_modules\router\index.js:342:13)[39m
[31m    at C:\Users\Lenovo\Desktop\NewBranch\branch-backend\node_modules\router\index.js:297:9[39m
[31m    at processParams (C:\Users\Lenovo\Desktop\NewBranch\branch-backend\node_modules\router\index.js:582:12)[39m
[31m    at next (C:\Users\Lenovo\Desktop\NewBranch\branch-backend\node_modules\router\index.js:291:5)[39m
[31m    at Function.handle (C:\Users\Lenovo\Desktop\NewBranch\branch-backend\node_modules\router\index.js:186:3)[39m
[31m    at router (C:\Users\Lenovo\Desktop\NewBranch\branch-backend\node_modules\router\index.js:60:12)[39m
[31m    at Layer.handleRequest (C:\Users\Lenovo\Desktop\NewBranch\branch-backend\node_modules\router\lib\layer.js:152:17)[39m
[31m    at trimPrefix (C:\Users\Lenovo\Desktop\NewBranch\branch-backend\node_modules\router\index.js:342:13)[39m
[2026-09-14 16:51:28:5128] [[31merror[39m]: [31mError: Invalid or expired authentication token.[39m
[31m    at auth (C:\Users\Lenovo\Desktop\NewBranch\branch-backend\src\middleware\auth.middleware.ts:44:13)[39m
[31m    at Layer.handleRequest (C:\Users\Lenovo\Desktop\NewBranch\branch-backend\node_modules\router\lib\layer.js:152:17)[39m
[31m    at trimPrefix (C:\Users\Lenovo\Desktop\NewBranch\branch-backend\node_modules\router\index.js:342:13)[39m
[31m    at C:\Users\Lenovo\Desktop\NewBranch\branch-backend\node_modules\router\index.js:297:9[39m
[31m    at processParams (C:\Users\Lenovo\Desktop\NewBranch\branch-backend\node_modules\router\index.js:582:12)[39m
[31m    at next (C:\Users\Lenovo\Desktop\NewBranch\branch-backend\node_modules\router\index.js:291:5)[39m
[31m    at Function.handle (C:\Users\Lenovo\Desktop\NewBranch\branch-backend\node_modules\router\index.js:186:3)[39m
[31m    at router (C:\Users\Lenovo\Desktop\NewBranch\branch-backend\node_modules\router\index.js:60:12)[39m
[31m    at Layer.handleRequest (C:\Users\Lenovo\Desktop\NewBranch\branch-backend\node_modules\router\lib\layer.js:152:17)[39m
[31m    at trimPrefix (C:\Users\Lenovo\Desktop\NewBranch\branch-backend\node_modules\router\index.js:342:13)[39m
[2026-09-14 16:51:28:5128] [[31merror[39m]: [31mError: Invalid or expired authentication token.[39m
[31m    at auth (C:\Users\Lenovo\Desktop\NewBranch\branch-backend\src\middleware\auth.middleware.ts:44:13)[39m
[31m    at Layer.handleRequest (C:\Users\Lenovo\Desktop\NewBranch\branch-backend\node_modules\router\lib\layer.js:152:17)[39m
[31m    at trimPrefix (C:\Users\Lenovo\Desktop\NewBranch\branch-backend\node_modules\router\index.js:342:13)[39m
[31m    at C:\Users\Lenovo\Desktop\NewBranch\branch-backend\node_modules\router\index.js:297:9[39m
[31m    at processParams (C:\Users\Lenovo\Desktop\NewBranch\branch-backend\node_modules\router\index.js:582:12)[39m
[31m    at next (C:\Users\Lenovo\Desktop\NewBranch\branch-backend\node_modules\router\index.js:291:5)[39m
[31m    at Function.handle (C:\Users\Lenovo\Desktop\NewBranch\branch-backend\node_modules\router\index.js:186:3)[39m
[31m    at router (C:\Users\Lenovo\Desktop\NewBranch\branch-backend\node_modules\router\index.js:60:12)[39m
[31m    at Layer.handleRequest (C:\Users\Lenovo\Desktop\NewBranch\branch-backend\node_modules\router\lib\layer.js:152:17)[39m
[31m    at trimPrefix (C:\Users\Lenovo\Desktop\NewBranch\branch-backend\node_modules\router\index.js:342:13)[39m
[2026-09-14 16:51:28:5128] [[31merror[39m]: [31mError: Invalid or expired authentication token.[39m
[31m    at auth (C:\Users\Lenovo\Desktop\NewBranch\branch-backend\src\middleware\auth.middleware.ts:44:13)[39m
[31m    at Layer.handleRequest (C:\Users\Lenovo\Desktop\NewBranch\branch-backend\node_modules\router\lib\layer.js:152:17)[39m
[31m    at trimPrefix (C:\Users\Lenovo\Desktop\NewBranch\branch-backend\node_modules\router\index.js:342:13)[39m
[31m    at C:\Users\Lenovo\Desktop\NewBranch\branch-backend\node_modules\router\index.js:297:9[39m
[31m    at processParams (C:\Users\Lenovo\Desktop\NewBranch\branch-backend\node_modules\router\index.js:582:12)[39m
[31m    at next (C:\Users\Lenovo\Desktop\NewBranch\branch-backend\node_modules\router\index.js:291:5)[39m
[31m    at Function.handle (C:\Users\Lenovo\Desktop\NewBranch\branch-backend\node_modules\router\index.js:186:3)[39m
[31m    at router (C:\Users\Lenovo\Desktop\NewBranch\branch-backend\node_modules\router\index.js:60:12)[39m
[31m    at Layer.handleRequest (C:\Users\Lenovo\Desktop\NewBranch\branch-backend\node_modules\router\lib\layer.js:152:17)[39m
[31m    at trimPrefix (C:\Users\Lenovo\Desktop\NewBranch\branch-backend\node_modules\router\index.js:342:13)[39m
[2026-09-14 16:51:28:5128] [[31merror[39m]: [31mError: Invalid or expired authentication token.[39m
[31m    at auth (C:\Users\Lenovo\Desktop\NewBranch\branch-backend\src\middleware\auth.middleware.ts:44:13)[39m
[31m    at Layer.handleRequest (C:\Users\Lenovo\Desktop\NewBranch\branch-backend\node_modules\router\lib\layer.js:152:17)[39m
[31m    at trimPrefix (C:\Users\Lenovo\Desktop\NewBranch\branch-backend\node_modules\router\index.js:342:13)[39m
[31m    at C:\Users\Lenovo\Desktop\NewBranch\branch-backend\node_modules\router\index.js:297:9[39m
[31m    at processParams (C:\Users\Lenovo\Desktop\NewBranch\branch-backend\node_modules\router\index.js:582:12)[39m
[31m    at next (C:\Users\Lenovo\Desktop\NewBranch\branch-backend\node_modules\router\index.js:291:5)[39m
[31m    at Function.handle (C:\Users\Lenovo\Desktop\NewBranch\branch-backend\node_modules\router\index.js:186:3)[39m
[31m    at router (C:\Users\Lenovo\Desktop\NewBranch\branch-backend\node_modules\router\index.js:60:12)[39m
[31m    at Layer.handleRequest (C:\Users\Lenovo\Desktop\NewBranch\branch-backend\node_modules\router\lib\layer.js:152:17)[39m
[31m    at trimPrefix (C:\Users\Lenovo\Desktop\NewBranch\branch-backend\node_modules\router\index.js:342:13)[39m
[2026-09-14 17:03:55:355] [[32minfo[39m]: [32mServer is running in development mode on port 8000[39m
[2026-09-14 17:06:53:653] [[31merror[39m]: [31mError: Invalid or expired authentication token.[39m
[31m    at auth (C:\Users\Lenovo\Desktop\NewBranch\branch-backend\src\middleware\auth.middleware.ts:44:13)[39m
[31m    at Layer.handleRequest (C:\Users\Lenovo\Desktop\NewBranch\branch-backend\node_modules\router\lib\layer.js:152:17)[39m
[31m    at trimPrefix (C:\Users\Lenovo\Desktop\NewBranch\branch-backend\node_modules\router\index.js:342:13)[39m
[31m    at C:\Users\Lenovo\Desktop\NewBranch\branch-backend\node_modules\router\index.js:297:9[39m
[31m    at processParams (C:\Users\Lenovo\Desktop\NewBranch\branch-backend\node_modules\router\index.js:582:12)[39m
[31m    at next (C:\Users\Lenovo\Desktop\NewBranch\branch-backend\node_modules\router\index.js:291:5)[39m
[31m    at Function.handle (C:\Users\Lenovo\Desktop\NewBranch\branch-backend\node_modules\router\index.js:186:3)[39m
[31m    at router (C:\Users\Lenovo\Desktop\NewBranch\branch-backend\node_modules\router\index.js:60:12)[39m
[31m    at Layer.handleRequest (C:\Users\Lenovo\Desktop\NewBranch\branch-backend\node_modules\router\lib\layer.js:152:17)[39m
[31m    at trimPrefix (C:\Users\Lenovo\Desktop\NewBranch\branch-backend\node_modules\router\index.js:342:13)[39m
[2026-09-14 17:25:10:2510] [[32minfo[39m]: [32mServer is running in development mode on port 8000[39m
[2026-09-14 17:25:13:2513] [[31merror[39m]: [31mError: Invalid or expired authentication token.[39m
[31m    at auth (C:\Users\Lenovo\Desktop\NewBranch\branch-backend\src\middleware\auth.middleware.ts:44:13)[39m
[31m    at Layer.handleRequest (C:\Users\Lenovo\Desktop\NewBranch\branch-backend\node_modules\router\lib\layer.js:152:17)[39m
[31m    at trimPrefix (C:\Users\Lenovo\Desktop\NewBranch\branch-backend\node_modules\router\index.js:342:13)[39m
[31m    at C:\Users\Lenovo\Desktop\NewBranch\branch-backend\node_modules\router\index.js:297:9[39m
[31m    at processParams (C:\Users\Lenovo\Desktop\NewBranch\branch-backend\node_modules\router\index.js:582:12)[39m
[31m    at next (C:\Users\Lenovo\Desktop\NewBranch\branch-backend\node_modules\router\index.js:291:5)[39m
[31m    at Function.handle (C:\Users\Lenovo\Desktop\NewBranch\branch-backend\node_modules\router\index.js:186:3)[39m
[31m    at router (C:\Users\Lenovo\Desktop\NewBranch\branch-backend\node_modules\router\index.js:60:12)[39m
[31m    at Layer.handleRequest (C:\Users\Lenovo\Desktop\NewBranch\branch-backend\node_modules\router\lib\layer.js:152:17)[39m
[31m    at trimPrefix (C:\Users\Lenovo\Desktop\NewBranch\branch-backend\node_modules\router\index.js:342:13)[39m
[2026-09-14 17:40:39:4039] [[32minfo[39m]: [32mServer is running in development mode on port 8000[39m
[2026-09-14 17:40:50:4050] [[31merror[39m]: [31mError: Invalid or expired authentication token.[39m
[31m    at auth (C:\Users\Lenovo\Desktop\NewBranch\branch-backend\src\middleware\auth.middleware.ts:44:13)[39m
[31m    at Layer.handleRequest (C:\Users\Lenovo\Desktop\NewBranch\branch-backend\node_modules\router\lib\layer.js:152:17)[39m
[31m    at trimPrefix (C:\Users\Lenovo\Desktop\NewBranch\branch-backend\node_modules\router\index.js:342:13)[39m
[31m    at C:\Users\Lenovo\Desktop\NewBranch\branch-backend\node_modules\router\index.js:297:9[39m
[31m    at processParams (C:\Users\Lenovo\Desktop\NewBranch\branch-backend\node_modules\router\index.js:582:12)[39m
[31m    at next (C:\Users\Lenovo\Desktop\NewBranch\branch-backend\node_modules\router\index.js:291:5)[39m
[31m    at Function.handle (C:\Users\Lenovo\Desktop\NewBranch\branch-backend\node_modules\router\index.js:186:3)[39m
[31m    at router (C:\Users\Lenovo\Desktop\NewBranch\branch-backend\node_modules\router\index.js:60:12)[39m
[31m    at Layer.handleRequest (C:\Users\Lenovo\Desktop\NewBranch\branch-backend\node_modules\router\lib\layer.js:152:17)[39m
[31m    at trimPrefix (C:\Users\Lenovo\Desktop\NewBranch\branch-backend\node_modules\router\index.js:342:13)[39m
[2026-09-14 18:04:11:411] [[31merror[39m]: [31mError: Invalid or expired authentication token.[39m
[31m    at auth (C:\Users\Lenovo\Desktop\NewBranch\branch-backend\src\middleware\auth.middleware.ts:44:13)[39m
[31m    at Layer.handleRequest (C:\Users\Lenovo\Desktop\NewBranch\branch-backend\node_modules\router\lib\layer.js:152:17)[39m
[31m    at trimPrefix (C:\Users\Lenovo\Desktop\NewBranch\branch-backend\node_modules\router\index.js:342:13)[39m
[31m    at C:\Users\Lenovo\Desktop\NewBranch\branch-backend\node_modules\router\index.js:297:9[39m
[31m    at processParams (C:\Users\Lenovo\Desktop\NewBranch\branch-backend\node_modules\router\index.js:582:12)[39m
[31m    at next (C:\Users\Lenovo\Desktop\NewBranch\branch-backend\node_modules\router\index.js:291:5)[39m
[31m    at Function.handle (C:\Users\Lenovo\Desktop\NewBranch\branch-backend\node_modules\router\index.js:186:3)[39m
[31m    at router (C:\Users\Lenovo\Desktop\NewBranch\branch-backend\node_modules\router\index.js:60:12)[39m
[31m    at Layer.handleRequest (C:\Users\Lenovo\Desktop\NewBranch\branch-backend\node_modules\router\lib\layer.js:152:17)[39m
[31m    at trimPrefix (C:\Users\Lenovo\Desktop\NewBranch\branch-backend\node_modules\router\index.js:342:13)[39m
[2026-09-14 18:05:48:548] [[32minfo[39m]: [32mServer is running in development mode on port 8000[39m
[2026-09-14 18:23:25:2325] [[31merror[39m]: [31mError: Invalid or expired authentication token.[39m
[31m    at auth (C:\Users\Lenovo\Desktop\NewBranch\branch-backend\src\middleware\auth.middleware.ts:44:13)[39m
[31m    at Layer.handleRequest (C:\Users\Lenovo\Desktop\NewBranch\branch-backend\node_modules\router\lib\layer.js:152:17)[39m
[31m    at next (C:\Users\Lenovo\Desktop\NewBranch\branch-backend\node_modules\router\lib\route.js:157:13)[39m
[31m    at Route.dispatch (C:\Users\Lenovo\Desktop\NewBranch\branch-backend\node_modules\router\lib\route.js:117:3)[39m
[31m    at handle (C:\Users\Lenovo\Desktop\NewBranch\branch-backend\node_modules\router\index.js:435:11)[39m
[31m    at Layer.handleRequest (C:\Users\Lenovo\Desktop\NewBranch\branch-backend\node_modules\router\lib\layer.js:152:17)[39m
[31m    at C:\Users\Lenovo\Desktop\NewBranch\branch-backend\node_modules\router\index.js:295:15[39m
[31m    at processParams (C:\Users\Lenovo\Desktop\NewBranch\branch-backend\node_modules\router\index.js:582:12)[39m
[31m    at next (C:\Users\Lenovo\Desktop\NewBranch\branch-backend\node_modules\router\index.js:291:5)[39m
[31m    at Function.handle (C:\Users\Lenovo\Desktop\NewBranch\branch-backend\node_modules\router\index.js:186:3)[39m
[2026-09-15 09:30:25:3025] [[31merror[39m]: [31mError: Invalid or expired authentication token.[39m
[31m    at auth (C:\Users\Lenovo\Desktop\NewBranch\branch-backend\src\middleware\auth.middleware.ts:44:13)[39m
[31m    at Layer.handleRequest (C:\Users\Lenovo\Desktop\NewBranch\branch-backend\node_modules\router\lib\layer.js:152:17)[39m
[31m    at trimPrefix (C:\Users\Lenovo\Desktop\NewBranch\branch-backend\node_modules\router\index.js:342:13)[39m
[31m    at C:\Users\Lenovo\Desktop\NewBranch\branch-backend\node_modules\router\index.js:297:9[39m
[31m    at processParams (C:\Users\Lenovo\Desktop\NewBranch\branch-backend\node_modules\router\index.js:582:12)[39m
[31m    at next (C:\Users\Lenovo\Desktop\NewBranch\branch-backend\node_modules\router\index.js:291:5)[39m
[31m    at Function.handle (C:\Users\Lenovo\Desktop\NewBranch\branch-backend\node_modules\router\index.js:186:3)[39m
[31m    at router (C:\Users\Lenovo\Desktop\NewBranch\branch-backend\node_modules\router\index.js:60:12)[39m
[31m    at Layer.handleRequest (C:\Users\Lenovo\Desktop\NewBranch\branch-backend\node_modules\router\lib\layer.js:152:17)[39m
[31m    at trimPrefix (C:\Users\Lenovo\Desktop\NewBranch\branch-backend\node_modules\router\index.js:342:13)[39m
[2026-09-15 09:30:25:3025] [[31merror[39m]: [31mError: Invalid or expired authentication token.[39m
[31m    at auth (C:\Users\Lenovo\Desktop\NewBranch\branch-backend\src\middleware\auth.middleware.ts:44:13)[39m
[31m    at Layer.handleRequest (C:\Users\Lenovo\Desktop\NewBranch\branch-backend\node_modules\router\lib\layer.js:152:17)[39m
[31m    at trimPrefix (C:\Users\Lenovo\Desktop\NewBranch\branch-backend\node_modules\router\index.js:342:13)[39m
[31m    at C:\Users\Lenovo\Desktop\NewBranch\branch-backend\node_modules\router\index.js:297:9[39m
[31m    at processParams (C:\Users\Lenovo\Desktop\NewBranch\branch-backend\node_modules\router\index.js:582:12)[39m
[31m    at next (C:\Users\Lenovo\Desktop\NewBranch\branch-backend\node_modules\router\index.js:291:5)[39m
[31m    at Function.handle (C:\Users\Lenovo\Desktop\NewBranch\branch-backend\node_modules\router\index.js:186:3)[39m
[31m    at router (C:\Users\Lenovo\Desktop\NewBranch\branch-backend\node_modules\router\index.js:60:12)[39m
[31m    at Layer.handleRequest (C:\Users\Lenovo\Desktop\NewBranch\branch-backend\node_modules\router\lib\layer.js:152:17)[39m
[31m    at trimPrefix (C:\Users\Lenovo\Desktop\NewBranch\branch-backend\node_modules\router\index.js:342:13)[39m
[2026-09-15 09:30:25:3025] [[31merror[39m]: [31mError: Invalid or expired authentication token.[39m
[31m    at auth (C:\Users\Lenovo\Desktop\NewBranch\branch-backend\src\middleware\auth.middleware.ts:44:13)[39m
[31m    at Layer.handleRequest (C:\Users\Lenovo\Desktop\NewBranch\branch-backend\node_modules\router\lib\layer.js:152:17)[39m
[31m    at trimPrefix (C:\Users\Lenovo\Desktop\NewBranch\branch-backend\node_modules\router\index.js:342:13)[39m
[31m    at C:\Users\Lenovo\Desktop\NewBranch\branch-backend\node_modules\router\index.js:297:9[39m
[31m    at processParams (C:\Users\Lenovo\Desktop\NewBranch\branch-backend\node_modules\router\index.js:582:12)[39m
[31m    at next (C:\Users\Lenovo\Desktop\NewBranch\branch-backend\node_modules\router\index.js:291:5)[39m
[31m    at Function.handle (C:\Users\Lenovo\Desktop\NewBranch\branch-backend\node_modules\router\index.js:186:3)[39m
[31m    at router (C:\Users\Lenovo\Desktop\NewBranch\branch-backend\node_modules\router\index.js:60:12)[39m
[31m    at Layer.handleRequest (C:\Users\Lenovo\Desktop\NewBranch\branch-backend\node_modules\router\lib\layer.js:152:17)[39m
[31m    at trimPrefix (C:\Users\Lenovo\Desktop\NewBranch\branch-backend\node_modules\router\index.js:342:13)[39m
[2026-09-15 09:30:31:3031] [[31merror[39m]: [31mError: Invalid or expired authentication token.[39m
[31m    at auth (C:\Users\Lenovo\Desktop\NewBranch\branch-backend\src\middleware\auth.middleware.ts:44:13)[39m
[31m    at Layer.handleRequest (C:\Users\Lenovo\Desktop\NewBranch\branch-backend\node_modules\router\lib\layer.js:152:17)[39m
[31m    at trimPrefix (C:\Users\Lenovo\Desktop\NewBranch\branch-backend\node_modules\router\index.js:342:13)[39m
[31m    at C:\Users\Lenovo\Desktop\NewBranch\branch-backend\node_modules\router\index.js:297:9[39m
[31m    at processParams (C:\Users\Lenovo\Desktop\NewBranch\branch-backend\node_modules\router\index.js:582:12)[39m
[31m    at next (C:\Users\Lenovo\Desktop\NewBranch\branch-backend\node_modules\router\index.js:291:5)[39m
[31m    at Function.handle (C:\Users\Lenovo\Desktop\NewBranch\branch-backend\node_modules\router\index.js:186:3)[39m
[31m    at router (C:\Users\Lenovo\Desktop\NewBranch\branch-backend\node_modules\router\index.js:60:12)[39m
[31m    at Layer.handleRequest (C:\Users\Lenovo\Desktop\NewBranch\branch-backend\node_modules\router\lib\layer.js:152:17)[39m
[31m    at trimPrefix (C:\Users\Lenovo\Desktop\NewBranch\branch-backend\node_modules\router\index.js:342:13)[39m
[2026-09-15 09:30:31:3031] [[31merror[39m]: [31mError: Invalid or expired authentication token.[39m
[31m    at auth (C:\Users\Lenovo\Desktop\NewBranch\branch-backend\src\middleware\auth.middleware.ts:44:13)[39m
[31m    at Layer.handleRequest (C:\Users\Lenovo\Desktop\NewBranch\branch-backend\node_modules\router\lib\layer.js:152:17)[39m
[31m    at trimPrefix (C:\Users\Lenovo\Desktop\NewBranch\branch-backend\node_modules\router\index.js:342:13)[39m
[31m    at C:\Users\Lenovo\Desktop\NewBranch\branch-backend\node_modules\router\index.js:297:9[39m
[31m    at processParams (C:\Users\Lenovo\Desktop\NewBranch\branch-backend\node_modules\router\index.js:582:12)[39m
[31m    at next (C:\Users\Lenovo\Desktop\NewBranch\branch-backend\node_modules\router\index.js:291:5)[39m
[31m    at Function.handle (C:\Users\Lenovo\Desktop\NewBranch\branch-backend\node_modules\router\index.js:186:3)[39m
[31m    at router (C:\Users\Lenovo\Desktop\NewBranch\branch-backend\node_modules\router\index.js:60:12)[39m
[31m    at Layer.handleRequest (C:\Users\Lenovo\Desktop\NewBranch\branch-backend\node_modules\router\lib\layer.js:152:17)[39m
[31m    at trimPrefix (C:\Users\Lenovo\Desktop\NewBranch\branch-backend\node_modules\router\index.js:342:13)[39m
[2026-09-15 09:30:31:3031] [[31merror[39m]: [31mError: Invalid or expired authentication token.[39m
[31m    at auth (C:\Users\Lenovo\Desktop\NewBranch\branch-backend\src\middleware\auth.middleware.ts:44:13)[39m
[31m    at Layer.handleRequest (C:\Users\Lenovo\Desktop\NewBranch\branch-backend\node_modules\router\lib\layer.js:152:17)[39m
[31m    at trimPrefix (C:\Users\Lenovo\Desktop\NewBranch\branch-backend\node_modules\router\index.js:342:13)[39m
[31m    at C:\Users\Lenovo\Desktop\NewBranch\branch-backend\node_modules\router\index.js:297:9[39m
[31m    at processParams (C:\Users\Lenovo\Desktop\NewBranch\branch-backend\node_modules\router\index.js:582:12)[39m
[31m    at next (C:\Users\Lenovo\Desktop\NewBranch\branch-backend\node_modules\router\index.js:291:5)[39m
[31m    at Function.handle (C:\Users\Lenovo\Desktop\NewBranch\branch-backend\node_modules\router\index.js:186:3)[39m
[31m    at router (C:\Users\Lenovo\Desktop\NewBranch\branch-backend\node_modules\router\index.js:60:12)[39m
[31m    at Layer.handleRequest (C:\Users\Lenovo\Desktop\NewBranch\branch-backend\node_modules\router\lib\layer.js:152:17)[39m
[31m    at trimPrefix (C:\Users\Lenovo\Desktop\NewBranch\branch-backend\node_modules\router\index.js:342:13)[39m
[2026-09-15 09:30:31:3031] [[31merror[39m]: [31mError: Invalid or expired authentication token.[39m
[31m    at auth (C:\Users\Lenovo\Desktop\NewBranch\branch-backend\src\middleware\auth.middleware.ts:44:13)[39m
[31m    at Layer.handleRequest (C:\Users\Lenovo\Desktop\NewBranch\branch-backend\node_modules\router\lib\layer.js:152:17)[39m
[31m    at trimPrefix (C:\Users\Lenovo\Desktop\NewBranch\branch-backend\node_modules\router\index.js:342:13)[39m
[31m    at C:\Users\Lenovo\Desktop\NewBranch\branch-backend\node_modules\router\index.js:297:9[39m
[31m    at processParams (C:\Users\Lenovo\Desktop\NewBranch\branch-backend\node_modules\router\index.js:582:12)[39m
[31m    at next (C:\Users\Lenovo\Desktop\NewBranch\branch-backend\node_modules\router\index.js:291:5)[39m
[31m    at Function.handle (C:\Users\Lenovo\Desktop\NewBranch\branch-backend\node_modules\router\index.js:186:3)[39m
[31m    at router (C:\Users\Lenovo\Desktop\NewBranch\branch-backend\node_modules\router\index.js:60:12)[39m
[31m    at Layer.handleRequest (C:\Users\Lenovo\Desktop\NewBranch\branch-backend\node_modules\router\lib\layer.js:152:17)[39m
[31m    at trimPrefix (C:\Users\Lenovo\Desktop\NewBranch\branch-backend\node_modules\router\index.js:342:13)[39m
[2026-09-15 09:30:33:3033] [[31merror[39m]: [31mError: Refresh token is missing.[39m
[31m    at AuthService.refresh (C:\Users\Lenovo\Desktop\NewBranch\branch-backend\src\modules\auth\auth.service.ts:127:13)[39m
[31m    at refresh (C:\Users\Lenovo\Desktop\NewBranch\branch-backend\src\modules\auth\auth.controller.ts:55:63)[39m
[31m    at Layer.handleRequest (C:\Users\Lenovo\Desktop\NewBranch\branch-backend\node_modules\router\lib\layer.js:152:17)[39m
[31m    at next (C:\Users\Lenovo\Desktop\NewBranch\branch-backend\node_modules\router\lib\route.js:157:13)[39m
[31m    at Route.dispatch (C:\Users\Lenovo\Desktop\NewBranch\branch-backend\node_modules\router\lib\route.js:117:3)[39m
[31m    at handle (C:\Users\Lenovo\Desktop\NewBranch\branch-backend\node_modules\router\index.js:435:11)[39m
[31m    at Layer.handleRequest (C:\Users\Lenovo\Desktop\NewBranch\branch-backend\node_modules\router\lib\layer.js:152:17)[39m
[31m    at C:\Users\Lenovo\Desktop\NewBranch\branch-backend\node_modules\router\index.js:295:15[39m
[31m    at processParams (C:\Users\Lenovo\Desktop\NewBranch\branch-backend\node_modules\router\index.js:582:12)[39m
[31m    at next (C:\Users\Lenovo\Desktop\NewBranch\branch-backend\node_modules\router\index.js:291:5)[39m
[2026-09-15 10:42:44:4244] [[31merror[39m]: [31mError: Invalid or expired authentication token.[39m
[31m    at auth (C:\Users\Lenovo\Desktop\NewBranch\branch-backend\src\middleware\auth.middleware.ts:44:13)[39m
[31m    at Layer.handleRequest (C:\Users\Lenovo\Desktop\NewBranch\branch-backend\node_modules\router\lib\layer.js:152:17)[39m
[31m    at trimPrefix (C:\Users\Lenovo\Desktop\NewBranch\branch-backend\node_modules\router\index.js:342:13)[39m
[31m    at C:\Users\Lenovo\Desktop\NewBranch\branch-backend\node_modules\router\index.js:297:9[39m
[31m    at processParams (C:\Users\Lenovo\Desktop\NewBranch\branch-backend\node_modules\router\index.js:582:12)[39m
[31m    at next (C:\Users\Lenovo\Desktop\NewBranch\branch-backend\node_modules\router\index.js:291:5)[39m
[31m    at Function.handle (C:\Users\Lenovo\Desktop\NewBranch\branch-backend\node_modules\router\index.js:186:3)[39m
[31m    at router (C:\Users\Lenovo\Desktop\NewBranch\branch-backend\node_modules\router\index.js:60:12)[39m
[31m    at Layer.handleRequest (C:\Users\Lenovo\Desktop\NewBranch\branch-backend\node_modules\router\lib\layer.js:152:17)[39m
[31m    at trimPrefix (C:\Users\Lenovo\Desktop\NewBranch\branch-backend\node_modules\router\index.js:342:13)[39m
[2026-09-15 10:57:53:5753] [[31merror[39m]: [31mError: Invalid or expired authentication token.[39m
[31m    at auth (C:\Users\Lenovo\Desktop\NewBranch\branch-backend\src\middleware\auth.middleware.ts:44:13)[39m
[31m    at Layer.handleRequest (C:\Users\Lenovo\Desktop\NewBranch\branch-backend\node_modules\router\lib\layer.js:152:17)[39m
[31m    at trimPrefix (C:\Users\Lenovo\Desktop\NewBranch\branch-backend\node_modules\router\index.js:342:13)[39m
[31m    at C:\Users\Lenovo\Desktop\NewBranch\branch-backend\node_modules\router\index.js:297:9[39m
[31m    at processParams (C:\Users\Lenovo\Desktop\NewBranch\branch-backend\node_modules\router\index.js:582:12)[39m
[31m    at next (C:\Users\Lenovo\Desktop\NewBranch\branch-backend\node_modules\router\index.js:291:5)[39m
[31m    at Function.handle (C:\Users\Lenovo\Desktop\NewBranch\branch-backend\node_modules\router\index.js:186:3)[39m
[31m    at router (C:\Users\Lenovo\Desktop\NewBranch\branch-backend\node_modules\router\index.js:60:12)[39m
[31m    at Layer.handleRequest (C:\Users\Lenovo\Desktop\NewBranch\branch-backend\node_modules\router\lib\layer.js:152:17)[39m
[31m    at trimPrefix (C:\Users\Lenovo\Desktop\NewBranch\branch-backend\node_modules\router\index.js:342:13)[39m
[2026-09-15 11:24:26:2426] [[31merror[39m]: [31mError: Invalid or expired authentication token.[39m
[31m    at auth (C:\Users\Lenovo\Desktop\NewBranch\branch-backend\src\middleware\auth.middleware.ts:44:13)[39m
[31m    at Layer.handleRequest (C:\Users\Lenovo\Desktop\NewBranch\branch-backend\node_modules\router\lib\layer.js:152:17)[39m
[31m    at trimPrefix (C:\Users\Lenovo\Desktop\NewBranch\branch-backend\node_modules\router\index.js:342:13)[39m
[31m    at C:\Users\Lenovo\Desktop\NewBranch\branch-backend\node_modules\router\index.js:297:9[39m
[31m    at processParams (C:\Users\Lenovo\Desktop\NewBranch\branch-backend\node_modules\router\index.js:582:12)[39m
[31m    at next (C:\Users\Lenovo\Desktop\NewBranch\branch-backend\node_modules\router\index.js:291:5)[39m
[31m    at Function.handle (C:\Users\Lenovo\Desktop\NewBranch\branch-backend\node_modules\router\index.js:186:3)[39m
[31m    at router (C:\Users\Lenovo\Desktop\NewBranch\branch-backend\node_modules\router\index.js:60:12)[39m
[31m    at Layer.handleRequest (C:\Users\Lenovo\Desktop\NewBranch\branch-backend\node_modules\router\lib\layer.js:152:17)[39m
[31m    at trimPrefix (C:\Users\Lenovo\Desktop\NewBranch\branch-backend\node_modules\router\index.js:342:13)[39m
[2026-09-15 13:09:25:925] [[32minfo[39m]: [32mServer is running in development mode on port 8000[39m
[2026-09-15 14:12:31:1231] [[32minfo[39m]: [32mServer is running in development mode on port 8000[39m
[2026-09-15 14:12:43:1243] [[32minfo[39m]: [32mServer is running in development mode on port 8000[39m
[2026-09-15 14:13:24:1324] [[32minfo[39m]: [32mServer is running in development mode on port 8000[39m
[2026-09-15 14:13:28:1328] [[32minfo[39m]: [32mServer is running in development mode on port 8000[39m
[2026-09-15 14:13:49:1349] [[32minfo[39m]: [32mServer is running in development mode on port 8000[39m
[2026-09-15 14:13:54:1354] [[32minfo[39m]: [32mServer is running in development mode on port 8000[39m
[2026-09-15 14:14:11:1411] [[32minfo[39m]: [32mServer is running in development mode on port 8000[39m
[2026-09-15 14:14:15:1415] [[32minfo[39m]: [32mServer is running in development mode on port 8000[39m
[2026-09-15 14:14:56:1456] [[32minfo[39m]: [32mServer is running in development mode on port 8000[39m
[2026-09-15 14:15:00:150] [[32minfo[39m]: [32mServer is running in development mode on port 8000[39m
[2026-09-15 14:15:27:1527] [[32minfo[39m]: [32mServer is running in development mode on port 8000[39m
[2026-09-15 14:21:39:2139] [[31merror[39m]: [31mError: Invalid or expired authentication token.[39m
[31m    at auth (C:\Users\Lenovo\Desktop\NewBranch\branch-backend\src\middleware\auth.middleware.ts:44:13)[39m
[31m    at Layer.handleRequest (C:\Users\Lenovo\Desktop\NewBranch\branch-backend\node_modules\router\lib\layer.js:152:17)[39m
[31m    at trimPrefix (C:\Users\Lenovo\Desktop\NewBranch\branch-backend\node_modules\router\index.js:342:13)[39m
[31m    at C:\Users\Lenovo\Desktop\NewBranch\branch-backend\node_modules\router\index.js:297:9[39m
[31m    at processParams (C:\Users\Lenovo\Desktop\NewBranch\branch-backend\node_modules\router\index.js:582:12)[39m
[31m    at next (C:\Users\Lenovo\Desktop\NewBranch\branch-backend\node_modules\router\index.js:291:5)[39m
[31m    at Function.handle (C:\Users\Lenovo\Desktop\NewBranch\branch-backend\node_modules\router\index.js:186:3)[39m
[31m    at router (C:\Users\Lenovo\Desktop\NewBranch\branch-backend\node_modules\router\index.js:60:12)[39m
[31m    at Layer.handleRequest (C:\Users\Lenovo\Desktop\NewBranch\branch-backend\node_modules\router\lib\layer.js:152:17)[39m
[31m    at trimPrefix (C:\Users\Lenovo\Desktop\NewBranch\branch-backend\node_modules\router\index.js:342:13)[39m
[2026-09-15 14:51:06:516] [[31merror[39m]: [31mError: Invalid or expired authentication token.[39m
[31m    at auth (C:\Users\Lenovo\Desktop\NewBranch\branch-backend\src\middleware\auth.middleware.ts:44:13)[39m
[31m    at Layer.handleRequest (C:\Users\Lenovo\Desktop\NewBranch\branch-backend\node_modules\router\lib\layer.js:152:17)[39m
[31m    at trimPrefix (C:\Users\Lenovo\Desktop\NewBranch\branch-backend\node_modules\router\index.js:342:13)[39m
[31m    at C:\Users\Lenovo\Desktop\NewBranch\branch-backend\node_modules\router\index.js:297:9[39m
[31m    at processParams (C:\Users\Lenovo\Desktop\NewBranch\branch-backend\node_modules\router\index.js:582:12)[39m
[31m    at next (C:\Users\Lenovo\Desktop\NewBranch\branch-backend\node_modules\router\index.js:291:5)[39m
[31m    at Function.handle (C:\Users\Lenovo\Desktop\NewBranch\branch-backend\node_modules\router\index.js:186:3)[39m
[31m    at router (C:\Users\Lenovo\Desktop\NewBranch\branch-backend\node_modules\router\index.js:60:12)[39m
[31m    at Layer.handleRequest (C:\Users\Lenovo\Desktop\NewBranch\branch-backend\node_modules\router\lib\layer.js:152:17)[39m
[31m    at trimPrefix (C:\Users\Lenovo\Desktop\NewBranch\branch-backend\node_modules\router\index.js:342:13)[39m
[2026-09-15 15:09:49:949] [[31merror[39m]: [31mError: Invalid or expired authentication token.[39m
[31m    at auth (C:\Users\Lenovo\Desktop\NewBranch\branch-backend\src\middleware\auth.middleware.ts:44:13)[39m
[31m    at Layer.handleRequest (C:\Users\Lenovo\Desktop\NewBranch\branch-backend\node_modules\router\lib\layer.js:152:17)[39m
[31m    at trimPrefix (C:\Users\Lenovo\Desktop\NewBranch\branch-backend\node_modules\router\index.js:342:13)[39m
[31m    at C:\Users\Lenovo\Desktop\NewBranch\branch-backend\node_modules\router\index.js:297:9[39m
[31m    at processParams (C:\Users\Lenovo\Desktop\NewBranch\branch-backend\node_modules\router\index.js:582:12)[39m
[31m    at next (C:\Users\Lenovo\Desktop\NewBranch\branch-backend\node_modules\router\index.js:291:5)[39m
[31m    at Function.handle (C:\Users\Lenovo\Desktop\NewBranch\branch-backend\node_modules\router\index.js:186:3)[39m
[31m    at router (C:\Users\Lenovo\Desktop\NewBranch\branch-backend\node_modules\router\index.js:60:12)[39m
[31m    at Layer.handleRequest (C:\Users\Lenovo\Desktop\NewBranch\branch-backend\node_modules\router\lib\layer.js:152:17)[39m
[31m    at trimPrefix (C:\Users\Lenovo\Desktop\NewBranch\branch-backend\node_modules\router\index.js:342:13)[39m
[2026-09-15 15:30:09:309] [[31merror[39m]: [31mError: Invalid or expired authentication token.[39m
[31m    at auth (C:\Users\Lenovo\Desktop\NewBranch\branch-backend\src\middleware\auth.middleware.ts:44:13)[39m
[31m    at Layer.handleRequest (C:\Users\Lenovo\Desktop\NewBranch\branch-backend\node_modules\router\lib\layer.js:152:17)[39m
[31m    at trimPrefix (C:\Users\Lenovo\Desktop\NewBranch\branch-backend\node_modules\router\index.js:342:13)[39m
[31m    at C:\Users\Lenovo\Desktop\NewBranch\branch-backend\node_modules\router\index.js:297:9[39m
[31m    at processParams (C:\Users\Lenovo\Desktop\NewBranch\branch-backend\node_modules\router\index.js:582:12)[39m
[31m    at next (C:\Users\Lenovo\Desktop\NewBranch\branch-backend\node_modules\router\index.js:291:5)[39m
[31m    at Function.handle (C:\Users\Lenovo\Desktop\NewBranch\branch-backend\node_modules\router\index.js:186:3)[39m
[31m    at router (C:\Users\Lenovo\Desktop\NewBranch\branch-backend\node_modules\router\index.js:60:12)[39m
[31m    at Layer.handleRequest (C:\Users\Lenovo\Desktop\NewBranch\branch-backend\node_modules\router\lib\layer.js:152:17)[39m
[31m    at trimPrefix (C:\Users\Lenovo\Desktop\NewBranch\branch-backend\node_modules\router\index.js:342:13)[39m
[2026-09-15 15:34:31:3431] [[32minfo[39m]: [32mServer is running in development mode on port 8000[39m
[2026-09-15 15:34:39:3439] [[32minfo[39m]: [32mServer is running in development mode on port 8000[39m
[2026-09-15 15:34:47:3447] [[32minfo[39m]: [32mServer is running in development mode on port 8000[39m
[2026-09-15 15:48:26:4826] [[31merror[39m]: [31mError: Invalid or expired authentication token.[39m
[31m    at auth (C:\Users\Lenovo\Desktop\NewBranch\branch-backend\src\middleware\auth.middleware.ts:44:13)[39m
[31m    at Layer.handleRequest (C:\Users\Lenovo\Desktop\NewBranch\branch-backend\node_modules\router\lib\layer.js:152:17)[39m
[31m    at trimPrefix (C:\Users\Lenovo\Desktop\NewBranch\branch-backend\node_modules\router\index.js:342:13)[39m
[31m    at C:\Users\Lenovo\Desktop\NewBranch\branch-backend\node_modules\router\index.js:297:9[39m
[31m    at processParams (C:\Users\Lenovo\Desktop\NewBranch\branch-backend\node_modules\router\index.js:582:12)[39m
[31m    at next (C:\Users\Lenovo\Desktop\NewBranch\branch-backend\node_modules\router\index.js:291:5)[39m
[31m    at Function.handle (C:\Users\Lenovo\Desktop\NewBranch\branch-backend\node_modules\router\index.js:186:3)[39m
[31m    at router (C:\Users\Lenovo\Desktop\NewBranch\branch-backend\node_modules\router\index.js:60:12)[39m
[31m    at Layer.handleRequest (C:\Users\Lenovo\Desktop\NewBranch\branch-backend\node_modules\router\lib\layer.js:152:17)[39m
[31m    at trimPrefix (C:\Users\Lenovo\Desktop\NewBranch\branch-backend\node_modules\router\index.js:342:13)[39m
[2026-09-15 15:48:33:4833] [[32minfo[39m]: [32mServer is running in development mode on port 8000[39m
[2026-09-15 15:59:41:5941] [[31merror[39m]: [31mPrismaClientKnownRequestError: [39m
[31mInvalid `prisma.users.findFirst()` invocation in[39m
[31mC:\Users\Lenovo\Desktop\NewBranch\branch-backend\src\modules\auth\auth.service.ts:69:37[39m

[31m  66   throw new BadRequestError('Email and password are required.');[39m
[31m  67 }[39m
[31m  68 [39m
[31m→ 69 const user = await prisma.users.findFirst([39m
[31mThe column `Route` does not exist in the current database.[39m
[31m    at $n.handleRequestError (C:\Users\Lenovo\Desktop\NewBranch\branch-backend\node_modules\@prisma\client\runtime\library.js:121:7315)[39m
[31m    at $n.handleAndLogRequestError (C:\Users\Lenovo\Desktop\NewBranch\branch-backend\node_modules\@prisma\client\runtime\library.js:121:6623)[39m
[31m    at $n.request (C:\Users\Lenovo\Desktop\NewBranch\branch-backend\node_modules\@prisma\client\runtime\library.js:121:6307)[39m
[31m    at async l (C:\Users\Lenovo\Desktop\NewBranch\branch-backend\node_modules\@prisma\client\runtime\library.js:130:9633)[39m
[31m    at async AuthService.login (C:\Users\Lenovo\Desktop\NewBranch\branch-backend\src\modules\auth\auth.service.ts:69:18)[39m
[31m    at async login (C:\Users\Lenovo\Desktop\NewBranch\branch-backend\src\modules\auth\auth.controller.ts:37:51)[39m
[2026-09-15 16:26:29:2629] [[32minfo[39m]: [32mServer is running in development mode on port 8000[39m
[2026-09-15 16:27:06:276] [[31merror[39m]: [31mPrismaClientKnownRequestError: [39m
[31mInvalid `prisma.purchase_request_items.findMany()` invocation in[39m
[31mC:\Users\Lenovo\Desktop\NewBranch\branch-backend\src\modules\purchase-request\purchase-request.service.ts:140:55[39m

[31m  137 if (!request) return null;[39m
[31m  138 [39m
[31m  139 // Fetch items and attachments mapped by CGuid[39m
[31m→ 140 const items = await prisma.purchase_request_items.findMany([39m
[31mThe column `PurchaseRequestId` does not exist in the current database.[39m
[31m    at $n.handleRequestError (C:\Users\Lenovo\Desktop\NewBranch\branch-backend\node_modules\@prisma\client\runtime\library.js:121:7315)[39m
[31m    at $n.handleAndLogRequestError (C:\Users\Lenovo\Desktop\NewBranch\branch-backend\node_modules\@prisma\client\runtime\library.js:121:6623)[39m
[31m    at $n.request (C:\Users\Lenovo\Desktop\NewBranch\branch-backend\node_modules\@prisma\client\runtime\library.js:121:6307)[39m
[31m    at async l (C:\Users\Lenovo\Desktop\NewBranch\branch-backend\node_modules\@prisma\client\runtime\library.js:130:9633)[39m
[31m    at async PurchaseRequestService.getPurchaseRequestById (C:\Users\Lenovo\Desktop\NewBranch\branch-backend\src\modules\purchase-request\purchase-request.service.ts:140:19)[39m
[31m    at async getById (C:\Users\Lenovo\Desktop\NewBranch\branch-backend\src\modules\purchase-request\purchase-request.controller.ts:39:23)[39m
[2026-09-15 16:27:07:277] [[31merror[39m]: [31mPrismaClientKnownRequestError: [39m
[31mInvalid `prisma.purchase_request_items.findMany()` invocation in[39m
[31mC:\Users\Lenovo\Desktop\NewBranch\branch-backend\src\modules\purchase-request\purchase-request.service.ts:140:55[39m

[31m  137 if (!request) return null;[39m
[31m  138 [39m
[31m  139 // Fetch items and attachments mapped by CGuid[39m
[31m→ 140 const items = await prisma.purchase_request_items.findMany([39m
[31mThe column `PurchaseRequestId` does not exist in the current database.[39m
[31m    at $n.handleRequestError (C:\Users\Lenovo\Desktop\NewBranch\branch-backend\node_modules\@prisma\client\runtime\library.js:121:7315)[39m
[31m    at $n.handleAndLogRequestError (C:\Users\Lenovo\Desktop\NewBranch\branch-backend\node_modules\@prisma\client\runtime\library.js:121:6623)[39m
[31m    at $n.request (C:\Users\Lenovo\Desktop\NewBranch\branch-backend\node_modules\@prisma\client\runtime\library.js:121:6307)[39m
[31m    at async l (C:\Users\Lenovo\Desktop\NewBranch\branch-backend\node_modules\@prisma\client\runtime\library.js:130:9633)[39m
[31m    at async PurchaseRequestService.getPurchaseRequestById (C:\Users\Lenovo\Desktop\NewBranch\branch-backend\src\modules\purchase-request\purchase-request.service.ts:140:19)[39m
[31m    at async getById (C:\Users\Lenovo\Desktop\NewBranch\branch-backend\src\modules\purchase-request\purchase-request.controller.ts:39:23)[39m
[2026-09-15 16:32:19:3219] [[32minfo[39m]: [32mServer is running in development mode on port 8000[39m
[2026-09-15 16:32:58:3258] [[32minfo[39m]: [32mServer is running in development mode on port 8000[39m
[2026-09-15 16:38:15:3815] [[31merror[39m]: [31mPrismaClientKnownRequestError: [39m
[31mInvalid `prisma.purchase_request_items.findMany()` invocation in[39m
[31mC:\Users\Lenovo\Desktop\NewBranch\branch-backend\src\modules\purchase-request\purchase-request.service.ts:140:55[39m

[31m  137 if (!request) return null;[39m
[31m  138 [39m
[31m  139 // Fetch items and attachments mapped by CGuid[39m
[31m→ 140 const items = await prisma.purchase_request_items.findMany([39m
[31mThe column `PurchaseRequestId` does not exist in the current database.[39m
[31m    at $n.handleRequestError (C:\Users\Lenovo\Desktop\NewBranch\branch-backend\node_modules\@prisma\client\runtime\library.js:121:7315)[39m
[31m    at $n.handleAndLogRequestError (C:\Users\Lenovo\Desktop\NewBranch\branch-backend\node_modules\@prisma\client\runtime\library.js:121:6623)[39m
[31m    at $n.request (C:\Users\Lenovo\Desktop\NewBranch\branch-backend\node_modules\@prisma\client\runtime\library.js:121:6307)[39m
[31m    at async l (C:\Users\Lenovo\Desktop\NewBranch\branch-backend\node_modules\@prisma\client\runtime\library.js:130:9633)[39m
[31m    at async PurchaseRequestService.getPurchaseRequestById (C:\Users\Lenovo\Desktop\NewBranch\branch-backend\src\modules\purchase-request\purchase-request.service.ts:140:19)[39m
[31m    at async getById (C:\Users\Lenovo\Desktop\NewBranch\branch-backend\src\modules\purchase-request\purchase-request.controller.ts:39:23)[39m
[2026-09-15 16:38:17:3817] [[31merror[39m]: [31mPrismaClientKnownRequestError: [39m
[31mInvalid `prisma.purchase_request_items.findMany()` invocation in[39m
[31mC:\Users\Lenovo\Desktop\NewBranch\branch-backend\src\modules\purchase-request\purchase-request.service.ts:140:55[39m

[31m  137 if (!request) return null;[39m
[31m  138 [39m
[31m  139 // Fetch items and attachments mapped by CGuid[39m
[31m→ 140 const items = await prisma.purchase_request_items.findMany([39m
[31mThe column `PurchaseRequestId` does not exist in the current database.[39m
[31m    at $n.handleRequestError (C:\Users\Lenovo\Desktop\NewBranch\branch-backend\node_modules\@prisma\client\runtime\library.js:121:7315)[39m
[31m    at $n.handleAndLogRequestError (C:\Users\Lenovo\Desktop\NewBranch\branch-backend\node_modules\@prisma\client\runtime\library.js:121:6623)[39m
[31m    at $n.request (C:\Users\Lenovo\Desktop\NewBranch\branch-backend\node_modules\@prisma\client\runtime\library.js:121:6307)[39m
[31m    at async l (C:\Users\Lenovo\Desktop\NewBranch\branch-backend\node_modules\@prisma\client\runtime\library.js:130:9633)[39m
[31m    at async PurchaseRequestService.getPurchaseRequestById (C:\Users\Lenovo\Desktop\NewBranch\branch-backend\src\modules\purchase-request\purchase-request.service.ts:140:19)[39m
[31m    at async getById (C:\Users\Lenovo\Desktop\NewBranch\branch-backend\src\modules\purchase-request\purchase-request.controller.ts:39:23)[39m
[2026-09-15 16:38:54:3854] [[31merror[39m]: [31mPrismaClientKnownRequestError: [39m
[31mInvalid `prisma.purchase_order.findMany()` invocation in[39m
[31mC:\Users\Lenovo\Desktop\NewBranch\branch-backend\src\modules\purchase-order\purchase-order.service.ts:125:48[39m

[31m  122   ];[39m
[31m  123 }[39m
[31m  124 [39m
[31m→ 125 const orders = await prisma.purchase_order.findMany([39m
[31mThe column `Pq_ID` does not exist in the current database.[39m
[31m    at $n.handleRequestError (C:\Users\Lenovo\Desktop\NewBranch\branch-backend\node_modules\@prisma\client\runtime\library.js:121:7315)[39m
[31m    at $n.handleAndLogRequestError (C:\Users\Lenovo\Desktop\NewBranch\branch-backend\node_modules\@prisma\client\runtime\library.js:121:6623)[39m
[31m    at $n.request (C:\Users\Lenovo\Desktop\NewBranch\branch-backend\node_modules\@prisma\client\runtime\library.js:121:6307)[39m
[31m    at async l (C:\Users\Lenovo\Desktop\NewBranch\branch-backend\node_modules\@prisma\client\runtime\library.js:130:9633)[39m
[31m    at async PurchaseOrderService.getPurchaseOrders (C:\Users\Lenovo\Desktop\NewBranch\branch-backend\src\modules\purchase-order\purchase-order.service.ts:125:20)[39m
[31m    at async getAll (C:\Users\Lenovo\Desktop\NewBranch\branch-backend\src\modules\purchase-order\purchase-order.controller.ts:16:22)[39m
[2026-09-15 16:38:56:3856] [[31merror[39m]: [31mPrismaClientKnownRequestError: [39m
[31mInvalid `prisma.purchase_order.findMany()` invocation in[39m
[31mC:\Users\Lenovo\Desktop\NewBranch\branch-backend\src\modules\purchase-order\purchase-order.service.ts:125:48[39m

[31m  122   ];[39m
[31m  123 }[39m
[31m  124 [39m
[31m→ 125 const orders = await prisma.purchase_order.findMany([39m
[31mThe column `Pq_ID` does not exist in the current database.[39m
[31m    at $n.handleRequestError (C:\Users\Lenovo\Desktop\NewBranch\branch-backend\node_modules\@prisma\client\runtime\library.js:121:7315)[39m
[31m    at $n.handleAndLogRequestError (C:\Users\Lenovo\Desktop\NewBranch\branch-backend\node_modules\@prisma\client\runtime\library.js:121:6623)[39m
[31m    at $n.request (C:\Users\Lenovo\Desktop\NewBranch\branch-backend\node_modules\@prisma\client\runtime\library.js:121:6307)[39m
[31m    at async l (C:\Users\Lenovo\Desktop\NewBranch\branch-backend\node_modules\@prisma\client\runtime\library.js:130:9633)[39m
[31m    at async PurchaseOrderService.getPurchaseOrders (C:\Users\Lenovo\Desktop\NewBranch\branch-backend\src\modules\purchase-order\purchase-order.service.ts:125:20)[39m
[31m    at async getAll (C:\Users\Lenovo\Desktop\NewBranch\branch-backend\src\modules\purchase-order\purchase-order.controller.ts:16:22)[39m
[2026-09-15 16:39:02:392] [[31merror[39m]: [31mPrismaClientKnownRequestError: [39m
[31mInvalid `prisma.quotations.findMany()` invocation in[39m
[31mC:\Users\Lenovo\Desktop\NewBranch\branch-backend\src\modules\purchase-quotation\purchase-quotation.service.ts:110:48[39m

[31m  107   ];[39m
[31m  108 }[39m
[31m  109 [39m
[31m→ 110 const quotations = await prisma.quotations.findMany([39m
[31mThe column `PurchaseRequestId` does not exist in the current database.[39m
[31m    at $n.handleRequestError (C:\Users\Lenovo\Desktop\NewBranch\branch-backend\node_modules\@prisma\client\runtime\library.js:121:7315)[39m
[31m    at $n.handleAndLogRequestError (C:\Users\Lenovo\Desktop\NewBranch\branch-backend\node_modules\@prisma\client\runtime\library.js:121:6623)[39m
[31m    at $n.request (C:\Users\Lenovo\Desktop\NewBranch\branch-backend\node_modules\@prisma\client\runtime\library.js:121:6307)[39m
[31m    at async l (C:\Users\Lenovo\Desktop\NewBranch\branch-backend\node_modules\@prisma\client\runtime\library.js:130:9633)[39m
[31m    at async PurchaseQuotationService.getPurchaseQuotations (C:\Users\Lenovo\Desktop\NewBranch\branch-backend\src\modules\purchase-quotation\purchase-quotation.service.ts:110:24)[39m
[31m    at async getAll (C:\Users\Lenovo\Desktop\NewBranch\branch-backend\src\modules\purchase-quotation\purchase-quotation.controller.ts:15:26)[39m
[2026-09-15 16:39:03:393] [[31merror[39m]: [31mPrismaClientKnownRequestError: [39m
[31mInvalid `prisma.quotations.findMany()` invocation in[39m
[31mC:\Users\Lenovo\Desktop\NewBranch\branch-backend\src\modules\purchase-quotation\purchase-quotation.service.ts:110:48[39m

[31m  107   ];[39m
[31m  108 }[39m
[31m  109 [39m
[31m→ 110 const quotations = await prisma.quotations.findMany([39m
[31mThe column `PurchaseRequestId` does not exist in the current database.[39m
[31m    at $n.handleRequestError (C:\Users\Lenovo\Desktop\NewBranch\branch-backend\node_modules\@prisma\client\runtime\library.js:121:7315)[39m
[31m    at $n.handleAndLogRequestError (C:\Users\Lenovo\Desktop\NewBranch\branch-backend\node_modules\@prisma\client\runtime\library.js:121:6623)[39m
[31m    at $n.request (C:\Users\Lenovo\Desktop\NewBranch\branch-backend\node_modules\@prisma\client\runtime\library.js:121:6307)[39m
[31m    at async l (C:\Users\Lenovo\Desktop\NewBranch\branch-backend\node_modules\@prisma\client\runtime\library.js:130:9633)[39m
[31m    at async PurchaseQuotationService.getPurchaseQuotations (C:\Users\Lenovo\Desktop\NewBranch\branch-backend\src\modules\purchase-quotation\purchase-quotation.service.ts:110:24)[39m
[31m    at async getAll (C:\Users\Lenovo\Desktop\NewBranch\branch-backend\src\modules\purchase-quotation\purchase-quotation.controller.ts:15:26)[39m
[2026-09-15 16:39:11:3911] [[31merror[39m]: [31mPrismaClientKnownRequestError: [39m
[31mInvalid `prisma.purchase_order.findMany()` invocation in[39m
[31mC:\Users\Lenovo\Desktop\NewBranch\branch-backend\src\modules\purchase-order\purchase-order.service.ts:125:48[39m

[31m  122   ];[39m
[31m  123 }[39m
[31m  124 [39m
[31m→ 125 const orders = await prisma.purchase_order.findMany([39m
[31mThe column `Pq_ID` does not exist in the current database.[39m
[31m    at $n.handleRequestError (C:\Users\Lenovo\Desktop\NewBranch\branch-backend\node_modules\@prisma\client\runtime\library.js:121:7315)[39m
[31m    at $n.handleAndLogRequestError (C:\Users\Lenovo\Desktop\NewBranch\branch-backend\node_modules\@prisma\client\runtime\library.js:121:6623)[39m
[31m    at $n.request (C:\Users\Lenovo\Desktop\NewBranch\branch-backend\node_modules\@prisma\client\runtime\library.js:121:6307)[39m
[31m    at async l (C:\Users\Lenovo\Desktop\NewBranch\branch-backend\node_modules\@prisma\client\runtime\library.js:130:9633)[39m
[31m    at async PurchaseOrderService.getPurchaseOrders (C:\Users\Lenovo\Desktop\NewBranch\branch-backend\src\modules\purchase-order\purchase-order.service.ts:125:20)[39m
[31m    at async getAll (C:\Users\Lenovo\Desktop\NewBranch\branch-backend\src\modules\purchase-order\purchase-order.controller.ts:16:22)[39m
[2026-09-15 16:39:13:3913] [[31merror[39m]: [31mPrismaClientKnownRequestError: [39m
[31mInvalid `prisma.purchase_order.findMany()` invocation in[39m
[31mC:\Users\Lenovo\Desktop\NewBranch\branch-backend\src\modules\purchase-order\purchase-order.service.ts:125:48[39m

[31m  122   ];[39m
[31m  123 }[39m
[31m  124 [39m
[31m→ 125 const orders = await prisma.purchase_order.findMany([39m
[31mThe column `Pq_ID` does not exist in the current database.[39m
[31m    at $n.handleRequestError (C:\Users\Lenovo\Desktop\NewBranch\branch-backend\node_modules\@prisma\client\runtime\library.js:121:7315)[39m
[31m    at $n.handleAndLogRequestError (C:\Users\Lenovo\Desktop\NewBranch\branch-backend\node_modules\@prisma\client\runtime\library.js:121:6623)[39m
[31m    at $n.request (C:\Users\Lenovo\Desktop\NewBranch\branch-backend\node_modules\@prisma\client\runtime\library.js:121:6307)[39m
[31m    at async l (C:\Users\Lenovo\Desktop\NewBranch\branch-backend\node_modules\@prisma\client\runtime\library.js:130:9633)[39m
[31m    at async PurchaseOrderService.getPurchaseOrders (C:\Users\Lenovo\Desktop\NewBranch\branch-backend\src\modules\purchase-order\purchase-order.service.ts:125:20)[39m
[31m    at async getAll (C:\Users\Lenovo\Desktop\NewBranch\branch-backend\src\modules\purchase-order\purchase-order.controller.ts:16:22)[39m
[2026-09-15 16:43:10:4310] [[32minfo[39m]: [32mServer is running in development mode on port 8000[39m
[2026-09-15 16:43:41:4341] [[31merror[39m]: [31mError: Invalid or expired authentication token.[39m
[31m    at auth (C:\Users\Lenovo\Desktop\NewBranch\branch-backend\src\middleware\auth.middleware.ts:44:13)[39m
[31m    at Layer.handleRequest (C:\Users\Lenovo\Desktop\NewBranch\branch-backend\node_modules\router\lib\layer.js:152:17)[39m
[31m    at trimPrefix (C:\Users\Lenovo\Desktop\NewBranch\branch-backend\node_modules\router\index.js:342:13)[39m
[31m    at C:\Users\Lenovo\Desktop\NewBranch\branch-backend\node_modules\router\index.js:297:9[39m
[31m    at processParams (C:\Users\Lenovo\Desktop\NewBranch\branch-backend\node_modules\router\index.js:582:12)[39m
[31m    at next (C:\Users\Lenovo\Desktop\NewBranch\branch-backend\node_modules\router\index.js:291:5)[39m
[31m    at Function.handle (C:\Users\Lenovo\Desktop\NewBranch\branch-backend\node_modules\router\index.js:186:3)[39m
[31m    at router (C:\Users\Lenovo\Desktop\NewBranch\branch-backend\node_modules\router\index.js:60:12)[39m
[31m    at Layer.handleRequest (C:\Users\Lenovo\Desktop\NewBranch\branch-backend\node_modules\router\lib\layer.js:152:17)[39m
[31m    at trimPrefix (C:\Users\Lenovo\Desktop\NewBranch\branch-backend\node_modules\router\index.js:342:13)[39m
[2026-09-15 16:58:56:5856] [[31merror[39m]: [31mError: Invalid or expired authentication token.[39m
[31m    at auth (C:\Users\Lenovo\Desktop\NewBranch\branch-backend\src\middleware\auth.middleware.ts:44:13)[39m
[31m    at Layer.handleRequest (C:\Users\Lenovo\Desktop\NewBranch\branch-backend\node_modules\router\lib\layer.js:152:17)[39m
[31m    at trimPrefix (C:\Users\Lenovo\Desktop\NewBranch\branch-backend\node_modules\router\index.js:342:13)[39m
[31m    at C:\Users\Lenovo\Desktop\NewBranch\branch-backend\node_modules\router\index.js:297:9[39m
[31m    at processParams (C:\Users\Lenovo\Desktop\NewBranch\branch-backend\node_modules\router\index.js:582:12)[39m
[31m    at next (C:\Users\Lenovo\Desktop\NewBranch\branch-backend\node_modules\router\index.js:291:5)[39m
[31m    at Function.handle (C:\Users\Lenovo\Desktop\NewBranch\branch-backend\node_modules\router\index.js:186:3)[39m
[31m    at router (C:\Users\Lenovo\Desktop\NewBranch\branch-backend\node_modules\router\index.js:60:12)[39m
[31m    at Layer.handleRequest (C:\Users\Lenovo\Desktop\NewBranch\branch-backend\node_modules\router\lib\layer.js:152:17)[39m
[31m    at trimPrefix (C:\Users\Lenovo\Desktop\NewBranch\branch-backend\node_modules\router\index.js:342:13)[39m
[2026-09-15 16:58:56:5856] [[31merror[39m]: [31mError: Invalid or expired authentication token.[39m
[31m    at auth (C:\Users\Lenovo\Desktop\NewBranch\branch-backend\src\middleware\auth.middleware.ts:44:13)[39m
[31m    at Layer.handleRequest (C:\Users\Lenovo\Desktop\NewBranch\branch-backend\node_modules\router\lib\layer.js:152:17)[39m
[31m    at trimPrefix (C:\Users\Lenovo\Desktop\NewBranch\branch-backend\node_modules\router\index.js:342:13)[39m
[31m    at C:\Users\Lenovo\Desktop\NewBranch\branch-backend\node_modules\router\index.js:297:9[39m
[31m    at processParams (C:\Users\Lenovo\Desktop\NewBranch\branch-backend\node_modules\router\index.js:582:12)[39m
[31m    at next (C:\Users\Lenovo\Desktop\NewBranch\branch-backend\node_modules\router\index.js:291:5)[39m
[31m    at Function.handle (C:\Users\Lenovo\Desktop\NewBranch\branch-backend\node_modules\router\index.js:186:3)[39m
[31m    at router (C:\Users\Lenovo\Desktop\NewBranch\branch-backend\node_modules\router\index.js:60:12)[39m
[31m    at Layer.handleRequest (C:\Users\Lenovo\Desktop\NewBranch\branch-backend\node_modules\router\lib\layer.js:152:17)[39m
[31m    at trimPrefix (C:\Users\Lenovo\Desktop\NewBranch\branch-backend\node_modules\router\index.js:342:13)[39m
[2026-09-15 16:58:56:5856] [[31merror[39m]: [31mError: Invalid or expired authentication token.[39m
[31m    at auth (C:\Users\Lenovo\Desktop\NewBranch\branch-backend\src\middleware\auth.middleware.ts:44:13)[39m
[31m    at Layer.handleRequest (C:\Users\Lenovo\Desktop\NewBranch\branch-backend\node_modules\router\lib\layer.js:152:17)[39m
[31m    at trimPrefix (C:\Users\Lenovo\Desktop\NewBranch\branch-backend\node_modules\router\index.js:342:13)[39m
[31m    at C:\Users\Lenovo\Desktop\NewBranch\branch-backend\node_modules\router\index.js:297:9[39m
[31m    at processParams (C:\Users\Lenovo\Desktop\NewBranch\branch-backend\node_modules\router\index.js:582:12)[39m
[31m    at next (C:\Users\Lenovo\Desktop\NewBranch\branch-backend\node_modules\router\index.js:291:5)[39m
[31m    at Function.handle (C:\Users\Lenovo\Desktop\NewBranch\branch-backend\node_modules\router\index.js:186:3)[39m
[31m    at router (C:\Users\Lenovo\Desktop\NewBranch\branch-backend\node_modules\router\index.js:60:12)[39m
[31m    at Layer.handleRequest (C:\Users\Lenovo\Desktop\NewBranch\branch-backend\node_modules\router\lib\layer.js:152:17)[39m
[31m    at trimPrefix (C:\Users\Lenovo\Desktop\NewBranch\branch-backend\node_modules\router\index.js:342:13)[39m
[2026-09-15 16:58:56:5856] [[31merror[39m]: [31mError: Invalid or expired authentication token.[39m
[31m    at auth (C:\Users\Lenovo\Desktop\NewBranch\branch-backend\src\middleware\auth.middleware.ts:44:13)[39m
[31m    at Layer.handleRequest (C:\Users\Lenovo\Desktop\NewBranch\branch-backend\node_modules\router\lib\layer.js:152:17)[39m
[31m    at trimPrefix (C:\Users\Lenovo\Desktop\NewBranch\branch-backend\node_modules\router\index.js:342:13)[39m
[31m    at C:\Users\Lenovo\Desktop\NewBranch\branch-backend\node_modules\router\index.js:297:9[39m
[31m    at processParams (C:\Users\Lenovo\Desktop\NewBranch\branch-backend\node_modules\router\index.js:582:12)[39m
[31m    at next (C:\Users\Lenovo\Desktop\NewBranch\branch-backend\node_modules\router\index.js:291:5)[39m
[31m    at Function.handle (C:\Users\Lenovo\Desktop\NewBranch\branch-backend\node_modules\router\index.js:186:3)[39m
[31m    at router (C:\Users\Lenovo\Desktop\NewBranch\branch-backend\node_modules\router\index.js:60:12)[39m
[31m    at Layer.handleRequest (C:\Users\Lenovo\Desktop\NewBranch\branch-backend\node_modules\router\lib\layer.js:152:17)[39m
[31m    at trimPrefix (C:\Users\Lenovo\Desktop\NewBranch\branch-backend\node_modules\router\index.js:342:13)[39m
[2026-09-15 17:37:05:375] [[31merror[39m]: [31mError: Invalid or expired authentication token.[39m
[31m    at auth (C:\Users\Lenovo\Desktop\NewBranch\branch-backend\src\middleware\auth.middleware.ts:44:13)[39m
[31m    at Layer.handleRequest (C:\Users\Lenovo\Desktop\NewBranch\branch-backend\node_modules\router\lib\layer.js:152:17)[39m
[31m    at trimPrefix (C:\Users\Lenovo\Desktop\NewBranch\branch-backend\node_modules\router\index.js:342:13)[39m
[31m    at C:\Users\Lenovo\Desktop\NewBranch\branch-backend\node_modules\router\index.js:297:9[39m
[31m    at processParams (C:\Users\Lenovo\Desktop\NewBranch\branch-backend\node_modules\router\index.js:582:12)[39m
[31m    at next (C:\Users\Lenovo\Desktop\NewBranch\branch-backend\node_modules\router\index.js:291:5)[39m
[31m    at Function.handle (C:\Users\Lenovo\Desktop\NewBranch\branch-backend\node_modules\router\index.js:186:3)[39m
[31m    at router (C:\Users\Lenovo\Desktop\NewBranch\branch-backend\node_modules\router\index.js:60:12)[39m
[31m    at Layer.handleRequest (C:\Users\Lenovo\Desktop\NewBranch\branch-backend\node_modules\router\lib\layer.js:152:17)[39m
[31m    at trimPrefix (C:\Users\Lenovo\Desktop\NewBranch\branch-backend\node_modules\router\index.js:342:13)[39m
[2026-09-15 17:37:05:375] [[31merror[39m]: [31mError: Invalid or expired authentication token.[39m
[31m    at auth (C:\Users\Lenovo\Desktop\NewBranch\branch-backend\src\middleware\auth.middleware.ts:44:13)[39m
[31m    at Layer.handleRequest (C:\Users\Lenovo\Desktop\NewBranch\branch-backend\node_modules\router\lib\layer.js:152:17)[39m
[31m    at trimPrefix (C:\Users\Lenovo\Desktop\NewBranch\branch-backend\node_modules\router\index.js:342:13)[39m
[31m    at C:\Users\Lenovo\Desktop\NewBranch\branch-backend\node_modules\router\index.js:297:9[39m
[31m    at processParams (C:\Users\Lenovo\Desktop\NewBranch\branch-backend\node_modules\router\index.js:582:12)[39m
[31m    at next (C:\Users\Lenovo\Desktop\NewBranch\branch-backend\node_modules\router\index.js:291:5)[39m
[31m    at Function.handle (C:\Users\Lenovo\Desktop\NewBranch\branch-backend\node_modules\router\index.js:186:3)[39m
[31m    at router (C:\Users\Lenovo\Desktop\NewBranch\branch-backend\node_modules\router\index.js:60:12)[39m
[31m    at Layer.handleRequest (C:\Users\Lenovo\Desktop\NewBranch\branch-backend\node_modules\router\lib\layer.js:152:17)[39m
[31m    at trimPrefix (C:\Users\Lenovo\Desktop\NewBranch\branch-backend\node_modules\router\index.js:342:13)[39m
[2026-09-15 17:37:05:375] [[31merror[39m]: [31mError: Invalid or expired authentication token.[39m
[31m    at auth (C:\Users\Lenovo\Desktop\NewBranch\branch-backend\src\middleware\auth.middleware.ts:44:13)[39m
[31m    at Layer.handleRequest (C:\Users\Lenovo\Desktop\NewBranch\branch-backend\node_modules\router\lib\layer.js:152:17)[39m
[31m    at trimPrefix (C:\Users\Lenovo\Desktop\NewBranch\branch-backend\node_modules\router\index.js:342:13)[39m
[31m    at C:\Users\Lenovo\Desktop\NewBranch\branch-backend\node_modules\router\index.js:297:9[39m
[31m    at processParams (C:\Users\Lenovo\Desktop\NewBranch\branch-backend\node_modules\router\index.js:582:12)[39m
[31m    at next (C:\Users\Lenovo\Desktop\NewBranch\branch-backend\node_modules\router\index.js:291:5)[39m
[31m    at Function.handle (C:\Users\Lenovo\Desktop\NewBranch\branch-backend\node_modules\router\index.js:186:3)[39m
[31m    at router (C:\Users\Lenovo\Desktop\NewBranch\branch-backend\node_modules\router\index.js:60:12)[39m
[31m    at Layer.handleRequest (C:\Users\Lenovo\Desktop\NewBranch\branch-backend\node_modules\router\lib\layer.js:152:17)[39m
[31m    at trimPrefix (C:\Users\Lenovo\Desktop\NewBranch\branch-backend\node_modules\router\index.js:342:13)[39m
[2026-09-15 17:37:05:375] [[31merror[39m]: [31mError: Invalid or expired authentication token.[39m
[31m    at auth (C:\Users\Lenovo\Desktop\NewBranch\branch-backend\src\middleware\auth.middleware.ts:44:13)[39m
[31m    at Layer.handleRequest (C:\Users\Lenovo\Desktop\NewBranch\branch-backend\node_modules\router\lib\layer.js:152:17)[39m
[31m    at trimPrefix (C:\Users\Lenovo\Desktop\NewBranch\branch-backend\node_modules\router\index.js:342:13)[39m
[31m    at C:\Users\Lenovo\Desktop\NewBranch\branch-backend\node_modules\router\index.js:297:9[39m
[31m    at processParams (C:\Users\Lenovo\Desktop\NewBranch\branch-backend\node_modules\router\index.js:582:12)[39m
[31m    at next (C:\Users\Lenovo\Desktop\NewBranch\branch-backend\node_modules\router\index.js:291:5)[39m
[31m    at Function.handle (C:\Users\Lenovo\Desktop\NewBranch\branch-backend\node_modules\router\index.js:186:3)[39m
[31m    at router (C:\Users\Lenovo\Desktop\NewBranch\branch-backend\node_modules\router\index.js:60:12)[39m
[31m    at Layer.handleRequest (C:\Users\Lenovo\Desktop\NewBranch\branch-backend\node_modules\router\lib\layer.js:152:17)[39m
[31m    at trimPrefix (C:\Users\Lenovo\Desktop\NewBranch\branch-backend\node_modules\router\index.js:342:13)[39m
[2026-09-15 17:37:05:375] [[31merror[39m]: [31mError: Invalid or expired authentication token.[39m
[31m    at auth (C:\Users\Lenovo\Desktop\NewBranch\branch-backend\src\middleware\auth.middleware.ts:44:13)[39m
[31m    at Layer.handleRequest (C:\Users\Lenovo\Desktop\NewBranch\branch-backend\node_modules\router\lib\layer.js:152:17)[39m
[31m    at trimPrefix (C:\Users\Lenovo\Desktop\NewBranch\branch-backend\node_modules\router\index.js:342:13)[39m
[31m    at C:\Users\Lenovo\Desktop\NewBranch\branch-backend\node_modules\router\index.js:297:9[39m
[31m    at processParams (C:\Users\Lenovo\Desktop\NewBranch\branch-backend\node_modules\router\index.js:582:12)[39m
[31m    at next (C:\Users\Lenovo\Desktop\NewBranch\branch-backend\node_modules\router\index.js:291:5)[39m
[31m    at Function.handle (C:\Users\Lenovo\Desktop\NewBranch\branch-backend\node_modules\router\index.js:186:3)[39m
[31m    at router (C:\Users\Lenovo\Desktop\NewBranch\branch-backend\node_modules\router\index.js:60:12)[39m
[31m    at Layer.handleRequest (C:\Users\Lenovo\Desktop\NewBranch\branch-backend\node_modules\router\lib\layer.js:152:17)[39m
[31m    at trimPrefix (C:\Users\Lenovo\Desktop\NewBranch\branch-backend\node_modules\router\index.js:342:13)[39m
[2026-09-15 17:37:05:375] [[31merror[39m]: [31mError: Invalid or expired authentication token.[39m
[31m    at auth (C:\Users\Lenovo\Desktop\NewBranch\branch-backend\src\middleware\auth.middleware.ts:44:13)[39m
[31m    at Layer.handleRequest (C:\Users\Lenovo\Desktop\NewBranch\branch-backend\node_modules\router\lib\layer.js:152:17)[39m
[31m    at trimPrefix (C:\Users\Lenovo\Desktop\NewBranch\branch-backend\node_modules\router\index.js:342:13)[39m
[31m    at C:\Users\Lenovo\Desktop\NewBranch\branch-backend\node_modules\router\index.js:297:9[39m
[31m    at processParams (C:\Users\Lenovo\Desktop\NewBranch\branch-backend\node_modules\router\index.js:582:12)[39m
[31m    at next (C:\Users\Lenovo\Desktop\NewBranch\branch-backend\node_modules\router\index.js:291:5)[39m
[31m    at Function.handle (C:\Users\Lenovo\Desktop\NewBranch\branch-backend\node_modules\router\index.js:186:3)[39m
[31m    at router (C:\Users\Lenovo\Desktop\NewBranch\branch-backend\node_modules\router\index.js:60:12)[39m
[31m    at Layer.handleRequest (C:\Users\Lenovo\Desktop\NewBranch\branch-backend\node_modules\router\lib\layer.js:152:17)[39m
[31m    at trimPrefix (C:\Users\Lenovo\Desktop\NewBranch\branch-backend\node_modules\router\index.js:342:13)[39m
[2026-09-15 17:37:05:375] [[31merror[39m]: [31mError: Invalid or expired authentication token.[39m
[31m    at auth (C:\Users\Lenovo\Desktop\NewBranch\branch-backend\src\middleware\auth.middleware.ts:44:13)[39m
[31m    at Layer.handleRequest (C:\Users\Lenovo\Desktop\NewBranch\branch-backend\node_modules\router\lib\layer.js:152:17)[39m
[31m    at trimPrefix (C:\Users\Lenovo\Desktop\NewBranch\branch-backend\node_modules\router\index.js:342:13)[39m
[31m    at C:\Users\Lenovo\Desktop\NewBranch\branch-backend\node_modules\router\index.js:297:9[39m
[31m    at processParams (C:\Users\Lenovo\Desktop\NewBranch\branch-backend\node_modules\router\index.js:582:12)[39m
[31m    at next (C:\Users\Lenovo\Desktop\NewBranch\branch-backend\node_modules\router\index.js:291:5)[39m
[31m    at Function.handle (C:\Users\Lenovo\Desktop\NewBranch\branch-backend\node_modules\router\index.js:186:3)[39m
[31m    at router (C:\Users\Lenovo\Desktop\NewBranch\branch-backend\node_modules\router\index.js:60:12)[39m
[31m    at Layer.handleRequest (C:\Users\Lenovo\Desktop\NewBranch\branch-backend\node_modules\router\lib\layer.js:152:17)[39m
[31m    at trimPrefix (C:\Users\Lenovo\Desktop\NewBranch\branch-backend\node_modules\router\index.js:342:13)[39m
[2026-09-15 17:37:05:375] [[31merror[39m]: [31mError: Invalid or expired authentication token.[39m
[31m    at auth (C:\Users\Lenovo\Desktop\NewBranch\branch-backend\src\middleware\auth.middleware.ts:44:13)[39m
[31m    at Layer.handleRequest (C:\Users\Lenovo\Desktop\NewBranch\branch-backend\node_modules\router\lib\layer.js:152:17)[39m
[31m    at trimPrefix (C:\Users\Lenovo\Desktop\NewBranch\branch-backend\node_modules\router\index.js:342:13)[39m
[31m    at C:\Users\Lenovo\Desktop\NewBranch\branch-backend\node_modules\router\index.js:297:9[39m
[31m    at processParams (C:\Users\Lenovo\Desktop\NewBranch\branch-backend\node_modules\router\index.js:582:12)[39m
[31m    at next (C:\Users\Lenovo\Desktop\NewBranch\branch-backend\node_modules\router\index.js:291:5)[39m
[31m    at Function.handle (C:\Users\Lenovo\Desktop\NewBranch\branch-backend\node_modules\router\index.js:186:3)[39m
[31m    at router (C:\Users\Lenovo\Desktop\NewBranch\branch-backend\node_modules\router\index.js:60:12)[39m
[31m    at Layer.handleRequest (C:\Users\Lenovo\Desktop\NewBranch\branch-backend\node_modules\router\lib\layer.js:152:17)[39m
[31m    at trimPrefix (C:\Users\Lenovo\Desktop\NewBranch\branch-backend\node_modules\router\index.js:342:13)[39m
[2026-09-15 17:37:05:375] [[31merror[39m]: [31mError: Invalid or expired authentication token.[39m
[31m    at auth (C:\Users\Lenovo\Desktop\NewBranch\branch-backend\src\middleware\auth.middleware.ts:44:13)[39m
[31m    at Layer.handleRequest (C:\Users\Lenovo\Desktop\NewBranch\branch-backend\node_modules\router\lib\layer.js:152:17)[39m
[31m    at trimPrefix (C:\Users\Lenovo\Desktop\NewBranch\branch-backend\node_modules\router\index.js:342:13)[39m
[31m    at C:\Users\Lenovo\Desktop\NewBranch\branch-backend\node_modules\router\index.js:297:9[39m
[31m    at processParams (C:\Users\Lenovo\Desktop\NewBranch\branch-backend\node_modules\router\index.js:582:12)[39m
[31m    at next (C:\Users\Lenovo\Desktop\NewBranch\branch-backend\node_modules\router\index.js:291:5)[39m
[31m    at Function.handle (C:\Users\Lenovo\Desktop\NewBranch\branch-backend\node_modules\router\index.js:186:3)[39m
[31m    at router (C:\Users\Lenovo\Desktop\NewBranch\branch-backend\node_modules\router\index.js:60:12)[39m
[31m    at Layer.handleRequest (C:\Users\Lenovo\Desktop\NewBranch\branch-backend\node_modules\router\lib\layer.js:152:17)[39m
[31m    at trimPrefix (C:\Users\Lenovo\Desktop\NewBranch\branch-backend\node_modules\router\index.js:342:13)[39m
[2026-09-15 17:52:15:5215] [[31merror[39m]: [31mError: Invalid or expired authentication token.[39m
[31m    at auth (C:\Users\Lenovo\Desktop\NewBranch\branch-backend\src\middleware\auth.middleware.ts:44:13)[39m
[31m    at Layer.handleRequest (C:\Users\Lenovo\Desktop\NewBranch\branch-backend\node_modules\router\lib\layer.js:152:17)[39m
[31m    at trimPrefix (C:\Users\Lenovo\Desktop\NewBranch\branch-backend\node_modules\router\index.js:342:13)[39m
[31m    at C:\Users\Lenovo\Desktop\NewBranch\branch-backend\node_modules\router\index.js:297:9[39m
[31m    at processParams (C:\Users\Lenovo\Desktop\NewBranch\branch-backend\node_modules\router\index.js:582:12)[39m
[31m    at next (C:\Users\Lenovo\Desktop\NewBranch\branch-backend\node_modules\router\index.js:291:5)[39m
[31m    at Function.handle (C:\Users\Lenovo\Desktop\NewBranch\branch-backend\node_modules\router\index.js:186:3)[39m
[31m    at router (C:\Users\Lenovo\Desktop\NewBranch\branch-backend\node_modules\router\index.js:60:12)[39m
[31m    at Layer.handleRequest (C:\Users\Lenovo\Desktop\NewBranch\branch-backend\node_modules\router\lib\layer.js:152:17)[39m
[31m    at trimPrefix (C:\Users\Lenovo\Desktop\NewBranch\branch-backend\node_modules\router\index.js:342:13)[39m
[2026-09-15 17:52:15:5215] [[31merror[39m]: [31mError: Invalid or expired authentication token.[39m
[31m    at auth (C:\Users\Lenovo\Desktop\NewBranch\branch-backend\src\middleware\auth.middleware.ts:44:13)[39m
[31m    at Layer.handleRequest (C:\Users\Lenovo\Desktop\NewBranch\branch-backend\node_modules\router\lib\layer.js:152:17)[39m
[31m    at trimPrefix (C:\Users\Lenovo\Desktop\NewBranch\branch-backend\node_modules\router\index.js:342:13)[39m
[31m    at C:\Users\Lenovo\Desktop\NewBranch\branch-backend\node_modules\router\index.js:297:9[39m
[31m    at processParams (C:\Users\Lenovo\Desktop\NewBranch\branch-backend\node_modules\router\index.js:582:12)[39m
[31m    at next (C:\Users\Lenovo\Desktop\NewBranch\branch-backend\node_modules\router\index.js:291:5)[39m
[31m    at Function.handle (C:\Users\Lenovo\Desktop\NewBranch\branch-backend\node_modules\router\index.js:186:3)[39m
[31m    at router (C:\Users\Lenovo\Desktop\NewBranch\branch-backend\node_modules\router\index.js:60:12)[39m
[31m    at Layer.handleRequest (C:\Users\Lenovo\Desktop\NewBranch\branch-backend\node_modules\router\lib\layer.js:152:17)[39m
[31m    at trimPrefix (C:\Users\Lenovo\Desktop\NewBranch\branch-backend\node_modules\router\index.js:342:13)[39m
[2026-09-15 17:52:15:5215] [[31merror[39m]: [31mError: Invalid or expired authentication token.[39m
[31m    at auth (C:\Users\Lenovo\Desktop\NewBranch\branch-backend\src\middleware\auth.middleware.ts:44:13)[39m
[31m    at Layer.handleRequest (C:\Users\Lenovo\Desktop\NewBranch\branch-backend\node_modules\router\lib\layer.js:152:17)[39m
[31m    at trimPrefix (C:\Users\Lenovo\Desktop\NewBranch\branch-backend\node_modules\router\index.js:342:13)[39m
[31m    at C:\Users\Lenovo\Desktop\NewBranch\branch-backend\node_modules\router\index.js:297:9[39m
[31m    at processParams (C:\Users\Lenovo\Desktop\NewBranch\branch-backend\node_modules\router\index.js:582:12)[39m
[31m    at next (C:\Users\Lenovo\Desktop\NewBranch\branch-backend\node_modules\router\index.js:291:5)[39m
[31m    at Function.handle (C:\Users\Lenovo\Desktop\NewBranch\branch-backend\node_modules\router\index.js:186:3)[39m
[31m    at router (C:\Users\Lenovo\Desktop\NewBranch\branch-backend\node_modules\router\index.js:60:12)[39m
[31m    at Layer.handleRequest (C:\Users\Lenovo\Desktop\NewBranch\branch-backend\node_modules\router\lib\layer.js:152:17)[39m
[31m    at trimPrefix (C:\Users\Lenovo\Desktop\NewBranch\branch-backend\node_modules\router\index.js:342:13)[39m
[2026-09-15 17:52:15:5215] [[31merror[39m]: [31mError: Invalid or expired authentication token.[39m
[31m    at auth (C:\Users\Lenovo\Desktop\NewBranch\branch-backend\src\middleware\auth.middleware.ts:44:13)[39m
[31m    at Layer.handleRequest (C:\Users\Lenovo\Desktop\NewBranch\branch-backend\node_modules\router\lib\layer.js:152:17)[39m
[31m    at trimPrefix (C:\Users\Lenovo\Desktop\NewBranch\branch-backend\node_modules\router\index.js:342:13)[39m
[31m    at C:\Users\Lenovo\Desktop\NewBranch\branch-backend\node_modules\router\index.js:297:9[39m
[31m    at processParams (C:\Users\Lenovo\Desktop\NewBranch\branch-backend\node_modules\router\index.js:582:12)[39m
[31m    at next (C:\Users\Lenovo\Desktop\NewBranch\branch-backend\node_modules\router\index.js:291:5)[39m
[31m    at Function.handle (C:\Users\Lenovo\Desktop\NewBranch\branch-backend\node_modules\router\index.js:186:3)[39m
[31m    at router (C:\Users\Lenovo\Desktop\NewBranch\branch-backend\node_modules\router\index.js:60:12)[39m
[31m    at Layer.handleRequest (C:\Users\Lenovo\Desktop\NewBranch\branch-backend\node_modules\router\lib\layer.js:152:17)[39m
[31m    at trimPrefix (C:\Users\Lenovo\Desktop\NewBranch\branch-backend\node_modules\router\index.js:342:13)[39m
[2026-09-15 17:52:15:5215] [[31merror[39m]: [31mError: Invalid or expired authentication token.[39m
[31m    at auth (C:\Users\Lenovo\Desktop\NewBranch\branch-backend\src\middleware\auth.middleware.ts:44:13)[39m
[31m    at Layer.handleRequest (C:\Users\Lenovo\Desktop\NewBranch\branch-backend\node_modules\router\lib\layer.js:152:17)[39m
[31m    at trimPrefix (C:\Users\Lenovo\Desktop\NewBranch\branch-backend\node_modules\router\index.js:342:13)[39m
[31m    at C:\Users\Lenovo\Desktop\NewBranch\branch-backend\node_modules\router\index.js:297:9[39m
[31m    at processParams (C:\Users\Lenovo\Desktop\NewBranch\branch-backend\node_modules\router\index.js:582:12)[39m
[31m    at next (C:\Users\Lenovo\Desktop\NewBranch\branch-backend\node_modules\router\index.js:291:5)[39m
[31m    at Function.handle (C:\Users\Lenovo\Desktop\NewBranch\branch-backend\node_modules\router\index.js:186:3)[39m
[31m    at router (C:\Users\Lenovo\Desktop\NewBranch\branch-backend\node_modules\router\index.js:60:12)[39m
[31m    at Layer.handleRequest (C:\Users\Lenovo\Desktop\NewBranch\branch-backend\node_modules\router\lib\layer.js:152:17)[39m
[31m    at trimPrefix (C:\Users\Lenovo\Desktop\NewBranch\branch-backend\node_modules\router\index.js:342:13)[39m
[2026-09-15 17:52:15:5215] [[31merror[39m]: [31mError: Invalid or expired authentication token.[39m
[31m    at auth (C:\Users\Lenovo\Desktop\NewBranch\branch-backend\src\middleware\auth.middleware.ts:44:13)[39m
[31m    at Layer.handleRequest (C:\Users\Lenovo\Desktop\NewBranch\branch-backend\node_modules\router\lib\layer.js:152:17)[39m
[31m    at trimPrefix (C:\Users\Lenovo\Desktop\NewBranch\branch-backend\node_modules\router\index.js:342:13)[39m
[31m    at C:\Users\Lenovo\Desktop\NewBranch\branch-backend\node_modules\router\index.js:297:9[39m
[31m    at processParams (C:\Users\Lenovo\Desktop\NewBranch\branch-backend\node_modules\router\index.js:582:12)[39m
[31m    at next (C:\Users\Lenovo\Desktop\NewBranch\branch-backend\node_modules\router\index.js:291:5)[39m
[31m    at Function.handle (C:\Users\Lenovo\Desktop\NewBranch\branch-backend\node_modules\router\index.js:186:3)[39m
[31m    at router (C:\Users\Lenovo\Desktop\NewBranch\branch-backend\node_modules\router\index.js:60:12)[39m
[31m    at Layer.handleRequest (C:\Users\Lenovo\Desktop\NewBranch\branch-backend\node_modules\router\lib\layer.js:152:17)[39m
[31m    at trimPrefix (C:\Users\Lenovo\Desktop\NewBranch\branch-backend\node_modules\router\index.js:342:13)[39m
[2026-09-15 17:52:15:5215] [[31merror[39m]: [31mError: Invalid or expired authentication token.[39m
[31m    at auth (C:\Users\Lenovo\Desktop\NewBranch\branch-backend\src\middleware\auth.middleware.ts:44:13)[39m
[31m    at Layer.handleRequest (C:\Users\Lenovo\Desktop\NewBranch\branch-backend\node_modules\router\lib\layer.js:152:17)[39m
[31m    at trimPrefix (C:\Users\Lenovo\Desktop\NewBranch\branch-backend\node_modules\router\index.js:342:13)[39m
[31m    at C:\Users\Lenovo\Desktop\NewBranch\branch-backend\node_modules\router\index.js:297:9[39m
[31m    at processParams (C:\Users\Lenovo\Desktop\NewBranch\branch-backend\node_modules\router\index.js:582:12)[39m
[31m    at next (C:\Users\Lenovo\Desktop\NewBranch\branch-backend\node_modules\router\index.js:291:5)[39m
[31m    at Function.handle (C:\Users\Lenovo\Desktop\NewBranch\branch-backend\node_modules\router\index.js:186:3)[39m
[31m    at router (C:\Users\Lenovo\Desktop\NewBranch\branch-backend\node_modules\router\index.js:60:12)[39m
[31m    at Layer.handleRequest (C:\Users\Lenovo\Desktop\NewBranch\branch-backend\node_modules\router\lib\layer.js:152:17)[39m
[31m    at trimPrefix (C:\Users\Lenovo\Desktop\NewBranch\branch-backend\node_modules\router\index.js:342:13)[39m
[2026-09-15 17:52:15:5215] [[31merror[39m]: [31mError: Invalid or expired authentication token.[39m
[31m    at auth (C:\Users\Lenovo\Desktop\NewBranch\branch-backend\src\middleware\auth.middleware.ts:44:13)[39m
[31m    at Layer.handleRequest (C:\Users\Lenovo\Desktop\NewBranch\branch-backend\node_modules\router\lib\layer.js:152:17)[39m
[31m    at trimPrefix (C:\Users\Lenovo\Desktop\NewBranch\branch-backend\node_modules\router\index.js:342:13)[39m
[31m    at C:\Users\Lenovo\Desktop\NewBranch\branch-backend\node_modules\router\index.js:297:9[39m
[31m    at processParams (C:\Users\Lenovo\Desktop\NewBranch\branch-backend\node_modules\router\index.js:582:12)[39m
[31m    at next (C:\Users\Lenovo\Desktop\NewBranch\branch-backend\node_modules\router\index.js:291:5)[39m
[31m    at Function.handle (C:\Users\Lenovo\Desktop\NewBranch\branch-backend\node_modules\router\index.js:186:3)[39m
[31m    at router (C:\Users\Lenovo\Desktop\NewBranch\branch-backend\node_modules\router\index.js:60:12)[39m
[31m    at Layer.handleRequest (C:\Users\Lenovo\Desktop\NewBranch\branch-backend\node_modules\router\lib\layer.js:152:17)[39m
[31m    at trimPrefix (C:\Users\Lenovo\Desktop\NewBranch\branch-backend\node_modules\router\index.js:342:13)[39m
[2026-09-15 17:52:15:5215] [[31merror[39m]: [31mError: Invalid or expired authentication token.[39m
[31m    at auth (C:\Users\Lenovo\Desktop\NewBranch\branch-backend\src\middleware\auth.middleware.ts:44:13)[39m
[31m    at Layer.handleRequest (C:\Users\Lenovo\Desktop\NewBranch\branch-backend\node_modules\router\lib\layer.js:152:17)[39m
[31m    at trimPrefix (C:\Users\Lenovo\Desktop\NewBranch\branch-backend\node_modules\router\index.js:342:13)[39m
[31m    at C:\Users\Lenovo\Desktop\NewBranch\branch-backend\node_modules\router\index.js:297:9[39m
[31m    at processParams (C:\Users\Lenovo\Desktop\NewBranch\branch-backend\node_modules\router\index.js:582:12)[39m
[31m    at next (C:\Users\Lenovo\Desktop\NewBranch\branch-backend\node_modules\router\index.js:291:5)[39m
[31m    at Function.handle (C:\Users\Lenovo\Desktop\NewBranch\branch-backend\node_modules\router\index.js:186:3)[39m
[31m    at router (C:\Users\Lenovo\Desktop\NewBranch\branch-backend\node_modules\router\index.js:60:12)[39m
[31m    at Layer.handleRequest (C:\Users\Lenovo\Desktop\NewBranch\branch-backend\node_modules\router\lib\layer.js:152:17)[39m
[31m    at trimPrefix (C:\Users\Lenovo\Desktop\NewBranch\branch-backend\node_modules\router\index.js:342:13)[39m
[2026-09-15 18:19:41:1941] [[31merror[39m]: [31mError: Invalid or expired authentication token.[39m
[31m    at auth (C:\Users\Lenovo\Desktop\NewBranch\branch-backend\src\middleware\auth.middleware.ts:44:13)[39m
[31m    at Layer.handleRequest (C:\Users\Lenovo\Desktop\NewBranch\branch-backend\node_modules\router\lib\layer.js:152:17)[39m
[31m    at trimPrefix (C:\Users\Lenovo\Desktop\NewBranch\branch-backend\node_modules\router\index.js:342:13)[39m
[31m    at C:\Users\Lenovo\Desktop\NewBranch\branch-backend\node_modules\router\index.js:297:9[39m
[31m    at processParams (C:\Users\Lenovo\Desktop\NewBranch\branch-backend\node_modules\router\index.js:582:12)[39m
[31m    at next (C:\Users\Lenovo\Desktop\NewBranch\branch-backend\node_modules\router\index.js:291:5)[39m
[31m    at Function.handle (C:\Users\Lenovo\Desktop\NewBranch\branch-backend\node_modules\router\index.js:186:3)[39m
[31m    at router (C:\Users\Lenovo\Desktop\NewBranch\branch-backend\node_modules\router\index.js:60:12)[39m
[31m    at Layer.handleRequest (C:\Users\Lenovo\Desktop\NewBranch\branch-backend\node_modules\router\lib\layer.js:152:17)[39m
[31m    at trimPrefix (C:\Users\Lenovo\Desktop\NewBranch\branch-backend\node_modules\router\index.js:342:13)[39m
[2026-09-15 18:19:41:1941] [[31merror[39m]: [31mError: Invalid or expired authentication token.[39m
[31m    at auth (C:\Users\Lenovo\Desktop\NewBranch\branch-backend\src\middleware\auth.middleware.ts:44:13)[39m
[31m    at Layer.handleRequest (C:\Users\Lenovo\Desktop\NewBranch\branch-backend\node_modules\router\lib\layer.js:152:17)[39m
[31m    at trimPrefix (C:\Users\Lenovo\Desktop\NewBranch\branch-backend\node_modules\router\index.js:342:13)[39m
[31m    at C:\Users\Lenovo\Desktop\NewBranch\branch-backend\node_modules\router\index.js:297:9[39m
[31m    at processParams (C:\Users\Lenovo\Desktop\NewBranch\branch-backend\node_modules\router\index.js:582:12)[39m
[31m    at next (C:\Users\Lenovo\Desktop\NewBranch\branch-backend\node_modules\router\index.js:291:5)[39m
[31m    at Function.handle (C:\Users\Lenovo\Desktop\NewBranch\branch-backend\node_modules\router\index.js:186:3)[39m
[31m    at router (C:\Users\Lenovo\Desktop\NewBranch\branch-backend\node_modules\router\index.js:60:12)[39m
[31m    at Layer.handleRequest (C:\Users\Lenovo\Desktop\NewBranch\branch-backend\node_modules\router\lib\layer.js:152:17)[39m
[31m    at trimPrefix (C:\Users\Lenovo\Desktop\NewBranch\branch-backend\node_modules\router\index.js:342:13)[39m
[2026-09-15 18:19:41:1941] [[31merror[39m]: [31mError: Invalid or expired authentication token.[39m
[31m    at auth (C:\Users\Lenovo\Desktop\NewBranch\branch-backend\src\middleware\auth.middleware.ts:44:13)[39m
[31m    at Layer.handleRequest (C:\Users\Lenovo\Desktop\NewBranch\branch-backend\node_modules\router\lib\layer.js:152:17)[39m
[31m    at trimPrefix (C:\Users\Lenovo\Desktop\NewBranch\branch-backend\node_modules\router\index.js:342:13)[39m
[31m    at C:\Users\Lenovo\Desktop\NewBranch\branch-backend\node_modules\router\index.js:297:9[39m
[31m    at processParams (C:\Users\Lenovo\Desktop\NewBranch\branch-backend\node_modules\router\index.js:582:12)[39m
[31m    at next (C:\Users\Lenovo\Desktop\NewBranch\branch-backend\node_modules\router\index.js:291:5)[39m
[31m    at Function.handle (C:\Users\Lenovo\Desktop\NewBranch\branch-backend\node_modules\router\index.js:186:3)[39m
[31m    at router (C:\Users\Lenovo\Desktop\NewBranch\branch-backend\node_modules\router\index.js:60:12)[39m
[31m    at Layer.handleRequest (C:\Users\Lenovo\Desktop\NewBranch\branch-backend\node_modules\router\lib\layer.js:152:17)[39m
[31m    at trimPrefix (C:\Users\Lenovo\Desktop\NewBranch\branch-backend\node_modules\router\index.js:342:13)[39m
[2026-09-15 18:19:41:1941] [[31merror[39m]: [31mError: Invalid or expired authentication token.[39m
[31m    at auth (C:\Users\Lenovo\Desktop\NewBranch\branch-backend\src\middleware\auth.middleware.ts:44:13)[39m
[31m    at Layer.handleRequest (C:\Users\Lenovo\Desktop\NewBranch\branch-backend\node_modules\router\lib\layer.js:152:17)[39m
[31m    at trimPrefix (C:\Users\Lenovo\Desktop\NewBranch\branch-backend\node_modules\router\index.js:342:13)[39m
[31m    at C:\Users\Lenovo\Desktop\NewBranch\branch-backend\node_modules\router\index.js:297:9[39m
[31m    at processParams (C:\Users\Lenovo\Desktop\NewBranch\branch-backend\node_modules\router\index.js:582:12)[39m
[31m    at next (C:\Users\Lenovo\Desktop\NewBranch\branch-backend\node_modules\router\index.js:291:5)[39m
[31m    at Function.handle (C:\Users\Lenovo\Desktop\NewBranch\branch-backend\node_modules\router\index.js:186:3)[39m
[31m    at router (C:\Users\Lenovo\Desktop\NewBranch\branch-backend\node_modules\router\index.js:60:12)[39m
[31m    at Layer.handleRequest (C:\Users\Lenovo\Desktop\NewBranch\branch-backend\node_modules\router\lib\layer.js:152:17)[39m
[31m    at trimPrefix (C:\Users\Lenovo\Desktop\NewBranch\branch-backend\node_modules\router\index.js:342:13)[39m
[2026-09-15 18:19:41:1941] [[31merror[39m]: [31mError: Invalid or expired authentication token.[39m
[31m    at auth (C:\Users\Lenovo\Desktop\NewBranch\branch-backend\src\middleware\auth.middleware.ts:44:13)[39m
[31m    at Layer.handleRequest (C:\Users\Lenovo\Desktop\NewBranch\branch-backend\node_modules\router\lib\layer.js:152:17)[39m
[31m    at trimPrefix (C:\Users\Lenovo\Desktop\NewBranch\branch-backend\node_modules\router\index.js:342:13)[39m
[31m    at C:\Users\Lenovo\Desktop\NewBranch\branch-backend\node_modules\router\index.js:297:9[39m
[31m    at processParams (C:\Users\Lenovo\Desktop\NewBranch\branch-backend\node_modules\router\index.js:582:12)[39m
[31m    at next (C:\Users\Lenovo\Desktop\NewBranch\branch-backend\node_modules\router\index.js:291:5)[39m
[31m    at Function.handle (C:\Users\Lenovo\Desktop\NewBranch\branch-backend\node_modules\router\index.js:186:3)[39m
[31m    at router (C:\Users\Lenovo\Desktop\NewBranch\branch-backend\node_modules\router\index.js:60:12)[39m
[31m    at Layer.handleRequest (C:\Users\Lenovo\Desktop\NewBranch\branch-backend\node_modules\router\lib\layer.js:152:17)[39m
[31m    at trimPrefix (C:\Users\Lenovo\Desktop\NewBranch\branch-backend\node_modules\router\index.js:342:13)[39m
[2026-09-15 18:19:41:1941] [[31merror[39m]: [31mError: Invalid or expired authentication token.[39m
[31m    at auth (C:\Users\Lenovo\Desktop\NewBranch\branch-backend\src\middleware\auth.middleware.ts:44:13)[39m
[31m    at Layer.handleRequest (C:\Users\Lenovo\Desktop\NewBranch\branch-backend\node_modules\router\lib\layer.js:152:17)[39m
[31m    at trimPrefix (C:\Users\Lenovo\Desktop\NewBranch\branch-backend\node_modules\router\index.js:342:13)[39m
[31m    at C:\Users\Lenovo\Desktop\NewBranch\branch-backend\node_modules\router\index.js:297:9[39m
[31m    at processParams (C:\Users\Lenovo\Desktop\NewBranch\branch-backend\node_modules\router\index.js:582:12)[39m
[31m    at next (C:\Users\Lenovo\Desktop\NewBranch\branch-backend\node_modules\router\index.js:291:5)[39m
[31m    at Function.handle (C:\Users\Lenovo\Desktop\NewBranch\branch-backend\node_modules\router\index.js:186:3)[39m
[31m    at router (C:\Users\Lenovo\Desktop\NewBranch\branch-backend\node_modules\router\index.js:60:12)[39m
[31m    at Layer.handleRequest (C:\Users\Lenovo\Desktop\NewBranch\branch-backend\node_modules\router\lib\layer.js:152:17)[39m
[31m    at trimPrefix (C:\Users\Lenovo\Desktop\NewBranch\branch-backend\node_modules\router\index.js:342:13)[39m
[2026-09-15 18:19:41:1941] [[31merror[39m]: [31mError: Invalid or expired authentication token.[39m
[31m    at auth (C:\Users\Lenovo\Desktop\NewBranch\branch-backend\src\middleware\auth.middleware.ts:44:13)[39m
[31m    at Layer.handleRequest (C:\Users\Lenovo\Desktop\NewBranch\branch-backend\node_modules\router\lib\layer.js:152:17)[39m
[31m    at trimPrefix (C:\Users\Lenovo\Desktop\NewBranch\branch-backend\node_modules\router\index.js:342:13)[39m
[31m    at C:\Users\Lenovo\Desktop\NewBranch\branch-backend\node_modules\router\index.js:297:9[39m
[31m    at processParams (C:\Users\Lenovo\Desktop\NewBranch\branch-backend\node_modules\router\index.js:582:12)[39m
[31m    at next (C:\Users\Lenovo\Desktop\NewBranch\branch-backend\node_modules\router\index.js:291:5)[39m
[31m    at Function.handle (C:\Users\Lenovo\Desktop\NewBranch\branch-backend\node_modules\router\index.js:186:3)[39m
[31m    at router (C:\Users\Lenovo\Desktop\NewBranch\branch-backend\node_modules\router\index.js:60:12)[39m
[31m    at Layer.handleRequest (C:\Users\Lenovo\Desktop\NewBranch\branch-backend\node_modules\router\lib\layer.js:152:17)[39m
[31m    at trimPrefix (C:\Users\Lenovo\Desktop\NewBranch\branch-backend\node_modules\router\index.js:342:13)[39m
[2026-09-15 18:19:41:1941] [[31merror[39m]: [31mError: Invalid or expired authentication token.[39m
[31m    at auth (C:\Users\Lenovo\Desktop\NewBranch\branch-backend\src\middleware\auth.middleware.ts:44:13)[39m
[31m    at Layer.handleRequest (C:\Users\Lenovo\Desktop\NewBranch\branch-backend\node_modules\router\lib\layer.js:152:17)[39m
[31m    at trimPrefix (C:\Users\Lenovo\Desktop\NewBranch\branch-backend\node_modules\router\index.js:342:13)[39m
[31m    at C:\Users\Lenovo\Desktop\NewBranch\branch-backend\node_modules\router\index.js:297:9[39m
[31m    at processParams (C:\Users\Lenovo\Desktop\NewBranch\branch-backend\node_modules\router\index.js:582:12)[39m
[31m    at next (C:\Users\Lenovo\Desktop\NewBranch\branch-backend\node_modules\router\index.js:291:5)[39m
[31m    at Function.handle (C:\Users\Lenovo\Desktop\NewBranch\branch-backend\node_modules\router\index.js:186:3)[39m
[31m    at router (C:\Users\Lenovo\Desktop\NewBranch\branch-backend\node_modules\router\index.js:60:12)[39m
[31m    at Layer.handleRequest (C:\Users\Lenovo\Desktop\NewBranch\branch-backend\node_modules\router\lib\layer.js:152:17)[39m
[31m    at trimPrefix (C:\Users\Lenovo\Desktop\NewBranch\branch-backend\node_modules\router\index.js:342:13)[39m
[2026-09-15 18:19:41:1941] [[31merror[39m]: [31mError: Invalid or expired authentication token.[39m
[31m    at auth (C:\Users\Lenovo\Desktop\NewBranch\branch-backend\src\middleware\auth.middleware.ts:44:13)[39m
[31m    at Layer.handleRequest (C:\Users\Lenovo\Desktop\NewBranch\branch-backend\node_modules\router\lib\layer.js:152:17)[39m
[31m    at trimPrefix (C:\Users\Lenovo\Desktop\NewBranch\branch-backend\node_modules\router\index.js:342:13)[39m
[31m    at C:\Users\Lenovo\Desktop\NewBranch\branch-backend\node_modules\router\index.js:297:9[39m
[31m    at processParams (C:\Users\Lenovo\Desktop\NewBranch\branch-backend\node_modules\router\index.js:582:12)[39m
[31m    at next (C:\Users\Lenovo\Desktop\NewBranch\branch-backend\node_modules\router\index.js:291:5)[39m
[31m    at Function.handle (C:\Users\Lenovo\Desktop\NewBranch\branch-backend\node_modules\router\index.js:186:3)[39m
[31m    at router (C:\Users\Lenovo\Desktop\NewBranch\branch-backend\node_modules\router\index.js:60:12)[39m
[31m    at Layer.handleRequest (C:\Users\Lenovo\Desktop\NewBranch\branch-backend\node_modules\router\lib\layer.js:152:17)[39m
[31m    at trimPrefix (C:\Users\Lenovo\Desktop\NewBranch\branch-backend\node_modules\router\index.js:342:13)[39m
[2026-09-16 09:37:04:374] [[32minfo[39m]: [32mServer is running in development mode on port 8000[39m
[2026-09-16 10:24:08:248] [[31merror[39m]: [31mError: Invalid or expired authentication token.[39m
[31m    at auth (C:\Users\Lenovo\Desktop\NewBranch\branch-backend\src\middleware\auth.middleware.ts:44:13)[39m
[31m    at Layer.handleRequest (C:\Users\Lenovo\Desktop\NewBranch\branch-backend\node_modules\router\lib\layer.js:152:17)[39m
[31m    at trimPrefix (C:\Users\Lenovo\Desktop\NewBranch\branch-backend\node_modules\router\index.js:342:13)[39m
[31m    at C:\Users\Lenovo\Desktop\NewBranch\branch-backend\node_modules\router\index.js:297:9[39m
[31m    at processParams (C:\Users\Lenovo\Desktop\NewBranch\branch-backend\node_modules\router\index.js:582:12)[39m
[31m    at next (C:\Users\Lenovo\Desktop\NewBranch\branch-backend\node_modules\router\index.js:291:5)[39m
[31m    at Function.handle (C:\Users\Lenovo\Desktop\NewBranch\branch-backend\node_modules\router\index.js:186:3)[39m
[31m    at router (C:\Users\Lenovo\Desktop\NewBranch\branch-backend\node_modules\router\index.js:60:12)[39m
[31m    at Layer.handleRequest (C:\Users\Lenovo\Desktop\NewBranch\branch-backend\node_modules\router\lib\layer.js:152:17)[39m
[31m    at trimPrefix (C:\Users\Lenovo\Desktop\NewBranch\branch-backend\node_modules\router\index.js:342:13)[39m
[2026-09-16 10:24:08:248] [[31merror[39m]: [31mError: Invalid or expired authentication token.[39m
[31m    at auth (C:\Users\Lenovo\Desktop\NewBranch\branch-backend\src\middleware\auth.middleware.ts:44:13)[39m
[31m    at Layer.handleRequest (C:\Users\Lenovo\Desktop\NewBranch\branch-backend\node_modules\router\lib\layer.js:152:17)[39m
[31m    at trimPrefix (C:\Users\Lenovo\Desktop\NewBranch\branch-backend\node_modules\router\index.js:342:13)[39m
[31m    at C:\Users\Lenovo\Desktop\NewBranch\branch-backend\node_modules\router\index.js:297:9[39m
[31m    at processParams (C:\Users\Lenovo\Desktop\NewBranch\branch-backend\node_modules\router\index.js:582:12)[39m
[31m    at next (C:\Users\Lenovo\Desktop\NewBranch\branch-backend\node_modules\router\index.js:291:5)[39m
[31m    at Function.handle (C:\Users\Lenovo\Desktop\NewBranch\branch-backend\node_modules\router\index.js:186:3)[39m
[31m    at router (C:\Users\Lenovo\Desktop\NewBranch\branch-backend\node_modules\router\index.js:60:12)[39m
[31m    at Layer.handleRequest (C:\Users\Lenovo\Desktop\NewBranch\branch-backend\node_modules\router\lib\layer.js:152:17)[39m
[31m    at trimPrefix (C:\Users\Lenovo\Desktop\NewBranch\branch-backend\node_modules\router\index.js:342:13)[39m
[2026-09-16 10:24:08:248] [[31merror[39m]: [31mError: Invalid or expired authentication token.[39m
[31m    at auth (C:\Users\Lenovo\Desktop\NewBranch\branch-backend\src\middleware\auth.middleware.ts:44:13)[39m
[31m    at Layer.handleRequest (C:\Users\Lenovo\Desktop\NewBranch\branch-backend\node_modules\router\lib\layer.js:152:17)[39m
[31m    at trimPrefix (C:\Users\Lenovo\Desktop\NewBranch\branch-backend\node_modules\router\index.js:342:13)[39m
[31m    at C:\Users\Lenovo\Desktop\NewBranch\branch-backend\node_modules\router\index.js:297:9[39m
[31m    at processParams (C:\Users\Lenovo\Desktop\NewBranch\branch-backend\node_modules\router\index.js:582:12)[39m
[31m    at next (C:\Users\Lenovo\Desktop\NewBranch\branch-backend\node_modules\router\index.js:291:5)[39m
[31m    at Function.handle (C:\Users\Lenovo\Desktop\NewBranch\branch-backend\node_modules\router\index.js:186:3)[39m
[31m    at router (C:\Users\Lenovo\Desktop\NewBranch\branch-backend\node_modules\router\index.js:60:12)[39m
[31m    at Layer.handleRequest (C:\Users\Lenovo\Desktop\NewBranch\branch-backend\node_modules\router\lib\layer.js:152:17)[39m
[31m    at trimPrefix (C:\Users\Lenovo\Desktop\NewBranch\branch-backend\node_modules\router\index.js:342:13)[39m
[2026-09-16 10:24:08:248] [[31merror[39m]: [31mError: Invalid or expired authentication token.[39m
[31m    at auth (C:\Users\Lenovo\Desktop\NewBranch\branch-backend\src\middleware\auth.middleware.ts:44:13)[39m
[31m    at Layer.handleRequest (C:\Users\Lenovo\Desktop\NewBranch\branch-backend\node_modules\router\lib\layer.js:152:17)[39m
[31m    at trimPrefix (C:\Users\Lenovo\Desktop\NewBranch\branch-backend\node_modules\router\index.js:342:13)[39m
[31m    at C:\Users\Lenovo\Desktop\NewBranch\branch-backend\node_modules\router\index.js:297:9[39m
[31m    at processParams (C:\Users\Lenovo\Desktop\NewBranch\branch-backend\node_modules\router\index.js:582:12)[39m
[31m    at next (C:\Users\Lenovo\Desktop\NewBranch\branch-backend\node_modules\router\index.js:291:5)[39m
[31m    at Function.handle (C:\Users\Lenovo\Desktop\NewBranch\branch-backend\node_modules\router\index.js:186:3)[39m
[31m    at router (C:\Users\Lenovo\Desktop\NewBranch\branch-backend\node_modules\router\index.js:60:12)[39m
[31m    at Layer.handleRequest (C:\Users\Lenovo\Desktop\NewBranch\branch-backend\node_modules\router\lib\layer.js:152:17)[39m
[31m    at trimPrefix (C:\Users\Lenovo\Desktop\NewBranch\branch-backend\node_modules\router\index.js:342:13)[39m
[2026-09-16 10:24:08:248] [[31merror[39m]: [31mError: Invalid or expired authentication token.[39m
[31m    at auth (C:\Users\Lenovo\Desktop\NewBranch\branch-backend\src\middleware\auth.middleware.ts:44:13)[39m
[31m    at Layer.handleRequest (C:\Users\Lenovo\Desktop\NewBranch\branch-backend\node_modules\router\lib\layer.js:152:17)[39m
[31m    at trimPrefix (C:\Users\Lenovo\Desktop\NewBranch\branch-backend\node_modules\router\index.js:342:13)[39m
[31m    at C:\Users\Lenovo\Desktop\NewBranch\branch-backend\node_modules\router\index.js:297:9[39m
[31m    at processParams (C:\Users\Lenovo\Desktop\NewBranch\branch-backend\node_modules\router\index.js:582:12)[39m
[31m    at next (C:\Users\Lenovo\Desktop\NewBranch\branch-backend\node_modules\router\index.js:291:5)[39m
[31m    at Function.handle (C:\Users\Lenovo\Desktop\NewBranch\branch-backend\node_modules\router\index.js:186:3)[39m
[31m    at router (C:\Users\Lenovo\Desktop\NewBranch\branch-backend\node_modules\router\index.js:60:12)[39m
[31m    at Layer.handleRequest (C:\Users\Lenovo\Desktop\NewBranch\branch-backend\node_modules\router\lib\layer.js:152:17)[39m
[31m    at trimPrefix (C:\Users\Lenovo\Desktop\NewBranch\branch-backend\node_modules\router\index.js:342:13)[39m
[2026-09-16 10:24:08:248] [[31merror[39m]: [31mError: Invalid or expired authentication token.[39m
[31m    at auth (C:\Users\Lenovo\Desktop\NewBranch\branch-backend\src\middleware\auth.middleware.ts:44:13)[39m
[31m    at Layer.handleRequest (C:\Users\Lenovo\Desktop\NewBranch\branch-backend\node_modules\router\lib\layer.js:152:17)[39m
[31m    at trimPrefix (C:\Users\Lenovo\Desktop\NewBranch\branch-backend\node_modules\router\index.js:342:13)[39m
[31m    at C:\Users\Lenovo\Desktop\NewBranch\branch-backend\node_modules\router\index.js:297:9[39m
[31m    at processParams (C:\Users\Lenovo\Desktop\NewBranch\branch-backend\node_modules\router\index.js:582:12)[39m
[31m    at next (C:\Users\Lenovo\Desktop\NewBranch\branch-backend\node_modules\router\index.js:291:5)[39m
[31m    at Function.handle (C:\Users\Lenovo\Desktop\NewBranch\branch-backend\node_modules\router\index.js:186:3)[39m
[31m    at router (C:\Users\Lenovo\Desktop\NewBranch\branch-backend\node_modules\router\index.js:60:12)[39m
[31m    at Layer.handleRequest (C:\Users\Lenovo\Desktop\NewBranch\branch-backend\node_modules\router\lib\layer.js:152:17)[39m
[31m    at trimPrefix (C:\Users\Lenovo\Desktop\NewBranch\branch-backend\node_modules\router\index.js:342:13)[39m
[2026-09-16 10:24:08:248] [[31merror[39m]: [31mError: Invalid or expired authentication token.[39m
[31m    at auth (C:\Users\Lenovo\Desktop\NewBranch\branch-backend\src\middleware\auth.middleware.ts:44:13)[39m
[31m    at Layer.handleRequest (C:\Users\Lenovo\Desktop\NewBranch\branch-backend\node_modules\router\lib\layer.js:152:17)[39m
[31m    at trimPrefix (C:\Users\Lenovo\Desktop\NewBranch\branch-backend\node_modules\router\index.js:342:13)[39m
[31m    at C:\Users\Lenovo\Desktop\NewBranch\branch-backend\node_modules\router\index.js:297:9[39m
[31m    at processParams (C:\Users\Lenovo\Desktop\NewBranch\branch-backend\node_modules\router\index.js:582:12)[39m
[31m    at next (C:\Users\Lenovo\Desktop\NewBranch\branch-backend\node_modules\router\index.js:291:5)[39m
[31m    at Function.handle (C:\Users\Lenovo\Desktop\NewBranch\branch-backend\node_modules\router\index.js:186:3)[39m
[31m    at router (C:\Users\Lenovo\Desktop\NewBranch\branch-backend\node_modules\router\index.js:60:12)[39m
[31m    at Layer.handleRequest (C:\Users\Lenovo\Desktop\NewBranch\branch-backend\node_modules\router\lib\layer.js:152:17)[39m
[31m    at trimPrefix (C:\Users\Lenovo\Desktop\NewBranch\branch-backend\node_modules\router\index.js:342:13)[39m
[2026-09-16 10:24:08:248] [[31merror[39m]: [31mError: Invalid or expired authentication token.[39m
[31m    at auth (C:\Users\Lenovo\Desktop\NewBranch\branch-backend\src\middleware\auth.middleware.ts:44:13)[39m
[31m    at Layer.handleRequest (C:\Users\Lenovo\Desktop\NewBranch\branch-backend\node_modules\router\lib\layer.js:152:17)[39m
[31m    at trimPrefix (C:\Users\Lenovo\Desktop\NewBranch\branch-backend\node_modules\router\index.js:342:13)[39m
[31m    at C:\Users\Lenovo\Desktop\NewBranch\branch-backend\node_modules\router\index.js:297:9[39m
[31m    at processParams (C:\Users\Lenovo\Desktop\NewBranch\branch-backend\node_modules\router\index.js:582:12)[39m
[31m    at next (C:\Users\Lenovo\Desktop\NewBranch\branch-backend\node_modules\router\index.js:291:5)[39m
[31m    at Function.handle (C:\Users\Lenovo\Desktop\NewBranch\branch-backend\node_modules\router\index.js:186:3)[39m
[31m    at router (C:\Users\Lenovo\Desktop\NewBranch\branch-backend\node_modules\router\index.js:60:12)[39m
[31m    at Layer.handleRequest (C:\Users\Lenovo\Desktop\NewBranch\branch-backend\node_modules\router\lib\layer.js:152:17)[39m
[31m    at trimPrefix (C:\Users\Lenovo\Desktop\NewBranch\branch-backend\node_modules\router\index.js:342:13)[39m
[2026-09-16 10:24:08:248] [[31merror[39m]: [31mError: Invalid or expired authentication token.[39m
[31m    at auth (C:\Users\Lenovo\Desktop\NewBranch\branch-backend\src\middleware\auth.middleware.ts:44:13)[39m
[31m    at Layer.handleRequest (C:\Users\Lenovo\Desktop\NewBranch\branch-backend\node_modules\router\lib\layer.js:152:17)[39m
[31m    at trimPrefix (C:\Users\Lenovo\Desktop\NewBranch\branch-backend\node_modules\router\index.js:342:13)[39m
[31m    at C:\Users\Lenovo\Desktop\NewBranch\branch-backend\node_modules\router\index.js:297:9[39m
[31m    at processParams (C:\Users\Lenovo\Desktop\NewBranch\branch-backend\node_modules\router\index.js:582:12)[39m
[31m    at next (C:\Users\Lenovo\Desktop\NewBranch\branch-backend\node_modules\router\index.js:291:5)[39m
[31m    at Function.handle (C:\Users\Lenovo\Desktop\NewBranch\branch-backend\node_modules\router\index.js:186:3)[39m
[31m    at router (C:\Users\Lenovo\Desktop\NewBranch\branch-backend\node_modules\router\index.js:60:12)[39m
[31m    at Layer.handleRequest (C:\Users\Lenovo\Desktop\NewBranch\branch-backend\node_modules\router\lib\layer.js:152:17)[39m
[31m    at trimPrefix (C:\Users\Lenovo\Desktop\NewBranch\branch-backend\node_modules\router\index.js:342:13)[39m
[2026-09-16 10:39:25:3925] [[31merror[39m]: [31mError: Invalid or expired authentication token.[39m
[31m    at auth (C:\Users\Lenovo\Desktop\NewBranch\branch-backend\src\middleware\auth.middleware.ts:44:13)[39m
[31m    at Layer.handleRequest (C:\Users\Lenovo\Desktop\NewBranch\branch-backend\node_modules\router\lib\layer.js:152:17)[39m
[31m    at trimPrefix (C:\Users\Lenovo\Desktop\NewBranch\branch-backend\node_modules\router\index.js:342:13)[39m
[31m    at C:\Users\Lenovo\Desktop\NewBranch\branch-backend\node_modules\router\index.js:297:9[39m
[31m    at processParams (C:\Users\Lenovo\Desktop\NewBranch\branch-backend\node_modules\router\index.js:582:12)[39m
[31m    at next (C:\Users\Lenovo\Desktop\NewBranch\branch-backend\node_modules\router\index.js:291:5)[39m
[31m    at Function.handle (C:\Users\Lenovo\Desktop\NewBranch\branch-backend\node_modules\router\index.js:186:3)[39m
[31m    at router (C:\Users\Lenovo\Desktop\NewBranch\branch-backend\node_modules\router\index.js:60:12)[39m
[31m    at Layer.handleRequest (C:\Users\Lenovo\Desktop\NewBranch\branch-backend\node_modules\router\lib\layer.js:152:17)[39m
[31m    at trimPrefix (C:\Users\Lenovo\Desktop\NewBranch\branch-backend\node_modules\router\index.js:342:13)[39m
[2026-09-16 10:39:25:3925] [[31merror[39m]: [31mError: Invalid or expired authentication token.[39m
[31m    at auth (C:\Users\Lenovo\Desktop\NewBranch\branch-backend\src\middleware\auth.middleware.ts:44:13)[39m
[31m    at Layer.handleRequest (C:\Users\Lenovo\Desktop\NewBranch\branch-backend\node_modules\router\lib\layer.js:152:17)[39m
[31m    at trimPrefix (C:\Users\Lenovo\Desktop\NewBranch\branch-backend\node_modules\router\index.js:342:13)[39m
[31m    at C:\Users\Lenovo\Desktop\NewBranch\branch-backend\node_modules\router\index.js:297:9[39m
[31m    at processParams (C:\Users\Lenovo\Desktop\NewBranch\branch-backend\node_modules\router\index.js:582:12)[39m
[31m    at next (C:\Users\Lenovo\Desktop\NewBranch\branch-backend\node_modules\router\index.js:291:5)[39m
[31m    at Function.handle (C:\Users\Lenovo\Desktop\NewBranch\branch-backend\node_modules\router\index.js:186:3)[39m
[31m    at router (C:\Users\Lenovo\Desktop\NewBranch\branch-backend\node_modules\router\index.js:60:12)[39m
[31m    at Layer.handleRequest (C:\Users\Lenovo\Desktop\NewBranch\branch-backend\node_modules\router\lib\layer.js:152:17)[39m
[31m    at trimPrefix (C:\Users\Lenovo\Desktop\NewBranch\branch-backend\node_modules\router\index.js:342:13)[39m
[2026-09-16 10:39:25:3925] [[31merror[39m]: [31mError: Invalid or expired authentication token.[39m
[31m    at auth (C:\Users\Lenovo\Desktop\NewBranch\branch-backend\src\middleware\auth.middleware.ts:44:13)[39m
[31m    at Layer.handleRequest (C:\Users\Lenovo\Desktop\NewBranch\branch-backend\node_modules\router\lib\layer.js:152:17)[39m
[31m    at trimPrefix (C:\Users\Lenovo\Desktop\NewBranch\branch-backend\node_modules\router\index.js:342:13)[39m
[31m    at C:\Users\Lenovo\Desktop\NewBranch\branch-backend\node_modules\router\index.js:297:9[39m
[31m    at processParams (C:\Users\Lenovo\Desktop\NewBranch\branch-backend\node_modules\router\index.js:582:12)[39m
[31m    at next (C:\Users\Lenovo\Desktop\NewBranch\branch-backend\node_modules\router\index.js:291:5)[39m
[31m    at Function.handle (C:\Users\Lenovo\Desktop\NewBranch\branch-backend\node_modules\router\index.js:186:3)[39m
[31m    at router (C:\Users\Lenovo\Desktop\NewBranch\branch-backend\node_modules\router\index.js:60:12)[39m
[31m    at Layer.handleRequest (C:\Users\Lenovo\Desktop\NewBranch\branch-backend\node_modules\router\lib\layer.js:152:17)[39m
[31m    at trimPrefix (C:\Users\Lenovo\Desktop\NewBranch\branch-backend\node_modules\router\index.js:342:13)[39m
[2026-09-16 10:39:25:3925] [[31merror[39m]: [31mError: Invalid or expired authentication token.[39m
[31m    at auth (C:\Users\Lenovo\Desktop\NewBranch\branch-backend\src\middleware\auth.middleware.ts:44:13)[39m
[31m    at Layer.handleRequest (C:\Users\Lenovo\Desktop\NewBranch\branch-backend\node_modules\router\lib\layer.js:152:17)[39m
[31m    at trimPrefix (C:\Users\Lenovo\Desktop\NewBranch\branch-backend\node_modules\router\index.js:342:13)[39m
[31m    at C:\Users\Lenovo\Desktop\NewBranch\branch-backend\node_modules\router\index.js:297:9[39m
[31m    at processParams (C:\Users\Lenovo\Desktop\NewBranch\branch-backend\node_modules\router\index.js:582:12)[39m
[31m    at next (C:\Users\Lenovo\Desktop\NewBranch\branch-backend\node_modules\router\index.js:291:5)[39m
[31m    at Function.handle (C:\Users\Lenovo\Desktop\NewBranch\branch-backend\node_modules\router\index.js:186:3)[39m
[31m    at router (C:\Users\Lenovo\Desktop\NewBranch\branch-backend\node_modules\router\index.js:60:12)[39m
[31m    at Layer.handleRequest (C:\Users\Lenovo\Desktop\NewBranch\branch-backend\node_modules\router\lib\layer.js:152:17)[39m
[31m    at trimPrefix (C:\Users\Lenovo\Desktop\NewBranch\branch-backend\node_modules\router\index.js:342:13)[39m
[2026-09-16 10:39:25:3925] [[31merror[39m]: [31mError: Invalid or expired authentication token.[39m
[31m    at auth (C:\Users\Lenovo\Desktop\NewBranch\branch-backend\src\middleware\auth.middleware.ts:44:13)[39m
[31m    at Layer.handleRequest (C:\Users\Lenovo\Desktop\NewBranch\branch-backend\node_modules\router\lib\layer.js:152:17)[39m
[31m    at trimPrefix (C:\Users\Lenovo\Desktop\NewBranch\branch-backend\node_modules\router\index.js:342:13)[39m
[31m    at C:\Users\Lenovo\Desktop\NewBranch\branch-backend\node_modules\router\index.js:297:9[39m
[31m    at processParams (C:\Users\Lenovo\Desktop\NewBranch\branch-backend\node_modules\router\index.js:582:12)[39m
[31m    at next (C:\Users\Lenovo\Desktop\NewBranch\branch-backend\node_modules\router\index.js:291:5)[39m
[31m    at Function.handle (C:\Users\Lenovo\Desktop\NewBranch\branch-backend\node_modules\router\index.js:186:3)[39m
[31m    at router (C:\Users\Lenovo\Desktop\NewBranch\branch-backend\node_modules\router\index.js:60:12)[39m
[31m    at Layer.handleRequest (C:\Users\Lenovo\Desktop\NewBranch\branch-backend\node_modules\router\lib\layer.js:152:17)[39m
[31m    at trimPrefix (C:\Users\Lenovo\Desktop\NewBranch\branch-backend\node_modules\router\index.js:342:13)[39m
[2026-09-16 10:39:25:3925] [[31merror[39m]: [31mError: Invalid or expired authentication token.[39m
[31m    at auth (C:\Users\Lenovo\Desktop\NewBranch\branch-backend\src\middleware\auth.middleware.ts:44:13)[39m
[31m    at Layer.handleRequest (C:\Users\Lenovo\Desktop\NewBranch\branch-backend\node_modules\router\lib\layer.js:152:17)[39m
[31m    at trimPrefix (C:\Users\Lenovo\Desktop\NewBranch\branch-backend\node_modules\router\index.js:342:13)[39m
[31m    at C:\Users\Lenovo\Desktop\NewBranch\branch-backend\node_modules\router\index.js:297:9[39m
[31m    at processParams (C:\Users\Lenovo\Desktop\NewBranch\branch-backend\node_modules\router\index.js:582:12)[39m
[31m    at next (C:\Users\Lenovo\Desktop\NewBranch\branch-backend\node_modules\router\index.js:291:5)[39m
[31m    at Function.handle (C:\Users\Lenovo\Desktop\NewBranch\branch-backend\node_modules\router\index.js:186:3)[39m
[31m    at router (C:\Users\Lenovo\Desktop\NewBranch\branch-backend\node_modules\router\index.js:60:12)[39m
[31m    at Layer.handleRequest (C:\Users\Lenovo\Desktop\NewBranch\branch-backend\node_modules\router\lib\layer.js:152:17)[39m
[31m    at trimPrefix (C:\Users\Lenovo\Desktop\NewBranch\branch-backend\node_modules\router\index.js:342:13)[39m
[2026-09-16 10:39:25:3925] [[31merror[39m]: [31mError: Invalid or expired authentication token.[39m
[31m    at auth (C:\Users\Lenovo\Desktop\NewBranch\branch-backend\src\middleware\auth.middleware.ts:44:13)[39m
[31m    at Layer.handleRequest (C:\Users\Lenovo\Desktop\NewBranch\branch-backend\node_modules\router\lib\layer.js:152:17)[39m
[31m    at trimPrefix (C:\Users\Lenovo\Desktop\NewBranch\branch-backend\node_modules\router\index.js:342:13)[39m
[31m    at C:\Users\Lenovo\Desktop\NewBranch\branch-backend\node_modules\router\index.js:297:9[39m
[31m    at processParams (C:\Users\Lenovo\Desktop\NewBranch\branch-backend\node_modules\router\index.js:582:12)[39m
[31m    at next (C:\Users\Lenovo\Desktop\NewBranch\branch-backend\node_modules\router\index.js:291:5)[39m
[31m    at Function.handle (C:\Users\Lenovo\Desktop\NewBranch\branch-backend\node_modules\router\index.js:186:3)[39m
[31m    at router (C:\Users\Lenovo\Desktop\NewBranch\branch-backend\node_modules\router\index.js:60:12)[39m
[31m    at Layer.handleRequest (C:\Users\Lenovo\Desktop\NewBranch\branch-backend\node_modules\router\lib\layer.js:152:17)[39m
[31m    at trimPrefix (C:\Users\Lenovo\Desktop\NewBranch\branch-backend\node_modules\router\index.js:342:13)[39m
[2026-09-16 11:03:14:314] [[31merror[39m]: [31mError: Invalid or expired authentication token.[39m
[31m    at auth (C:\Users\Lenovo\Desktop\NewBranch\branch-backend\src\middleware\auth.middleware.ts:44:13)[39m
[31m    at Layer.handleRequest (C:\Users\Lenovo\Desktop\NewBranch\branch-backend\node_modules\router\lib\layer.js:152:17)[39m
[31m    at trimPrefix (C:\Users\Lenovo\Desktop\NewBranch\branch-backend\node_modules\router\index.js:342:13)[39m
[31m    at C:\Users\Lenovo\Desktop\NewBranch\branch-backend\node_modules\router\index.js:297:9[39m
[31m    at processParams (C:\Users\Lenovo\Desktop\NewBranch\branch-backend\node_modules\router\index.js:582:12)[39m
[31m    at next (C:\Users\Lenovo\Desktop\NewBranch\branch-backend\node_modules\router\index.js:291:5)[39m
[31m    at Function.handle (C:\Users\Lenovo\Desktop\NewBranch\branch-backend\node_modules\router\index.js:186:3)[39m
[31m    at router (C:\Users\Lenovo\Desktop\NewBranch\branch-backend\node_modules\router\index.js:60:12)[39m
[31m    at Layer.handleRequest (C:\Users\Lenovo\Desktop\NewBranch\branch-backend\node_modules\router\lib\layer.js:152:17)[39m
[31m    at trimPrefix (C:\Users\Lenovo\Desktop\NewBranch\branch-backend\node_modules\router\index.js:342:13)[39m
[2026-09-16 11:21:33:2133] [[31merror[39m]: [31mError: Invalid or expired authentication token.[39m
[31m    at auth (C:\Users\Lenovo\Desktop\NewBranch\branch-backend\src\middleware\auth.middleware.ts:44:13)[39m
[31m    at Layer.handleRequest (C:\Users\Lenovo\Desktop\NewBranch\branch-backend\node_modules\router\lib\layer.js:152:17)[39m
[31m    at trimPrefix (C:\Users\Lenovo\Desktop\NewBranch\branch-backend\node_modules\router\index.js:342:13)[39m
[31m    at C:\Users\Lenovo\Desktop\NewBranch\branch-backend\node_modules\router\index.js:297:9[39m
[31m    at processParams (C:\Users\Lenovo\Desktop\NewBranch\branch-backend\node_modules\router\index.js:582:12)[39m
[31m    at next (C:\Users\Lenovo\Desktop\NewBranch\branch-backend\node_modules\router\index.js:291:5)[39m
[31m    at Function.handle (C:\Users\Lenovo\Desktop\NewBranch\branch-backend\node_modules\router\index.js:186:3)[39m
[31m    at router (C:\Users\Lenovo\Desktop\NewBranch\branch-backend\node_modules\router\index.js:60:12)[39m
[31m    at Layer.handleRequest (C:\Users\Lenovo\Desktop\NewBranch\branch-backend\node_modules\router\lib\layer.js:152:17)[39m
[31m    at trimPrefix (C:\Users\Lenovo\Desktop\NewBranch\branch-backend\node_modules\router\index.js:342:13)[39m
[2026-09-16 11:36:43:3643] [[31merror[39m]: [31mError: Invalid or expired authentication token.[39m
[31m    at auth (C:\Users\Lenovo\Desktop\NewBranch\branch-backend\src\middleware\auth.middleware.ts:44:13)[39m
[31m    at Layer.handleRequest (C:\Users\Lenovo\Desktop\NewBranch\branch-backend\node_modules\router\lib\layer.js:152:17)[39m
[31m    at trimPrefix (C:\Users\Lenovo\Desktop\NewBranch\branch-backend\node_modules\router\index.js:342:13)[39m
[31m    at C:\Users\Lenovo\Desktop\NewBranch\branch-backend\node_modules\router\index.js:297:9[39m
[31m    at processParams (C:\Users\Lenovo\Desktop\NewBranch\branch-backend\node_modules\router\index.js:582:12)[39m
[31m    at next (C:\Users\Lenovo\Desktop\NewBranch\branch-backend\node_modules\router\index.js:291:5)[39m
[31m    at Function.handle (C:\Users\Lenovo\Desktop\NewBranch\branch-backend\node_modules\router\index.js:186:3)[39m
[31m    at router (C:\Users\Lenovo\Desktop\NewBranch\branch-backend\node_modules\router\index.js:60:12)[39m
[31m    at Layer.handleRequest (C:\Users\Lenovo\Desktop\NewBranch\branch-backend\node_modules\router\lib\layer.js:152:17)[39m
[31m    at trimPrefix (C:\Users\Lenovo\Desktop\NewBranch\branch-backend\node_modules\router\index.js:342:13)[39m
[2026-09-16 12:03:27:327] [[31merror[39m]: [31mError: Invalid or expired authentication token.[39m
[31m    at auth (C:\Users\Lenovo\Desktop\NewBranch\branch-backend\src\middleware\auth.middleware.ts:44:13)[39m
[31m    at Layer.handleRequest (C:\Users\Lenovo\Desktop\NewBranch\branch-backend\node_modules\router\lib\layer.js:152:17)[39m
[31m    at trimPrefix (C:\Users\Lenovo\Desktop\NewBranch\branch-backend\node_modules\router\index.js:342:13)[39m
[31m    at C:\Users\Lenovo\Desktop\NewBranch\branch-backend\node_modules\router\index.js:297:9[39m
[31m    at processParams (C:\Users\Lenovo\Desktop\NewBranch\branch-backend\node_modules\router\index.js:582:12)[39m
[31m    at next (C:\Users\Lenovo\Desktop\NewBranch\branch-backend\node_modules\router\index.js:291:5)[39m
[31m    at Function.handle (C:\Users\Lenovo\Desktop\NewBranch\branch-backend\node_modules\router\index.js:186:3)[39m
[31m    at router (C:\Users\Lenovo\Desktop\NewBranch\branch-backend\node_modules\router\index.js:60:12)[39m
[31m    at Layer.handleRequest (C:\Users\Lenovo\Desktop\NewBranch\branch-backend\node_modules\router\lib\layer.js:152:17)[39m
[31m    at trimPrefix (C:\Users\Lenovo\Desktop\NewBranch\branch-backend\node_modules\router\index.js:342:13)[39m
[2026-09-16 12:19:36:1936] [[31merror[39m]: [31mError: Invalid or expired authentication token.[39m
[31m    at auth (C:\Users\Lenovo\Desktop\NewBranch\branch-backend\src\middleware\auth.middleware.ts:44:13)[39m
[31m    at Layer.handleRequest (C:\Users\Lenovo\Desktop\NewBranch\branch-backend\node_modules\router\lib\layer.js:152:17)[39m
[31m    at trimPrefix (C:\Users\Lenovo\Desktop\NewBranch\branch-backend\node_modules\router\index.js:342:13)[39m
[31m    at C:\Users\Lenovo\Desktop\NewBranch\branch-backend\node_modules\router\index.js:297:9[39m
[31m    at processParams (C:\Users\Lenovo\Desktop\NewBranch\branch-backend\node_modules\router\index.js:582:12)[39m
[31m    at next (C:\Users\Lenovo\Desktop\NewBranch\branch-backend\node_modules\router\index.js:291:5)[39m
[31m    at Function.handle (C:\Users\Lenovo\Desktop\NewBranch\branch-backend\node_modules\router\index.js:186:3)[39m
[31m    at router (C:\Users\Lenovo\Desktop\NewBranch\branch-backend\node_modules\router\index.js:60:12)[39m
[31m    at Layer.handleRequest (C:\Users\Lenovo\Desktop\NewBranch\branch-backend\node_modules\router\lib\layer.js:152:17)[39m
[31m    at trimPrefix (C:\Users\Lenovo\Desktop\NewBranch\branch-backend\node_modules\router\index.js:342:13)[39m
[2026-09-16 12:31:06:316] [[32minfo[39m]: [32mServer is running in development mode on port 8000[39m
[2026-09-16 12:36:13:3613] [[31merror[39m]: [31mError: Invalid or expired authentication token.[39m
[31m    at auth (C:\Users\Lenovo\Desktop\NewBranch\branch-backend\src\middleware\auth.middleware.ts:44:13)[39m
[31m    at Layer.handleRequest (C:\Users\Lenovo\Desktop\NewBranch\branch-backend\node_modules\router\lib\layer.js:152:17)[39m
[31m    at trimPrefix (C:\Users\Lenovo\Desktop\NewBranch\branch-backend\node_modules\router\index.js:342:13)[39m
[31m    at C:\Users\Lenovo\Desktop\NewBranch\branch-backend\node_modules\router\index.js:297:9[39m
[31m    at processParams (C:\Users\Lenovo\Desktop\NewBranch\branch-backend\node_modules\router\index.js:582:12)[39m
[31m    at next (C:\Users\Lenovo\Desktop\NewBranch\branch-backend\node_modules\router\index.js:291:5)[39m
[31m    at Function.handle (C:\Users\Lenovo\Desktop\NewBranch\branch-backend\node_modules\router\index.js:186:3)[39m
[31m    at router (C:\Users\Lenovo\Desktop\NewBranch\branch-backend\node_modules\router\index.js:60:12)[39m
[31m    at Layer.handleRequest (C:\Users\Lenovo\Desktop\NewBranch\branch-backend\node_modules\router\lib\layer.js:152:17)[39m
[31m    at trimPrefix (C:\Users\Lenovo\Desktop\NewBranch\branch-backend\node_modules\router\index.js:342:13)[39m
[2026-09-16 12:40:16:4016] [[31merror[39m]: [31mError: Authentication token is missing.[39m
[31m    at auth (C:\Users\Lenovo\Desktop\NewBranch\branch-backend\src\middleware\auth.middleware.ts:36:13)[39m
[31m    at Layer.handleRequest (C:\Users\Lenovo\Desktop\NewBranch\branch-backend\node_modules\router\lib\layer.js:152:17)[39m
[31m    at trimPrefix (C:\Users\Lenovo\Desktop\NewBranch\branch-backend\node_modules\router\index.js:342:13)[39m
[31m    at C:\Users\Lenovo\Desktop\NewBranch\branch-backend\node_modules\router\index.js:297:9[39m
[31m    at processParams (C:\Users\Lenovo\Desktop\NewBranch\branch-backend\node_modules\router\index.js:582:12)[39m
[31m    at next (C:\Users\Lenovo\Desktop\NewBranch\branch-backend\node_modules\router\index.js:291:5)[39m
[31m    at Function.handle (C:\Users\Lenovo\Desktop\NewBranch\branch-backend\node_modules\router\index.js:186:3)[39m
[31m    at router (C:\Users\Lenovo\Desktop\NewBranch\branch-backend\node_modules\router\index.js:60:12)[39m
[31m    at Layer.handleRequest (C:\Users\Lenovo\Desktop\NewBranch\branch-backend\node_modules\router\lib\layer.js:152:17)[39m
[31m    at trimPrefix (C:\Users\Lenovo\Desktop\NewBranch\branch-backend\node_modules\router\index.js:342:13)[39m
[2026-09-16 12:40:24:4024] [[31merror[39m]: [31mError: Authentication token is missing.[39m
[31m    at auth (C:\Users\Lenovo\Desktop\NewBranch\branch-backend\src\middleware\auth.middleware.ts:36:13)[39m
[31m    at Layer.handleRequest (C:\Users\Lenovo\Desktop\NewBranch\branch-backend\node_modules\router\lib\layer.js:152:17)[39m
[31m    at trimPrefix (C:\Users\Lenovo\Desktop\NewBranch\branch-backend\node_modules\router\index.js:342:13)[39m
[31m    at C:\Users\Lenovo\Desktop\NewBranch\branch-backend\node_modules\router\index.js:297:9[39m
[31m    at processParams (C:\Users\Lenovo\Desktop\NewBranch\branch-backend\node_modules\router\index.js:582:12)[39m
[31m    at next (C:\Users\Lenovo\Desktop\NewBranch\branch-backend\node_modules\router\index.js:291:5)[39m
[31m    at Function.handle (C:\Users\Lenovo\Desktop\NewBranch\branch-backend\node_modules\router\index.js:186:3)[39m
[31m    at router (C:\Users\Lenovo\Desktop\NewBranch\branch-backend\node_modules\router\index.js:60:12)[39m
[31m    at Layer.handleRequest (C:\Users\Lenovo\Desktop\NewBranch\branch-backend\node_modules\router\lib\layer.js:152:17)[39m
[31m    at trimPrefix (C:\Users\Lenovo\Desktop\NewBranch\branch-backend\node_modules\router\index.js:342:13)[39m
[2026-09-16 12:51:29:5129] [[31merror[39m]: [31mError: Invalid or expired authentication token.[39m
[31m    at auth (C:\Users\Lenovo\Desktop\NewBranch\branch-backend\src\middleware\auth.middleware.ts:44:13)[39m
[31m    at Layer.handleRequest (C:\Users\Lenovo\Desktop\NewBranch\branch-backend\node_modules\router\lib\layer.js:152:17)[39m
[31m    at trimPrefix (C:\Users\Lenovo\Desktop\NewBranch\branch-backend\node_modules\router\index.js:342:13)[39m
[31m    at C:\Users\Lenovo\Desktop\NewBranch\branch-backend\node_modules\router\index.js:297:9[39m
[31m    at processParams (C:\Users\Lenovo\Desktop\NewBranch\branch-backend\node_modules\router\index.js:582:12)[39m
[31m    at next (C:\Users\Lenovo\Desktop\NewBranch\branch-backend\node_modules\router\index.js:291:5)[39m
[31m    at Function.handle (C:\Users\Lenovo\Desktop\NewBranch\branch-backend\node_modules\router\index.js:186:3)[39m
[31m    at router (C:\Users\Lenovo\Desktop\NewBranch\branch-backend\node_modules\router\index.js:60:12)[39m
[31m    at Layer.handleRequest (C:\Users\Lenovo\Desktop\NewBranch\branch-backend\node_modules\router\lib\layer.js:152:17)[39m
[31m    at trimPrefix (C:\Users\Lenovo\Desktop\NewBranch\branch-backend\node_modules\router\index.js:342:13)[39m
[2026-09-16 14:20:03:203] [[31merror[39m]: [31mError: Invalid or expired authentication token.[39m
[31m    at auth (C:\Users\Lenovo\Desktop\NewBranch\branch-backend\src\middleware\auth.middleware.ts:44:13)[39m
[31m    at Layer.handleRequest (C:\Users\Lenovo\Desktop\NewBranch\branch-backend\node_modules\router\lib\layer.js:152:17)[39m
[31m    at trimPrefix (C:\Users\Lenovo\Desktop\NewBranch\branch-backend\node_modules\router\index.js:342:13)[39m
[31m    at C:\Users\Lenovo\Desktop\NewBranch\branch-backend\node_modules\router\index.js:297:9[39m
[31m    at processParams (C:\Users\Lenovo\Desktop\NewBranch\branch-backend\node_modules\router\index.js:582:12)[39m
[31m    at next (C:\Users\Lenovo\Desktop\NewBranch\branch-backend\node_modules\router\index.js:291:5)[39m
[31m    at Function.handle (C:\Users\Lenovo\Desktop\NewBranch\branch-backend\node_modules\router\index.js:186:3)[39m
[31m    at router (C:\Users\Lenovo\Desktop\NewBranch\branch-backend\node_modules\router\index.js:60:12)[39m
[31m    at Layer.handleRequest (C:\Users\Lenovo\Desktop\NewBranch\branch-backend\node_modules\router\lib\layer.js:152:17)[39m
[31m    at trimPrefix (C:\Users\Lenovo\Desktop\NewBranch\branch-backend\node_modules\router\index.js:342:13)[39m
[2026-09-16 14:20:03:203] [[31merror[39m]: [31mError: Invalid or expired authentication token.[39m
[31m    at auth (C:\Users\Lenovo\Desktop\NewBranch\branch-backend\src\middleware\auth.middleware.ts:44:13)[39m
[31m    at Layer.handleRequest (C:\Users\Lenovo\Desktop\NewBranch\branch-backend\node_modules\router\lib\layer.js:152:17)[39m
[31m    at trimPrefix (C:\Users\Lenovo\Desktop\NewBranch\branch-backend\node_modules\router\index.js:342:13)[39m
[31m    at C:\Users\Lenovo\Desktop\NewBranch\branch-backend\node_modules\router\index.js:297:9[39m
[31m    at processParams (C:\Users\Lenovo\Desktop\NewBranch\branch-backend\node_modules\router\index.js:582:12)[39m
[31m    at next (C:\Users\Lenovo\Desktop\NewBranch\branch-backend\node_modules\router\index.js:291:5)[39m
[31m    at Function.handle (C:\Users\Lenovo\Desktop\NewBranch\branch-backend\node_modules\router\index.js:186:3)[39m
[31m    at router (C:\Users\Lenovo\Desktop\NewBranch\branch-backend\node_modules\router\index.js:60:12)[39m
[31m    at Layer.handleRequest (C:\Users\Lenovo\Desktop\NewBranch\branch-backend\node_modules\router\lib\layer.js:152:17)[39m
[31m    at trimPrefix (C:\Users\Lenovo\Desktop\NewBranch\branch-backend\node_modules\router\index.js:342:13)[39m
[2026-09-16 14:20:03:203] [[31merror[39m]: [31mError: Invalid or expired authentication token.[39m
[31m    at auth (C:\Users\Lenovo\Desktop\NewBranch\branch-backend\src\middleware\auth.middleware.ts:44:13)[39m
[31m    at Layer.handleRequest (C:\Users\Lenovo\Desktop\NewBranch\branch-backend\node_modules\router\lib\layer.js:152:17)[39m
[31m    at trimPrefix (C:\Users\Lenovo\Desktop\NewBranch\branch-backend\node_modules\router\index.js:342:13)[39m
[31m    at C:\Users\Lenovo\Desktop\NewBranch\branch-backend\node_modules\router\index.js:297:9[39m
[31m    at processParams (C:\Users\Lenovo\Desktop\NewBranch\branch-backend\node_modules\router\index.js:582:12)[39m
[31m    at next (C:\Users\Lenovo\Desktop\NewBranch\branch-backend\node_modules\router\index.js:291:5)[39m
[31m    at Function.handle (C:\Users\Lenovo\Desktop\NewBranch\branch-backend\node_modules\router\index.js:186:3)[39m
[31m    at router (C:\Users\Lenovo\Desktop\NewBranch\branch-backend\node_modules\router\index.js:60:12)[39m
[31m    at Layer.handleRequest (C:\Users\Lenovo\Desktop\NewBranch\branch-backend\node_modules\router\lib\layer.js:152:17)[39m
[31m    at trimPrefix (C:\Users\Lenovo\Desktop\NewBranch\branch-backend\node_modules\router\index.js:342:13)[39m
[2026-09-16 14:20:03:203] [[31merror[39m]: [31mError: Invalid or expired authentication token.[39m
[31m    at auth (C:\Users\Lenovo\Desktop\NewBranch\branch-backend\src\middleware\auth.middleware.ts:44:13)[39m
[31m    at Layer.handleRequest (C:\Users\Lenovo\Desktop\NewBranch\branch-backend\node_modules\router\lib\layer.js:152:17)[39m
[31m    at trimPrefix (C:\Users\Lenovo\Desktop\NewBranch\branch-backend\node_modules\router\index.js:342:13)[39m
[31m    at C:\Users\Lenovo\Desktop\NewBranch\branch-backend\node_modules\router\index.js:297:9[39m
[31m    at processParams (C:\Users\Lenovo\Desktop\NewBranch\branch-backend\node_modules\router\index.js:582:12)[39m
[31m    at next (C:\Users\Lenovo\Desktop\NewBranch\branch-backend\node_modules\router\index.js:291:5)[39m
[31m    at Function.handle (C:\Users\Lenovo\Desktop\NewBranch\branch-backend\node_modules\router\index.js:186:3)[39m
[31m    at router (C:\Users\Lenovo\Desktop\NewBranch\branch-backend\node_modules\router\index.js:60:12)[39m
[31m    at Layer.handleRequest (C:\Users\Lenovo\Desktop\NewBranch\branch-backend\node_modules\router\lib\layer.js:152:17)[39m
[31m    at trimPrefix (C:\Users\Lenovo\Desktop\NewBranch\branch-backend\node_modules\router\index.js:342:13)[39m
[2026-09-16 14:20:03:203] [[31merror[39m]: [31mError: Invalid or expired authentication token.[39m
[31m    at auth (C:\Users\Lenovo\Desktop\NewBranch\branch-backend\src\middleware\auth.middleware.ts:44:13)[39m
[31m    at Layer.handleRequest (C:\Users\Lenovo\Desktop\NewBranch\branch-backend\node_modules\router\lib\layer.js:152:17)[39m
[31m    at trimPrefix (C:\Users\Lenovo\Desktop\NewBranch\branch-backend\node_modules\router\index.js:342:13)[39m
[31m    at C:\Users\Lenovo\Desktop\NewBranch\branch-backend\node_modules\router\index.js:297:9[39m
[31m    at processParams (C:\Users\Lenovo\Desktop\NewBranch\branch-backend\node_modules\router\index.js:582:12)[39m
[31m    at next (C:\Users\Lenovo\Desktop\NewBranch\branch-backend\node_modules\router\index.js:291:5)[39m
[31m    at Function.handle (C:\Users\Lenovo\Desktop\NewBranch\branch-backend\node_modules\router\index.js:186:3)[39m
[31m    at router (C:\Users\Lenovo\Desktop\NewBranch\branch-backend\node_modules\router\index.js:60:12)[39m
[31m    at Layer.handleRequest (C:\Users\Lenovo\Desktop\NewBranch\branch-backend\node_modules\router\lib\layer.js:152:17)[39m
[31m    at trimPrefix (C:\Users\Lenovo\Desktop\NewBranch\branch-backend\node_modules\router\index.js:342:13)[39m
[2026-09-16 14:20:03:203] [[31merror[39m]: [31mError: Invalid or expired authentication token.[39m
[31m    at auth (C:\Users\Lenovo\Desktop\NewBranch\branch-backend\src\middleware\auth.middleware.ts:44:13)[39m
[31m    at Layer.handleRequest (C:\Users\Lenovo\Desktop\NewBranch\branch-backend\node_modules\router\lib\layer.js:152:17)[39m
[31m    at trimPrefix (C:\Users\Lenovo\Desktop\NewBranch\branch-backend\node_modules\router\index.js:342:13)[39m
[31m    at C:\Users\Lenovo\Desktop\NewBranch\branch-backend\node_modules\router\index.js:297:9[39m
[31m    at processParams (C:\Users\Lenovo\Desktop\NewBranch\branch-backend\node_modules\router\index.js:582:12)[39m
[31m    at next (C:\Users\Lenovo\Desktop\NewBranch\branch-backend\node_modules\router\index.js:291:5)[39m
[31m    at Function.handle (C:\Users\Lenovo\Desktop\NewBranch\branch-backend\node_modules\router\index.js:186:3)[39m
[31m    at router (C:\Users\Lenovo\Desktop\NewBranch\branch-backend\node_modules\router\index.js:60:12)[39m
[31m    at Layer.handleRequest (C:\Users\Lenovo\Desktop\NewBranch\branch-backend\node_modules\router\lib\layer.js:152:17)[39m
[31m    at trimPrefix (C:\Users\Lenovo\Desktop\NewBranch\branch-backend\node_modules\router\index.js:342:13)[39m
[2026-09-16 14:20:03:203] [[31merror[39m]: [31mError: Invalid or expired authentication token.[39m
[31m    at auth (C:\Users\Lenovo\Desktop\NewBranch\branch-backend\src\middleware\auth.middleware.ts:44:13)[39m
[31m    at Layer.handleRequest (C:\Users\Lenovo\Desktop\NewBranch\branch-backend\node_modules\router\lib\layer.js:152:17)[39m
[31m    at trimPrefix (C:\Users\Lenovo\Desktop\NewBranch\branch-backend\node_modules\router\index.js:342:13)[39m
[31m    at C:\Users\Lenovo\Desktop\NewBranch\branch-backend\node_modules\router\index.js:297:9[39m
[31m    at processParams (C:\Users\Lenovo\Desktop\NewBranch\branch-backend\node_modules\router\index.js:582:12)[39m
[31m    at next (C:\Users\Lenovo\Desktop\NewBranch\branch-backend\node_modules\router\index.js:291:5)[39m
[31m    at Function.handle (C:\Users\Lenovo\Desktop\NewBranch\branch-backend\node_modules\router\index.js:186:3)[39m
[31m    at router (C:\Users\Lenovo\Desktop\NewBranch\branch-backend\node_modules\router\index.js:60:12)[39m
[31m    at Layer.handleRequest (C:\Users\Lenovo\Desktop\NewBranch\branch-backend\node_modules\router\lib\layer.js:152:17)[39m
[31m    at trimPrefix (C:\Users\Lenovo\Desktop\NewBranch\branch-backend\node_modules\router\index.js:342:13)[39m
[2026-09-16 14:20:03:203] [[31merror[39m]: [31mError: Invalid or expired authentication token.[39m
[31m    at auth (C:\Users\Lenovo\Desktop\NewBranch\branch-backend\src\middleware\auth.middleware.ts:44:13)[39m
[31m    at Layer.handleRequest (C:\Users\Lenovo\Desktop\NewBranch\branch-backend\node_modules\router\lib\layer.js:152:17)[39m
[31m    at trimPrefix (C:\Users\Lenovo\Desktop\NewBranch\branch-backend\node_modules\router\index.js:342:13)[39m
[31m    at C:\Users\Lenovo\Desktop\NewBranch\branch-backend\node_modules\router\index.js:297:9[39m
[31m    at processParams (C:\Users\Lenovo\Desktop\NewBranch\branch-backend\node_modules\router\index.js:582:12)[39m
[31m    at next (C:\Users\Lenovo\Desktop\NewBranch\branch-backend\node_modules\router\index.js:291:5)[39m
[31m    at Function.handle (C:\Users\Lenovo\Desktop\NewBranch\branch-backend\node_modules\router\index.js:186:3)[39m
[31m    at router (C:\Users\Lenovo\Desktop\NewBranch\branch-backend\node_modules\router\index.js:60:12)[39m
[31m    at Layer.handleRequest (C:\Users\Lenovo\Desktop\NewBranch\branch-backend\node_modules\router\lib\layer.js:152:17)[39m
[31m    at trimPrefix (C:\Users\Lenovo\Desktop\NewBranch\branch-backend\node_modules\router\index.js:342:13)[39m
[2026-09-16 15:00:04:04] [[31merror[39m]: [31mError: Invalid or expired authentication token.[39m
[31m    at auth (C:\Users\Lenovo\Desktop\NewBranch\branch-backend\src\middleware\auth.middleware.ts:44:13)[39m
[31m    at Layer.handleRequest (C:\Users\Lenovo\Desktop\NewBranch\branch-backend\node_modules\router\lib\layer.js:152:17)[39m
[31m    at trimPrefix (C:\Users\Lenovo\Desktop\NewBranch\branch-backend\node_modules\router\index.js:342:13)[39m
[31m    at C:\Users\Lenovo\Desktop\NewBranch\branch-backend\node_modules\router\index.js:297:9[39m
[31m    at processParams (C:\Users\Lenovo\Desktop\NewBranch\branch-backend\node_modules\router\index.js:582:12)[39m
[31m    at next (C:\Users\Lenovo\Desktop\NewBranch\branch-backend\node_modules\router\index.js:291:5)[39m
[31m    at Function.handle (C:\Users\Lenovo\Desktop\NewBranch\branch-backend\node_modules\router\index.js:186:3)[39m
[31m    at router (C:\Users\Lenovo\Desktop\NewBranch\branch-backend\node_modules\router\index.js:60:12)[39m
[31m    at Layer.handleRequest (C:\Users\Lenovo\Desktop\NewBranch\branch-backend\node_modules\router\lib\layer.js:152:17)[39m
[31m    at trimPrefix (C:\Users\Lenovo\Desktop\NewBranch\branch-backend\node_modules\router\index.js:342:13)[39m
[2026-09-16 15:05:42:542] [[32minfo[39m]: [32mServer is running in development mode on port 8000[39m
[2026-09-16 15:22:45:2245] [[31merror[39m]: [31mError: Invalid or expired authentication token.[39m
[31m    at auth (C:\Users\Lenovo\Desktop\NewBranch\branch-backend\src\middleware\auth.middleware.ts:44:13)[39m
[31m    at Layer.handleRequest (C:\Users\Lenovo\Desktop\NewBranch\branch-backend\node_modules\router\lib\layer.js:152:17)[39m
[31m    at trimPrefix (C:\Users\Lenovo\Desktop\NewBranch\branch-backend\node_modules\router\index.js:342:13)[39m
[31m    at C:\Users\Lenovo\Desktop\NewBranch\branch-backend\node_modules\router\index.js:297:9[39m
[31m    at processParams (C:\Users\Lenovo\Desktop\NewBranch\branch-backend\node_modules\router\index.js:582:12)[39m
[31m    at next (C:\Users\Lenovo\Desktop\NewBranch\branch-backend\node_modules\router\index.js:291:5)[39m
[31m    at Function.handle (C:\Users\Lenovo\Desktop\NewBranch\branch-backend\node_modules\router\index.js:186:3)[39m
[31m    at router (C:\Users\Lenovo\Desktop\NewBranch\branch-backend\node_modules\router\index.js:60:12)[39m
[31m    at Layer.handleRequest (C:\Users\Lenovo\Desktop\NewBranch\branch-backend\node_modules\router\lib\layer.js:152:17)[39m
[31m    at trimPrefix (C:\Users\Lenovo\Desktop\NewBranch\branch-backend\node_modules\router\index.js:342:13)[39m
[2026-09-16 15:22:45:2245] [[31merror[39m]: [31mError: Invalid or expired authentication token.[39m
[31m    at auth (C:\Users\Lenovo\Desktop\NewBranch\branch-backend\src\middleware\auth.middleware.ts:44:13)[39m
[31m    at Layer.handleRequest (C:\Users\Lenovo\Desktop\NewBranch\branch-backend\node_modules\router\lib\layer.js:152:17)[39m
[31m    at trimPrefix (C:\Users\Lenovo\Desktop\NewBranch\branch-backend\node_modules\router\index.js:342:13)[39m
[31m    at C:\Users\Lenovo\Desktop\NewBranch\branch-backend\node_modules\router\index.js:297:9[39m
[31m    at processParams (C:\Users\Lenovo\Desktop\NewBranch\branch-backend\node_modules\router\index.js:582:12)[39m
[31m    at next (C:\Users\Lenovo\Desktop\NewBranch\branch-backend\node_modules\router\index.js:291:5)[39m
[31m    at Function.handle (C:\Users\Lenovo\Desktop\NewBranch\branch-backend\node_modules\router\index.js:186:3)[39m
[31m    at router (C:\Users\Lenovo\Desktop\NewBranch\branch-backend\node_modules\router\index.js:60:12)[39m
[31m    at Layer.handleRequest (C:\Users\Lenovo\Desktop\NewBranch\branch-backend\node_modules\router\lib\layer.js:152:17)[39m
[31m    at trimPrefix (C:\Users\Lenovo\Desktop\NewBranch\branch-backend\node_modules\router\index.js:342:13)[39m
[2026-09-16 15:22:45:2245] [[31merror[39m]: [31mError: Invalid or expired authentication token.[39m
[31m    at auth (C:\Users\Lenovo\Desktop\NewBranch\branch-backend\src\middleware\auth.middleware.ts:44:13)[39m
[31m    at Layer.handleRequest (C:\Users\Lenovo\Desktop\NewBranch\branch-backend\node_modules\router\lib\layer.js:152:17)[39m
[31m    at trimPrefix (C:\Users\Lenovo\Desktop\NewBranch\branch-backend\node_modules\router\index.js:342:13)[39m
[31m    at C:\Users\Lenovo\Desktop\NewBranch\branch-backend\node_modules\router\index.js:297:9[39m
[31m    at processParams (C:\Users\Lenovo\Desktop\NewBranch\branch-backend\node_modules\router\index.js:582:12)[39m
[31m    at next (C:\Users\Lenovo\Desktop\NewBranch\branch-backend\node_modules\router\index.js:291:5)[39m
[31m    at Function.handle (C:\Users\Lenovo\Desktop\NewBranch\branch-backend\node_modules\router\index.js:186:3)[39m
[31m    at router (C:\Users\Lenovo\Desktop\NewBranch\branch-backend\node_modules\router\index.js:60:12)[39m
[31m    at Layer.handleRequest (C:\Users\Lenovo\Desktop\NewBranch\branch-backend\node_modules\router\lib\layer.js:152:17)[39m
[31m    at trimPrefix (C:\Users\Lenovo\Desktop\NewBranch\branch-backend\node_modules\router\index.js:342:13)[39m
[2026-09-16 15:22:45:2245] [[31merror[39m]: [31mError: Invalid or expired authentication token.[39m
[31m    at auth (C:\Users\Lenovo\Desktop\NewBranch\branch-backend\src\middleware\auth.middleware.ts:44:13)[39m
[31m    at Layer.handleRequest (C:\Users\Lenovo\Desktop\NewBranch\branch-backend\node_modules\router\lib\layer.js:152:17)[39m
[31m    at trimPrefix (C:\Users\Lenovo\Desktop\NewBranch\branch-backend\node_modules\router\index.js:342:13)[39m
[31m    at C:\Users\Lenovo\Desktop\NewBranch\branch-backend\node_modules\router\index.js:297:9[39m
[31m    at processParams (C:\Users\Lenovo\Desktop\NewBranch\branch-backend\node_modules\router\index.js:582:12)[39m
[31m    at next (C:\Users\Lenovo\Desktop\NewBranch\branch-backend\node_modules\router\index.js:291:5)[39m
[31m    at Function.handle (C:\Users\Lenovo\Desktop\NewBranch\branch-backend\node_modules\router\index.js:186:3)[39m
[31m    at router (C:\Users\Lenovo\Desktop\NewBranch\branch-backend\node_modules\router\index.js:60:12)[39m
[31m    at Layer.handleRequest (C:\Users\Lenovo\Desktop\NewBranch\branch-backend\node_modules\router\lib\layer.js:152:17)[39m
[31m    at trimPrefix (C:\Users\Lenovo\Desktop\NewBranch\branch-backend\node_modules\router\index.js:342:13)[39m
[2026-09-16 15:22:45:2245] [[31merror[39m]: [31mError: Invalid or expired authentication token.[39m
[31m    at auth (C:\Users\Lenovo\Desktop\NewBranch\branch-backend\src\middleware\auth.middleware.ts:44:13)[39m
[31m    at Layer.handleRequest (C:\Users\Lenovo\Desktop\NewBranch\branch-backend\node_modules\router\lib\layer.js:152:17)[39m
[31m    at trimPrefix (C:\Users\Lenovo\Desktop\NewBranch\branch-backend\node_modules\router\index.js:342:13)[39m
[31m    at C:\Users\Lenovo\Desktop\NewBranch\branch-backend\node_modules\router\index.js:297:9[39m
[31m    at processParams (C:\Users\Lenovo\Desktop\NewBranch\branch-backend\node_modules\router\index.js:582:12)[39m
[31m    at next (C:\Users\Lenovo\Desktop\NewBranch\branch-backend\node_modules\router\index.js:291:5)[39m
[31m    at Function.handle (C:\Users\Lenovo\Desktop\NewBranch\branch-backend\node_modules\router\index.js:186:3)[39m
[31m    at router (C:\Users\Lenovo\Desktop\NewBranch\branch-backend\node_modules\router\index.js:60:12)[39m
[31m    at Layer.handleRequest (C:\Users\Lenovo\Desktop\NewBranch\branch-backend\node_modules\router\lib\layer.js:152:17)[39m
[31m    at trimPrefix (C:\Users\Lenovo\Desktop\NewBranch\branch-backend\node_modules\router\index.js:342:13)[39m
[2026-09-16 15:22:45:2245] [[31merror[39m]: [31mError: Invalid or expired authentication token.[39m
[31m    at auth (C:\Users\Lenovo\Desktop\NewBranch\branch-backend\src\middleware\auth.middleware.ts:44:13)[39m
[31m    at Layer.handleRequest (C:\Users\Lenovo\Desktop\NewBranch\branch-backend\node_modules\router\lib\layer.js:152:17)[39m
[31m    at trimPrefix (C:\Users\Lenovo\Desktop\NewBranch\branch-backend\node_modules\router\index.js:342:13)[39m
[31m    at C:\Users\Lenovo\Desktop\NewBranch\branch-backend\node_modules\router\index.js:297:9[39m
[31m    at processParams (C:\Users\Lenovo\Desktop\NewBranch\branch-backend\node_modules\router\index.js:582:12)[39m
[31m    at next (C:\Users\Lenovo\Desktop\NewBranch\branch-backend\node_modules\router\index.js:291:5)[39m
[31m    at Function.handle (C:\Users\Lenovo\Desktop\NewBranch\branch-backend\node_modules\router\index.js:186:3)[39m
[31m    at router (C:\Users\Lenovo\Desktop\NewBranch\branch-backend\node_modules\router\index.js:60:12)[39m
[31m    at Layer.handleRequest (C:\Users\Lenovo\Desktop\NewBranch\branch-backend\node_modules\router\lib\layer.js:152:17)[39m
[31m    at trimPrefix (C:\Users\Lenovo\Desktop\NewBranch\branch-backend\node_modules\router\index.js:342:13)[39m
[2026-09-16 15:28:05:285] [[32minfo[39m]: [32mServer is running in development mode on port 8000[39m
[2026-09-16 15:28:18:2818] [[32minfo[39m]: [32mServer is running in development mode on port 8000[39m
[2026-09-16 15:28:25:2825] [[32minfo[39m]: [32mServer is running in development mode on port 8000[39m
[2026-09-16 15:28:35:2835] [[32minfo[39m]: [32mServer is running in development mode on port 8000[39m
[2026-09-16 15:43:25:4325] [[31merror[39m]: [31mError: Invalid or expired authentication token.[39m
[31m    at auth (C:\Users\Lenovo\Desktop\NewBranch\branch-backend\src\middleware\auth.middleware.ts:44:13)[39m
[31m    at Layer.handleRequest (C:\Users\Lenovo\Desktop\NewBranch\branch-backend\node_modules\router\lib\layer.js:152:17)[39m
[31m    at trimPrefix (C:\Users\Lenovo\Desktop\NewBranch\branch-backend\node_modules\router\index.js:342:13)[39m
[31m    at C:\Users\Lenovo\Desktop\NewBranch\branch-backend\node_modules\router\index.js:297:9[39m
[31m    at processParams (C:\Users\Lenovo\Desktop\NewBranch\branch-backend\node_modules\router\index.js:582:12)[39m
[31m    at next (C:\Users\Lenovo\Desktop\NewBranch\branch-backend\node_modules\router\index.js:291:5)[39m
[31m    at Function.handle (C:\Users\Lenovo\Desktop\NewBranch\branch-backend\node_modules\router\index.js:186:3)[39m
[31m    at router (C:\Users\Lenovo\Desktop\NewBranch\branch-backend\node_modules\router\index.js:60:12)[39m
[31m    at Layer.handleRequest (C:\Users\Lenovo\Desktop\NewBranch\branch-backend\node_modules\router\lib\layer.js:152:17)[39m
[31m    at trimPrefix (C:\Users\Lenovo\Desktop\NewBranch\branch-backend\node_modules\router\index.js:342:13)[39m
[2026-09-16 15:43:25:4325] [[31merror[39m]: [31mError: Invalid or expired authentication token.[39m
[31m    at auth (C:\Users\Lenovo\Desktop\NewBranch\branch-backend\src\middleware\auth.middleware.ts:44:13)[39m
[31m    at Layer.handleRequest (C:\Users\Lenovo\Desktop\NewBranch\branch-backend\node_modules\router\lib\layer.js:152:17)[39m
[31m    at trimPrefix (C:\Users\Lenovo\Desktop\NewBranch\branch-backend\node_modules\router\index.js:342:13)[39m
[31m    at C:\Users\Lenovo\Desktop\NewBranch\branch-backend\node_modules\router\index.js:297:9[39m
[31m    at processParams (C:\Users\Lenovo\Desktop\NewBranch\branch-backend\node_modules\router\index.js:582:12)[39m
[31m    at next (C:\Users\Lenovo\Desktop\NewBranch\branch-backend\node_modules\router\index.js:291:5)[39m
[31m    at Function.handle (C:\Users\Lenovo\Desktop\NewBranch\branch-backend\node_modules\router\index.js:186:3)[39m
[31m    at router (C:\Users\Lenovo\Desktop\NewBranch\branch-backend\node_modules\router\index.js:60:12)[39m
[31m    at Layer.handleRequest (C:\Users\Lenovo\Desktop\NewBranch\branch-backend\node_modules\router\lib\layer.js:152:17)[39m
[31m    at trimPrefix (C:\Users\Lenovo\Desktop\NewBranch\branch-backend\node_modules\router\index.js:342:13)[39m
[2026-09-16 15:43:25:4325] [[31merror[39m]: [31mError: Invalid or expired authentication token.[39m
[31m    at auth (C:\Users\Lenovo\Desktop\NewBranch\branch-backend\src\middleware\auth.middleware.ts:44:13)[39m
[31m    at Layer.handleRequest (C:\Users\Lenovo\Desktop\NewBranch\branch-backend\node_modules\router\lib\layer.js:152:17)[39m
[31m    at trimPrefix (C:\Users\Lenovo\Desktop\NewBranch\branch-backend\node_modules\router\index.js:342:13)[39m
[31m    at C:\Users\Lenovo\Desktop\NewBranch\branch-backend\node_modules\router\index.js:297:9[39m
[31m    at processParams (C:\Users\Lenovo\Desktop\NewBranch\branch-backend\node_modules\router\index.js:582:12)[39m
[31m    at next (C:\Users\Lenovo\Desktop\NewBranch\branch-backend\node_modules\router\index.js:291:5)[39m
[31m    at Function.handle (C:\Users\Lenovo\Desktop\NewBranch\branch-backend\node_modules\router\index.js:186:3)[39m
[31m    at router (C:\Users\Lenovo\Desktop\NewBranch\branch-backend\node_modules\router\index.js:60:12)[39m
[31m    at Layer.handleRequest (C:\Users\Lenovo\Desktop\NewBranch\branch-backend\node_modules\router\lib\layer.js:152:17)[39m
[31m    at trimPrefix (C:\Users\Lenovo\Desktop\NewBranch\branch-backend\node_modules\router\index.js:342:13)[39m
[2026-09-16 15:43:25:4325] [[31merror[39m]: [31mError: Invalid or expired authentication token.[39m
[31m    at auth (C:\Users\Lenovo\Desktop\NewBranch\branch-backend\src\middleware\auth.middleware.ts:44:13)[39m
[31m    at Layer.handleRequest (C:\Users\Lenovo\Desktop\NewBranch\branch-backend\node_modules\router\lib\layer.js:152:17)[39m
[31m    at trimPrefix (C:\Users\Lenovo\Desktop\NewBranch\branch-backend\node_modules\router\index.js:342:13)[39m
[31m    at C:\Users\Lenovo\Desktop\NewBranch\branch-backend\node_modules\router\index.js:297:9[39m
[31m    at processParams (C:\Users\Lenovo\Desktop\NewBranch\branch-backend\node_modules\router\index.js:582:12)[39m
[31m    at next (C:\Users\Lenovo\Desktop\NewBranch\branch-backend\node_modules\router\index.js:291:5)[39m
[31m    at Function.handle (C:\Users\Lenovo\Desktop\NewBranch\branch-backend\node_modules\router\index.js:186:3)[39m
[31m    at router (C:\Users\Lenovo\Desktop\NewBranch\branch-backend\node_modules\router\index.js:60:12)[39m
[31m    at Layer.handleRequest (C:\Users\Lenovo\Desktop\NewBranch\branch-backend\node_modules\router\lib\layer.js:152:17)[39m
[31m    at trimPrefix (C:\Users\Lenovo\Desktop\NewBranch\branch-backend\node_modules\router\index.js:342:13)[39m
[2026-09-16 15:43:25:4325] [[31merror[39m]: [31mError: Invalid or expired authentication token.[39m
[31m    at auth (C:\Users\Lenovo\Desktop\NewBranch\branch-backend\src\middleware\auth.middleware.ts:44:13)[39m
[31m    at Layer.handleRequest (C:\Users\Lenovo\Desktop\NewBranch\branch-backend\node_modules\router\lib\layer.js:152:17)[39m
[31m    at trimPrefix (C:\Users\Lenovo\Desktop\NewBranch\branch-backend\node_modules\router\index.js:342:13)[39m
[31m    at C:\Users\Lenovo\Desktop\NewBranch\branch-backend\node_modules\router\index.js:297:9[39m
[31m    at processParams (C:\Users\Lenovo\Desktop\NewBranch\branch-backend\node_modules\router\index.js:582:12)[39m
[31m    at next (C:\Users\Lenovo\Desktop\NewBranch\branch-backend\node_modules\router\index.js:291:5)[39m
[31m    at Function.handle (C:\Users\Lenovo\Desktop\NewBranch\branch-backend\node_modules\router\index.js:186:3)[39m
[31m    at router (C:\Users\Lenovo\Desktop\NewBranch\branch-backend\node_modules\router\index.js:60:12)[39m
[31m    at Layer.handleRequest (C:\Users\Lenovo\Desktop\NewBranch\branch-backend\node_modules\router\lib\layer.js:152:17)[39m
[31m    at trimPrefix (C:\Users\Lenovo\Desktop\NewBranch\branch-backend\node_modules\router\index.js:342:13)[39m
[2026-09-16 15:43:25:4325] [[31merror[39m]: [31mError: Invalid or expired authentication token.[39m
[31m    at auth (C:\Users\Lenovo\Desktop\NewBranch\branch-backend\src\middleware\auth.middleware.ts:44:13)[39m
[31m    at Layer.handleRequest (C:\Users\Lenovo\Desktop\NewBranch\branch-backend\node_modules\router\lib\layer.js:152:17)[39m
[31m    at trimPrefix (C:\Users\Lenovo\Desktop\NewBranch\branch-backend\node_modules\router\index.js:342:13)[39m
[31m    at C:\Users\Lenovo\Desktop\NewBranch\branch-backend\node_modules\router\index.js:297:9[39m
[31m    at processParams (C:\Users\Lenovo\Desktop\NewBranch\branch-backend\node_modules\router\index.js:582:12)[39m
[31m    at next (C:\Users\Lenovo\Desktop\NewBranch\branch-backend\node_modules\router\index.js:291:5)[39m
[31m    at Function.handle (C:\Users\Lenovo\Desktop\NewBranch\branch-backend\node_modules\router\index.js:186:3)[39m
[31m    at router (C:\Users\Lenovo\Desktop\NewBranch\branch-backend\node_modules\router\index.js:60:12)[39m
[31m    at Layer.handleRequest (C:\Users\Lenovo\Desktop\NewBranch\branch-backend\node_modules\router\lib\layer.js:152:17)[39m
[31m    at trimPrefix (C:\Users\Lenovo\Desktop\NewBranch\branch-backend\node_modules\router\index.js:342:13)[39m
[2026-09-16 15:43:25:4325] [[31merror[39m]: [31mError: Invalid or expired authentication token.[39m
[31m    at auth (C:\Users\Lenovo\Desktop\NewBranch\branch-backend\src\middleware\auth.middleware.ts:44:13)[39m
[31m    at Layer.handleRequest (C:\Users\Lenovo\Desktop\NewBranch\branch-backend\node_modules\router\lib\layer.js:152:17)[39m
[31m    at trimPrefix (C:\Users\Lenovo\Desktop\NewBranch\branch-backend\node_modules\router\index.js:342:13)[39m
[31m    at C:\Users\Lenovo\Desktop\NewBranch\branch-backend\node_modules\router\index.js:297:9[39m
[31m    at processParams (C:\Users\Lenovo\Desktop\NewBranch\branch-backend\node_modules\router\index.js:582:12)[39m
[31m    at next (C:\Users\Lenovo\Desktop\NewBranch\branch-backend\node_modules\router\index.js:291:5)[39m
[31m    at Function.handle (C:\Users\Lenovo\Desktop\NewBranch\branch-backend\node_modules\router\index.js:186:3)[39m
[31m    at router (C:\Users\Lenovo\Desktop\NewBranch\branch-backend\node_modules\router\index.js:60:12)[39m
[31m    at Layer.handleRequest (C:\Users\Lenovo\Desktop\NewBranch\branch-backend\node_modules\router\lib\layer.js:152:17)[39m
[31m    at trimPrefix (C:\Users\Lenovo\Desktop\NewBranch\branch-backend\node_modules\router\index.js:342:13)[39m
[2026-09-16 16:07:10:710] [[32minfo[39m]: [32mServer is running in development mode on port 8000[39m
[2026-09-16 16:07:42:742] [[32minfo[39m]: [32mServer is running in development mode on port 8000[39m
[2026-09-16 16:23:35:2335] [[32minfo[39m]: [32mServer is running in development mode on port 8000[39m
[2026-09-16 16:23:41:2341] [[32minfo[39m]: [32mServer is running in development mode on port 8000[39m
[2026-09-16 16:23:48:2348] [[32minfo[39m]: [32mServer is running in development mode on port 8000[39m
[2026-09-16 16:24:31:2431] [[32minfo[39m]: [32mServer is running in development mode on port 8000[39m
[2026-09-16 16:38:30:3830] [[32minfo[39m]: [32mServer is running in development mode on port 8000[39m
[2026-09-16 16:38:42:3842] [[31merror[39m]: [31mError: Invalid or expired authentication token.[39m
[31m    at auth (C:\Users\Lenovo\Desktop\NewBranch\branch-backend\src\middleware\auth.middleware.ts:44:13)[39m
[31m    at Layer.handleRequest (C:\Users\Lenovo\Desktop\NewBranch\branch-backend\node_modules\router\lib\layer.js:152:17)[39m
[31m    at trimPrefix (C:\Users\Lenovo\Desktop\NewBranch\branch-backend\node_modules\router\index.js:342:13)[39m
[31m    at C:\Users\Lenovo\Desktop\NewBranch\branch-backend\node_modules\router\index.js:297:9[39m
[31m    at processParams (C:\Users\Lenovo\Desktop\NewBranch\branch-backend\node_modules\router\index.js:582:12)[39m
[31m    at next (C:\Users\Lenovo\Desktop\NewBranch\branch-backend\node_modules\router\index.js:291:5)[39m
[31m    at Function.handle (C:\Users\Lenovo\Desktop\NewBranch\branch-backend\node_modules\router\index.js:186:3)[39m
[31m    at router (C:\Users\Lenovo\Desktop\NewBranch\branch-backend\node_modules\router\index.js:60:12)[39m
[31m    at Layer.handleRequest (C:\Users\Lenovo\Desktop\NewBranch\branch-backend\node_modules\router\lib\layer.js:152:17)[39m
[31m    at trimPrefix (C:\Users\Lenovo\Desktop\NewBranch\branch-backend\node_modules\router\index.js:342:13)[39m
[2026-09-16 16:38:42:3842] [[31merror[39m]: [31mError: Invalid or expired authentication token.[39m
[31m    at auth (C:\Users\Lenovo\Desktop\NewBranch\branch-backend\src\middleware\auth.middleware.ts:44:13)[39m
[31m    at Layer.handleRequest (C:\Users\Lenovo\Desktop\NewBranch\branch-backend\node_modules\router\lib\layer.js:152:17)[39m
[31m    at trimPrefix (C:\Users\Lenovo\Desktop\NewBranch\branch-backend\node_modules\router\index.js:342:13)[39m
[31m    at C:\Users\Lenovo\Desktop\NewBranch\branch-backend\node_modules\router\index.js:297:9[39m
[31m    at processParams (C:\Users\Lenovo\Desktop\NewBranch\branch-backend\node_modules\router\index.js:582:12)[39m
[31m    at next (C:\Users\Lenovo\Desktop\NewBranch\branch-backend\node_modules\router\index.js:291:5)[39m
[31m    at Function.handle (C:\Users\Lenovo\Desktop\NewBranch\branch-backend\node_modules\router\index.js:186:3)[39m
[31m    at router (C:\Users\Lenovo\Desktop\NewBranch\branch-backend\node_modules\router\index.js:60:12)[39m
[31m    at Layer.handleRequest (C:\Users\Lenovo\Desktop\NewBranch\branch-backend\node_modules\router\lib\layer.js:152:17)[39m
[31m    at trimPrefix (C:\Users\Lenovo\Desktop\NewBranch\branch-backend\node_modules\router\index.js:342:13)[39m
[2026-09-16 16:38:42:3842] [[31merror[39m]: [31mError: Invalid or expired authentication token.[39m
[31m    at auth (C:\Users\Lenovo\Desktop\NewBranch\branch-backend\src\middleware\auth.middleware.ts:44:13)[39m
[31m    at Layer.handleRequest (C:\Users\Lenovo\Desktop\NewBranch\branch-backend\node_modules\router\lib\layer.js:152:17)[39m
[31m    at trimPrefix (C:\Users\Lenovo\Desktop\NewBranch\branch-backend\node_modules\router\index.js:342:13)[39m
[31m    at C:\Users\Lenovo\Desktop\NewBranch\branch-backend\node_modules\router\index.js:297:9[39m
[31m    at processParams (C:\Users\Lenovo\Desktop\NewBranch\branch-backend\node_modules\router\index.js:582:12)[39m
[31m    at next (C:\Users\Lenovo\Desktop\NewBranch\branch-backend\node_modules\router\index.js:291:5)[39m
[31m    at Function.handle (C:\Users\Lenovo\Desktop\NewBranch\branch-backend\node_modules\router\index.js:186:3)[39m
[31m    at router (C:\Users\Lenovo\Desktop\NewBranch\branch-backend\node_modules\router\index.js:60:12)[39m
[31m    at Layer.handleRequest (C:\Users\Lenovo\Desktop\NewBranch\branch-backend\node_modules\router\lib\layer.js:152:17)[39m
[31m    at trimPrefix (C:\Users\Lenovo\Desktop\NewBranch\branch-backend\node_modules\router\index.js:342:13)[39m
[2026-09-16 16:38:42:3842] [[31merror[39m]: [31mError: Invalid or expired authentication token.[39m
[31m    at auth (C:\Users\Lenovo\Desktop\NewBranch\branch-backend\src\middleware\auth.middleware.ts:44:13)[39m
[31m    at Layer.handleRequest (C:\Users\Lenovo\Desktop\NewBranch\branch-backend\node_modules\router\lib\layer.js:152:17)[39m
[31m    at trimPrefix (C:\Users\Lenovo\Desktop\NewBranch\branch-backend\node_modules\router\index.js:342:13)[39m
[31m    at C:\Users\Lenovo\Desktop\NewBranch\branch-backend\node_modules\router\index.js:297:9[39m
[31m    at processParams (C:\Users\Lenovo\Desktop\NewBranch\branch-backend\node_modules\router\index.js:582:12)[39m
[31m    at next (C:\Users\Lenovo\Desktop\NewBranch\branch-backend\node_modules\router\index.js:291:5)[39m
[31m    at Function.handle (C:\Users\Lenovo\Desktop\NewBranch\branch-backend\node_modules\router\index.js:186:3)[39m
[31m    at router (C:\Users\Lenovo\Desktop\NewBranch\branch-backend\node_modules\router\index.js:60:12)[39m
[31m    at Layer.handleRequest (C:\Users\Lenovo\Desktop\NewBranch\branch-backend\node_modules\router\lib\layer.js:152:17)[39m
[31m    at trimPrefix (C:\Users\Lenovo\Desktop\NewBranch\branch-backend\node_modules\router\index.js:342:13)[39m
[2026-09-16 16:38:42:3842] [[31merror[39m]: [31mError: Invalid or expired authentication token.[39m
[31m    at auth (C:\Users\Lenovo\Desktop\NewBranch\branch-backend\src\middleware\auth.middleware.ts:44:13)[39m
[31m    at Layer.handleRequest (C:\Users\Lenovo\Desktop\NewBranch\branch-backend\node_modules\router\lib\layer.js:152:17)[39m
[31m    at trimPrefix (C:\Users\Lenovo\Desktop\NewBranch\branch-backend\node_modules\router\index.js:342:13)[39m
[31m    at C:\Users\Lenovo\Desktop\NewBranch\branch-backend\node_modules\router\index.js:297:9[39m
[31m    at processParams (C:\Users\Lenovo\Desktop\NewBranch\branch-backend\node_modules\router\index.js:582:12)[39m
[31m    at next (C:\Users\Lenovo\Desktop\NewBranch\branch-backend\node_modules\router\index.js:291:5)[39m
[31m    at Function.handle (C:\Users\Lenovo\Desktop\NewBranch\branch-backend\node_modules\router\index.js:186:3)[39m
[31m    at router (C:\Users\Lenovo\Desktop\NewBranch\branch-backend\node_modules\router\index.js:60:12)[39m
[31m    at Layer.handleRequest (C:\Users\Lenovo\Desktop\NewBranch\branch-backend\node_modules\router\lib\layer.js:152:17)[39m
[31m    at trimPrefix (C:\Users\Lenovo\Desktop\NewBranch\branch-backend\node_modules\router\index.js:342:13)[39m
[2026-09-16 16:38:42:3842] [[31merror[39m]: [31mError: Invalid or expired authentication token.[39m
[31m    at auth (C:\Users\Lenovo\Desktop\NewBranch\branch-backend\src\middleware\auth.middleware.ts:44:13)[39m
[31m    at Layer.handleRequest (C:\Users\Lenovo\Desktop\NewBranch\branch-backend\node_modules\router\lib\layer.js:152:17)[39m
[31m    at trimPrefix (C:\Users\Lenovo\Desktop\NewBranch\branch-backend\node_modules\router\index.js:342:13)[39m
[31m    at C:\Users\Lenovo\Desktop\NewBranch\branch-backend\node_modules\router\index.js:297:9[39m
[31m    at processParams (C:\Users\Lenovo\Desktop\NewBranch\branch-backend\node_modules\router\index.js:582:12)[39m
[31m    at next (C:\Users\Lenovo\Desktop\NewBranch\branch-backend\node_modules\router\index.js:291:5)[39m
[31m    at Function.handle (C:\Users\Lenovo\Desktop\NewBranch\branch-backend\node_modules\router\index.js:186:3)[39m
[31m    at router (C:\Users\Lenovo\Desktop\NewBranch\branch-backend\node_modules\router\index.js:60:12)[39m
[31m    at Layer.handleRequest (C:\Users\Lenovo\Desktop\NewBranch\branch-backend\node_modules\router\lib\layer.js:152:17)[39m
[31m    at trimPrefix (C:\Users\Lenovo\Desktop\NewBranch\branch-backend\node_modules\router\index.js:342:13)[39m
[2026-09-16 16:38:42:3842] [[31merror[39m]: [31mError: Invalid or expired authentication token.[39m
[31m    at auth (C:\Users\Lenovo\Desktop\NewBranch\branch-backend\src\middleware\auth.middleware.ts:44:13)[39m
[31m    at Layer.handleRequest (C:\Users\Lenovo\Desktop\NewBranch\branch-backend\node_modules\router\lib\layer.js:152:17)[39m
[31m    at trimPrefix (C:\Users\Lenovo\Desktop\NewBranch\branch-backend\node_modules\router\index.js:342:13)[39m
[31m    at C:\Users\Lenovo\Desktop\NewBranch\branch-backend\node_modules\router\index.js:297:9[39m
[31m    at processParams (C:\Users\Lenovo\Desktop\NewBranch\branch-backend\node_modules\router\index.js:582:12)[39m
[31m    at next (C:\Users\Lenovo\Desktop\NewBranch\branch-backend\node_modules\router\index.js:291:5)[39m
[31m    at Function.handle (C:\Users\Lenovo\Desktop\NewBranch\branch-backend\node_modules\router\index.js:186:3)[39m
[31m    at router (C:\Users\Lenovo\Desktop\NewBranch\branch-backend\node_modules\router\index.js:60:12)[39m
[31m    at Layer.handleRequest (C:\Users\Lenovo\Desktop\NewBranch\branch-backend\node_modules\router\lib\layer.js:152:17)[39m
[31m    at trimPrefix (C:\Users\Lenovo\Desktop\NewBranch\branch-backend\node_modules\router\index.js:342:13)[39m
[2026-09-16 16:38:42:3842] [[31merror[39m]: [31mError: Invalid or expired authentication token.[39m
[31m    at auth (C:\Users\Lenovo\Desktop\NewBranch\branch-backend\src\middleware\auth.middleware.ts:44:13)[39m
[31m    at Layer.handleRequest (C:\Users\Lenovo\Desktop\NewBranch\branch-backend\node_modules\router\lib\layer.js:152:17)[39m
[31m    at trimPrefix (C:\Users\Lenovo\Desktop\NewBranch\branch-backend\node_modules\router\index.js:342:13)[39m
[31m    at C:\Users\Lenovo\Desktop\NewBranch\branch-backend\node_modules\router\index.js:297:9[39m
[31m    at processParams (C:\Users\Lenovo\Desktop\NewBranch\branch-backend\node_modules\router\index.js:582:12)[39m
[31m    at next (C:\Users\Lenovo\Desktop\NewBranch\branch-backend\node_modules\router\index.js:291:5)[39m
[31m    at Function.handle (C:\Users\Lenovo\Desktop\NewBranch\branch-backend\node_modules\router\index.js:186:3)[39m
[31m    at router (C:\Users\Lenovo\Desktop\NewBranch\branch-backend\node_modules\router\index.js:60:12)[39m
[31m    at Layer.handleRequest (C:\Users\Lenovo\Desktop\NewBranch\branch-backend\node_modules\router\lib\layer.js:152:17)[39m
[31m    at trimPrefix (C:\Users\Lenovo\Desktop\NewBranch\branch-backend\node_modules\router\index.js:342:13)[39m
[2026-09-16 16:38:42:3842] [[31merror[39m]: [31mError: Invalid or expired authentication token.[39m
[31m    at auth (C:\Users\Lenovo\Desktop\NewBranch\branch-backend\src\middleware\auth.middleware.ts:44:13)[39m
[31m    at Layer.handleRequest (C:\Users\Lenovo\Desktop\NewBranch\branch-backend\node_modules\router\lib\layer.js:152:17)[39m
[31m    at trimPrefix (C:\Users\Lenovo\Desktop\NewBranch\branch-backend\node_modules\router\index.js:342:13)[39m
[31m    at C:\Users\Lenovo\Desktop\NewBranch\branch-backend\node_modules\router\index.js:297:9[39m
[31m    at processParams (C:\Users\Lenovo\Desktop\NewBranch\branch-backend\node_modules\router\index.js:582:12)[39m
[31m    at next (C:\Users\Lenovo\Desktop\NewBranch\branch-backend\node_modules\router\index.js:291:5)[39m
[31m    at Function.handle (C:\Users\Lenovo\Desktop\NewBranch\branch-backend\node_modules\router\index.js:186:3)[39m
[31m    at router (C:\Users\Lenovo\Desktop\NewBranch\branch-backend\node_modules\router\index.js:60:12)[39m
[31m    at Layer.handleRequest (C:\Users\Lenovo\Desktop\NewBranch\branch-backend\node_modules\router\lib\layer.js:152:17)[39m
[31m    at trimPrefix (C:\Users\Lenovo\Desktop\NewBranch\branch-backend\node_modules\router\index.js:342:13)[39m
[2026-09-16 16:38:42:3842] [[31merror[39m]: [31mError: Invalid or expired authentication token.[39m
[31m    at auth (C:\Users\Lenovo\Desktop\NewBranch\branch-backend\src\middleware\auth.middleware.ts:44:13)[39m
[31m    at Layer.handleRequest (C:\Users\Lenovo\Desktop\NewBranch\branch-backend\node_modules\router\lib\layer.js:152:17)[39m
[31m    at trimPrefix (C:\Users\Lenovo\Desktop\NewBranch\branch-backend\node_modules\router\index.js:342:13)[39m
[31m    at C:\Users\Lenovo\Desktop\NewBranch\branch-backend\node_modules\router\index.js:297:9[39m
[31m    at processParams (C:\Users\Lenovo\Desktop\NewBranch\branch-backend\node_modules\router\index.js:582:12)[39m
[31m    at next (C:\Users\Lenovo\Desktop\NewBranch\branch-backend\node_modules\router\index.js:291:5)[39m
[31m    at Function.handle (C:\Users\Lenovo\Desktop\NewBranch\branch-backend\node_modules\router\index.js:186:3)[39m
[31m    at router (C:\Users\Lenovo\Desktop\NewBranch\branch-backend\node_modules\router\index.js:60:12)[39m
[31m    at Layer.handleRequest (C:\Users\Lenovo\Desktop\NewBranch\branch-backend\node_modules\router\lib\layer.js:152:17)[39m
[31m    at trimPrefix (C:\Users\Lenovo\Desktop\NewBranch\branch-backend\node_modules\router\index.js:342:13)[39m
[2026-09-16 16:38:43:3843] [[31merror[39m]: [31mError: Invalid or expired authentication token.[39m
[31m    at auth (C:\Users\Lenovo\Desktop\NewBranch\branch-backend\src\middleware\auth.middleware.ts:44:13)[39m
[31m    at Layer.handleRequest (C:\Users\Lenovo\Desktop\NewBranch\branch-backend\node_modules\router\lib\layer.js:152:17)[39m
[31m    at trimPrefix (C:\Users\Lenovo\Desktop\NewBranch\branch-backend\node_modules\router\index.js:342:13)[39m
[31m    at C:\Users\Lenovo\Desktop\NewBranch\branch-backend\node_modules\router\index.js:297:9[39m
[31m    at processParams (C:\Users\Lenovo\Desktop\NewBranch\branch-backend\node_modules\router\index.js:582:12)[39m
[31m    at next (C:\Users\Lenovo\Desktop\NewBranch\branch-backend\node_modules\router\index.js:291:5)[39m
[31m    at Function.handle (C:\Users\Lenovo\Desktop\NewBranch\branch-backend\node_modules\router\index.js:186:3)[39m
[31m    at router (C:\Users\Lenovo\Desktop\NewBranch\branch-backend\node_modules\router\index.js:60:12)[39m
[31m    at Layer.handleRequest (C:\Users\Lenovo\Desktop\NewBranch\branch-backend\node_modules\router\lib\layer.js:152:17)[39m
[31m    at trimPrefix (C:\Users\Lenovo\Desktop\NewBranch\branch-backend\node_modules\router\index.js:342:13)[39m
[2026-09-16 16:38:43:3843] [[31merror[39m]: [31mError: Invalid or expired authentication token.[39m
[31m    at auth (C:\Users\Lenovo\Desktop\NewBranch\branch-backend\src\middleware\auth.middleware.ts:44:13)[39m
[31m    at Layer.handleRequest (C:\Users\Lenovo\Desktop\NewBranch\branch-backend\node_modules\router\lib\layer.js:152:17)[39m
[31m    at trimPrefix (C:\Users\Lenovo\Desktop\NewBranch\branch-backend\node_modules\router\index.js:342:13)[39m
[31m    at C:\Users\Lenovo\Desktop\NewBranch\branch-backend\node_modules\router\index.js:297:9[39m
[31m    at processParams (C:\Users\Lenovo\Desktop\NewBranch\branch-backend\node_modules\router\index.js:582:12)[39m
[31m    at next (C:\Users\Lenovo\Desktop\NewBranch\branch-backend\node_modules\router\index.js:291:5)[39m
[31m    at Function.handle (C:\Users\Lenovo\Desktop\NewBranch\branch-backend\node_modules\router\index.js:186:3)[39m
[31m    at router (C:\Users\Lenovo\Desktop\NewBranch\branch-backend\node_modules\router\index.js:60:12)[39m
[31m    at Layer.handleRequest (C:\Users\Lenovo\Desktop\NewBranch\branch-backend\node_modules\router\lib\layer.js:152:17)[39m
[31m    at trimPrefix (C:\Users\Lenovo\Desktop\NewBranch\branch-backend\node_modules\router\index.js:342:13)[39m
[2026-09-16 16:38:43:3843] [[31merror[39m]: [31mError: Invalid or expired authentication token.[39m
[31m    at auth (C:\Users\Lenovo\Desktop\NewBranch\branch-backend\src\middleware\auth.middleware.ts:44:13)[39m
[31m    at Layer.handleRequest (C:\Users\Lenovo\Desktop\NewBranch\branch-backend\node_modules\router\lib\layer.js:152:17)[39m
[31m    at trimPrefix (C:\Users\Lenovo\Desktop\NewBranch\branch-backend\node_modules\router\index.js:342:13)[39m
[31m    at C:\Users\Lenovo\Desktop\NewBranch\branch-backend\node_modules\router\index.js:297:9[39m
[31m    at processParams (C:\Users\Lenovo\Desktop\NewBranch\branch-backend\node_modules\router\index.js:582:12)[39m
[31m    at next (C:\Users\Lenovo\Desktop\NewBranch\branch-backend\node_modules\router\index.js:291:5)[39m
[31m    at Function.handle (C:\Users\Lenovo\Desktop\NewBranch\branch-backend\node_modules\router\index.js:186:3)[39m
[31m    at router (C:\Users\Lenovo\Desktop\NewBranch\branch-backend\node_modules\router\index.js:60:12)[39m
[31m    at Layer.handleRequest (C:\Users\Lenovo\Desktop\NewBranch\branch-backend\node_modules\router\lib\layer.js:152:17)[39m
[31m    at trimPrefix (C:\Users\Lenovo\Desktop\NewBranch\branch-backend\node_modules\router\index.js:342:13)[39m
[2026-09-16 16:38:43:3843] [[31merror[39m]: [31mError: Invalid or expired authentication token.[39m
[31m    at auth (C:\Users\Lenovo\Desktop\NewBranch\branch-backend\src\middleware\auth.middleware.ts:44:13)[39m
[31m    at Layer.handleRequest (C:\Users\Lenovo\Desktop\NewBranch\branch-backend\node_modules\router\lib\layer.js:152:17)[39m
[31m    at trimPrefix (C:\Users\Lenovo\Desktop\NewBranch\branch-backend\node_modules\router\index.js:342:13)[39m
[31m    at C:\Users\Lenovo\Desktop\NewBranch\branch-backend\node_modules\router\index.js:297:9[39m
[31m    at processParams (C:\Users\Lenovo\Desktop\NewBranch\branch-backend\node_modules\router\index.js:582:12)[39m
[31m    at next (C:\Users\Lenovo\Desktop\NewBranch\branch-backend\node_modules\router\index.js:291:5)[39m
[31m    at Function.handle (C:\Users\Lenovo\Desktop\NewBranch\branch-backend\node_modules\router\index.js:186:3)[39m
[31m    at router (C:\Users\Lenovo\Desktop\NewBranch\branch-backend\node_modules\router\index.js:60:12)[39m
[31m    at Layer.handleRequest (C:\Users\Lenovo\Desktop\NewBranch\branch-backend\node_modules\router\lib\layer.js:152:17)[39m
[31m    at trimPrefix (C:\Users\Lenovo\Desktop\NewBranch\branch-backend\node_modules\router\index.js:342:13)[39m
[2026-09-16 16:54:13:5413] [[31merror[39m]: [31mError: Invalid or expired authentication token.[39m
[31m    at auth (C:\Users\Lenovo\Desktop\NewBranch\branch-backend\src\middleware\auth.middleware.ts:44:13)[39m
[31m    at Layer.handleRequest (C:\Users\Lenovo\Desktop\NewBranch\branch-backend\node_modules\router\lib\layer.js:152:17)[39m
[31m    at trimPrefix (C:\Users\Lenovo\Desktop\NewBranch\branch-backend\node_modules\router\index.js:342:13)[39m
[31m    at C:\Users\Lenovo\Desktop\NewBranch\branch-backend\node_modules\router\index.js:297:9[39m
[31m    at processParams (C:\Users\Lenovo\Desktop\NewBranch\branch-backend\node_modules\router\index.js:582:12)[39m
[31m    at next (C:\Users\Lenovo\Desktop\NewBranch\branch-backend\node_modules\router\index.js:291:5)[39m
[31m    at Function.handle (C:\Users\Lenovo\Desktop\NewBranch\branch-backend\node_modules\router\index.js:186:3)[39m
[31m    at router (C:\Users\Lenovo\Desktop\NewBranch\branch-backend\node_modules\router\index.js:60:12)[39m
[31m    at Layer.handleRequest (C:\Users\Lenovo\Desktop\NewBranch\branch-backend\node_modules\router\lib\layer.js:152:17)[39m
[31m    at trimPrefix (C:\Users\Lenovo\Desktop\NewBranch\branch-backend\node_modules\router\index.js:342:13)[39m
[2026-09-16 16:54:13:5413] [[31merror[39m]: [31mError: Invalid or expired authentication token.[39m
[31m    at auth (C:\Users\Lenovo\Desktop\NewBranch\branch-backend\src\middleware\auth.middleware.ts:44:13)[39m
[31m    at Layer.handleRequest (C:\Users\Lenovo\Desktop\NewBranch\branch-backend\node_modules\router\lib\layer.js:152:17)[39m
[31m    at trimPrefix (C:\Users\Lenovo\Desktop\NewBranch\branch-backend\node_modules\router\index.js:342:13)[39m
[31m    at C:\Users\Lenovo\Desktop\NewBranch\branch-backend\node_modules\router\index.js:297:9[39m
[31m    at processParams (C:\Users\Lenovo\Desktop\NewBranch\branch-backend\node_modules\router\index.js:582:12)[39m
[31m    at next (C:\Users\Lenovo\Desktop\NewBranch\branch-backend\node_modules\router\index.js:291:5)[39m
[31m    at Function.handle (C:\Users\Lenovo\Desktop\NewBranch\branch-backend\node_modules\router\index.js:186:3)[39m
[31m    at router (C:\Users\Lenovo\Desktop\NewBranch\branch-backend\node_modules\router\index.js:60:12)[39m
[31m    at Layer.handleRequest (C:\Users\Lenovo\Desktop\NewBranch\branch-backend\node_modules\router\lib\layer.js:152:17)[39m
[31m    at trimPrefix (C:\Users\Lenovo\Desktop\NewBranch\branch-backend\node_modules\router\index.js:342:13)[39m
[2026-09-16 16:54:13:5413] [[31merror[39m]: [31mError: Invalid or expired authentication token.[39m
[31m    at auth (C:\Users\Lenovo\Desktop\NewBranch\branch-backend\src\middleware\auth.middleware.ts:44:13)[39m
[31m    at Layer.handleRequest (C:\Users\Lenovo\Desktop\NewBranch\branch-backend\node_modules\router\lib\layer.js:152:17)[39m
[31m    at trimPrefix (C:\Users\Lenovo\Desktop\NewBranch\branch-backend\node_modules\router\index.js:342:13)[39m
[31m    at C:\Users\Lenovo\Desktop\NewBranch\branch-backend\node_modules\router\index.js:297:9[39m
[31m    at processParams (C:\Users\Lenovo\Desktop\NewBranch\branch-backend\node_modules\router\index.js:582:12)[39m
[31m    at next (C:\Users\Lenovo\Desktop\NewBranch\branch-backend\node_modules\router\index.js:291:5)[39m
[31m    at Function.handle (C:\Users\Lenovo\Desktop\NewBranch\branch-backend\node_modules\router\index.js:186:3)[39m
[31m    at router (C:\Users\Lenovo\Desktop\NewBranch\branch-backend\node_modules\router\index.js:60:12)[39m
[31m    at Layer.handleRequest (C:\Users\Lenovo\Desktop\NewBranch\branch-backend\node_modules\router\lib\layer.js:152:17)[39m
[31m    at trimPrefix (C:\Users\Lenovo\Desktop\NewBranch\branch-backend\node_modules\router\index.js:342:13)[39m
[2026-09-16 16:54:13:5413] [[31merror[39m]: [31mError: Invalid or expired authentication token.[39m
[31m    at auth (C:\Users\Lenovo\Desktop\NewBranch\branch-backend\src\middleware\auth.middleware.ts:44:13)[39m
[31m    at Layer.handleRequest (C:\Users\Lenovo\Desktop\NewBranch\branch-backend\node_modules\router\lib\layer.js:152:17)[39m
[31m    at trimPrefix (C:\Users\Lenovo\Desktop\NewBranch\branch-backend\node_modules\router\index.js:342:13)[39m
[31m    at C:\Users\Lenovo\Desktop\NewBranch\branch-backend\node_modules\router\index.js:297:9[39m
[31m    at processParams (C:\Users\Lenovo\Desktop\NewBranch\branch-backend\node_modules\router\index.js:582:12)[39m
[31m    at next (C:\Users\Lenovo\Desktop\NewBranch\branch-backend\node_modules\router\index.js:291:5)[39m
[31m    at Function.handle (C:\Users\Lenovo\Desktop\NewBranch\branch-backend\node_modules\router\index.js:186:3)[39m
[31m    at router (C:\Users\Lenovo\Desktop\NewBranch\branch-backend\node_modules\router\index.js:60:12)[39m
[31m    at Layer.handleRequest (C:\Users\Lenovo\Desktop\NewBranch\branch-backend\node_modules\router\lib\layer.js:152:17)[39m
[31m    at trimPrefix (C:\Users\Lenovo\Desktop\NewBranch\branch-backend\node_modules\router\index.js:342:13)[39m
[2026-09-16 16:54:13:5413] [[31merror[39m]: [31mError: Invalid or expired authentication token.[39m
[31m    at auth (C:\Users\Lenovo\Desktop\NewBranch\branch-backend\src\middleware\auth.middleware.ts:44:13)[39m
[31m    at Layer.handleRequest (C:\Users\Lenovo\Desktop\NewBranch\branch-backend\node_modules\router\lib\layer.js:152:17)[39m
[31m    at trimPrefix (C:\Users\Lenovo\Desktop\NewBranch\branch-backend\node_modules\router\index.js:342:13)[39m
[31m    at C:\Users\Lenovo\Desktop\NewBranch\branch-backend\node_modules\router\index.js:297:9[39m
[31m    at processParams (C:\Users\Lenovo\Desktop\NewBranch\branch-backend\node_modules\router\index.js:582:12)[39m
[31m    at next (C:\Users\Lenovo\Desktop\NewBranch\branch-backend\node_modules\router\index.js:291:5)[39m
[31m    at Function.handle (C:\Users\Lenovo\Desktop\NewBranch\branch-backend\node_modules\router\index.js:186:3)[39m
[31m    at router (C:\Users\Lenovo\Desktop\NewBranch\branch-backend\node_modules\router\index.js:60:12)[39m
[31m    at Layer.handleRequest (C:\Users\Lenovo\Desktop\NewBranch\branch-backend\node_modules\router\lib\layer.js:152:17)[39m
[31m    at trimPrefix (C:\Users\Lenovo\Desktop\NewBranch\branch-backend\node_modules\router\index.js:342:13)[39m
[2026-09-16 16:54:13:5413] [[31merror[39m]: [31mError: Invalid or expired authentication token.[39m
[31m    at auth (C:\Users\Lenovo\Desktop\NewBranch\branch-backend\src\middleware\auth.middleware.ts:44:13)[39m
[31m    at Layer.handleRequest (C:\Users\Lenovo\Desktop\NewBranch\branch-backend\node_modules\router\lib\layer.js:152:17)[39m
[31m    at trimPrefix (C:\Users\Lenovo\Desktop\NewBranch\branch-backend\node_modules\router\index.js:342:13)[39m
[31m    at C:\Users\Lenovo\Desktop\NewBranch\branch-backend\node_modules\router\index.js:297:9[39m
[31m    at processParams (C:\Users\Lenovo\Desktop\NewBranch\branch-backend\node_modules\router\index.js:582:12)[39m
[31m    at next (C:\Users\Lenovo\Desktop\NewBranch\branch-backend\node_modules\router\index.js:291:5)[39m
[31m    at Function.handle (C:\Users\Lenovo\Desktop\NewBranch\branch-backend\node_modules\router\index.js:186:3)[39m
[31m    at router (C:\Users\Lenovo\Desktop\NewBranch\branch-backend\node_modules\router\index.js:60:12)[39m
[31m    at Layer.handleRequest (C:\Users\Lenovo\Desktop\NewBranch\branch-backend\node_modules\router\lib\layer.js:152:17)[39m
[31m    at trimPrefix (C:\Users\Lenovo\Desktop\NewBranch\branch-backend\node_modules\router\index.js:342:13)[39m
[2026-09-16 16:54:13:5413] [[31merror[39m]: [31mError: Invalid or expired authentication token.[39m
[31m    at auth (C:\Users\Lenovo\Desktop\NewBranch\branch-backend\src\middleware\auth.middleware.ts:44:13)[39m
[31m    at Layer.handleRequest (C:\Users\Lenovo\Desktop\NewBranch\branch-backend\node_modules\router\lib\layer.js:152:17)[39m
[31m    at trimPrefix (C:\Users\Lenovo\Desktop\NewBranch\branch-backend\node_modules\router\index.js:342:13)[39m
[31m    at C:\Users\Lenovo\Desktop\NewBranch\branch-backend\node_modules\router\index.js:297:9[39m
[31m    at processParams (C:\Users\Lenovo\Desktop\NewBranch\branch-backend\node_modules\router\index.js:582:12)[39m
[31m    at next (C:\Users\Lenovo\Desktop\NewBranch\branch-backend\node_modules\router\index.js:291:5)[39m
[31m    at Function.handle (C:\Users\Lenovo\Desktop\NewBranch\branch-backend\node_modules\router\index.js:186:3)[39m
[31m    at router (C:\Users\Lenovo\Desktop\NewBranch\branch-backend\node_modules\router\index.js:60:12)[39m
[31m    at Layer.handleRequest (C:\Users\Lenovo\Desktop\NewBranch\branch-backend\node_modules\router\lib\layer.js:152:17)[39m
[31m    at trimPrefix (C:\Users\Lenovo\Desktop\NewBranch\branch-backend\node_modules\router\index.js:342:13)[39m
[2026-09-16 16:54:13:5413] [[31merror[39m]: [31mError: Invalid or expired authentication token.[39m
[31m    at auth (C:\Users\Lenovo\Desktop\NewBranch\branch-backend\src\middleware\auth.middleware.ts:44:13)[39m
[31m    at Layer.handleRequest (C:\Users\Lenovo\Desktop\NewBranch\branch-backend\node_modules\router\lib\layer.js:152:17)[39m
[31m    at trimPrefix (C:\Users\Lenovo\Desktop\NewBranch\branch-backend\node_modules\router\index.js:342:13)[39m
[31m    at C:\Users\Lenovo\Desktop\NewBranch\branch-backend\node_modules\router\index.js:297:9[39m
[31m    at processParams (C:\Users\Lenovo\Desktop\NewBranch\branch-backend\node_modules\router\index.js:582:12)[39m
[31m    at next (C:\Users\Lenovo\Desktop\NewBranch\branch-backend\node_modules\router\index.js:291:5)[39m
[31m    at Function.handle (C:\Users\Lenovo\Desktop\NewBranch\branch-backend\node_modules\router\index.js:186:3)[39m
[31m    at router (C:\Users\Lenovo\Desktop\NewBranch\branch-backend\node_modules\router\index.js:60:12)[39m
[31m    at Layer.handleRequest (C:\Users\Lenovo\Desktop\NewBranch\branch-backend\node_modules\router\lib\layer.js:152:17)[39m
[31m    at trimPrefix (C:\Users\Lenovo\Desktop\NewBranch\branch-backend\node_modules\router\index.js:342:13)[39m
[2026-09-16 16:54:13:5413] [[31merror[39m]: [31mError: Invalid or expired authentication token.[39m
[31m    at auth (C:\Users\Lenovo\Desktop\NewBranch\branch-backend\src\middleware\auth.middleware.ts:44:13)[39m
[31m    at Layer.handleRequest (C:\Users\Lenovo\Desktop\NewBranch\branch-backend\node_modules\router\lib\layer.js:152:17)[39m
[31m    at trimPrefix (C:\Users\Lenovo\Desktop\NewBranch\branch-backend\node_modules\router\index.js:342:13)[39m
[31m    at C:\Users\Lenovo\Desktop\NewBranch\branch-backend\node_modules\router\index.js:297:9[39m
[31m    at processParams (C:\Users\Lenovo\Desktop\NewBranch\branch-backend\node_modules\router\index.js:582:12)[39m
[31m    at next (C:\Users\Lenovo\Desktop\NewBranch\branch-backend\node_modules\router\index.js:291:5)[39m
[31m    at Function.handle (C:\Users\Lenovo\Desktop\NewBranch\branch-backend\node_modules\router\index.js:186:3)[39m
[31m    at router (C:\Users\Lenovo\Desktop\NewBranch\branch-backend\node_modules\router\index.js:60:12)[39m
[31m    at Layer.handleRequest (C:\Users\Lenovo\Desktop\NewBranch\branch-backend\node_modules\router\lib\layer.js:152:17)[39m
[31m    at trimPrefix (C:\Users\Lenovo\Desktop\NewBranch\branch-backend\node_modules\router\index.js:342:13)[39m
[2026-09-16 17:06:10:610] [[32minfo[39m]: [32mServer is running in development mode on port 8000[39m
[2026-09-16 17:08:05:85] [[32minfo[39m]: [32mServer is running in development mode on port 8000[39m
[2026-09-16 18:08:56:856] [[31merror[39m]: [31mError: Invalid or expired authentication token.[39m
[31m    at auth (C:\Users\Lenovo\Desktop\NewBranch\branch-backend\src\middleware\auth.middleware.ts:44:13)[39m
[31m    at Layer.handleRequest (C:\Users\Lenovo\Desktop\NewBranch\branch-backend\node_modules\router\lib\layer.js:152:17)[39m
[31m    at trimPrefix (C:\Users\Lenovo\Desktop\NewBranch\branch-backend\node_modules\router\index.js:342:13)[39m
[31m    at C:\Users\Lenovo\Desktop\NewBranch\branch-backend\node_modules\router\index.js:297:9[39m
[31m    at processParams (C:\Users\Lenovo\Desktop\NewBranch\branch-backend\node_modules\router\index.js:582:12)[39m
[31m    at next (C:\Users\Lenovo\Desktop\NewBranch\branch-backend\node_modules\router\index.js:291:5)[39m
[31m    at Function.handle (C:\Users\Lenovo\Desktop\NewBranch\branch-backend\node_modules\router\index.js:186:3)[39m
[31m    at router (C:\Users\Lenovo\Desktop\NewBranch\branch-backend\node_modules\router\index.js:60:12)[39m
[31m    at Layer.handleRequest (C:\Users\Lenovo\Desktop\NewBranch\branch-backend\node_modules\router\lib\layer.js:152:17)[39m
[31m    at trimPrefix (C:\Users\Lenovo\Desktop\NewBranch\branch-backend\node_modules\router\index.js:342:13)[39m
[2026-09-16 18:08:57:857] [[31merror[39m]: [31mError: Invalid or expired authentication token.[39m
[31m    at auth (C:\Users\Lenovo\Desktop\NewBranch\branch-backend\src\middleware\auth.middleware.ts:44:13)[39m
[31m    at Layer.handleRequest (C:\Users\Lenovo\Desktop\NewBranch\branch-backend\node_modules\router\lib\layer.js:152:17)[39m
[31m    at trimPrefix (C:\Users\Lenovo\Desktop\NewBranch\branch-backend\node_modules\router\index.js:342:13)[39m
[31m    at C:\Users\Lenovo\Desktop\NewBranch\branch-backend\node_modules\router\index.js:297:9[39m
[31m    at processParams (C:\Users\Lenovo\Desktop\NewBranch\branch-backend\node_modules\router\index.js:582:12)[39m
[31m    at next (C:\Users\Lenovo\Desktop\NewBranch\branch-backend\node_modules\router\index.js:291:5)[39m
[31m    at Function.handle (C:\Users\Lenovo\Desktop\NewBranch\branch-backend\node_modules\router\index.js:186:3)[39m
[31m    at router (C:\Users\Lenovo\Desktop\NewBranch\branch-backend\node_modules\router\index.js:60:12)[39m
[31m    at Layer.handleRequest (C:\Users\Lenovo\Desktop\NewBranch\branch-backend\node_modules\router\lib\layer.js:152:17)[39m
[31m    at trimPrefix (C:\Users\Lenovo\Desktop\NewBranch\branch-backend\node_modules\router\index.js:342:13)[39m
[2026-09-16 18:08:57:857] [[31merror[39m]: [31mError: Invalid or expired authentication token.[39m
[31m    at auth (C:\Users\Lenovo\Desktop\NewBranch\branch-backend\src\middleware\auth.middleware.ts:44:13)[39m
[31m    at Layer.handleRequest (C:\Users\Lenovo\Desktop\NewBranch\branch-backend\node_modules\router\lib\layer.js:152:17)[39m
[31m    at trimPrefix (C:\Users\Lenovo\Desktop\NewBranch\branch-backend\node_modules\router\index.js:342:13)[39m
[31m    at C:\Users\Lenovo\Desktop\NewBranch\branch-backend\node_modules\router\index.js:297:9[39m
[31m    at processParams (C:\Users\Lenovo\Desktop\NewBranch\branch-backend\node_modules\router\index.js:582:12)[39m
[31m    at next (C:\Users\Lenovo\Desktop\NewBranch\branch-backend\node_modules\router\index.js:291:5)[39m
[31m    at Function.handle (C:\Users\Lenovo\Desktop\NewBranch\branch-backend\node_modules\router\index.js:186:3)[39m
[31m    at router (C:\Users\Lenovo\Desktop\NewBranch\branch-backend\node_modules\router\index.js:60:12)[39m
[31m    at Layer.handleRequest (C:\Users\Lenovo\Desktop\NewBranch\branch-backend\node_modules\router\lib\layer.js:152:17)[39m
[31m    at trimPrefix (C:\Users\Lenovo\Desktop\NewBranch\branch-backend\node_modules\router\index.js:342:13)[39m
[2026-09-16 18:08:57:857] [[31merror[39m]: [31mError: Invalid or expired authentication token.[39m
[31m    at auth (C:\Users\Lenovo\Desktop\NewBranch\branch-backend\src\middleware\auth.middleware.ts:44:13)[39m
[31m    at Layer.handleRequest (C:\Users\Lenovo\Desktop\NewBranch\branch-backend\node_modules\router\lib\layer.js:152:17)[39m
[31m    at trimPrefix (C:\Users\Lenovo\Desktop\NewBranch\branch-backend\node_modules\router\index.js:342:13)[39m
[31m    at C:\Users\Lenovo\Desktop\NewBranch\branch-backend\node_modules\router\index.js:297:9[39m
[31m    at processParams (C:\Users\Lenovo\Desktop\NewBranch\branch-backend\node_modules\router\index.js:582:12)[39m
[31m    at next (C:\Users\Lenovo\Desktop\NewBranch\branch-backend\node_modules\router\index.js:291:5)[39m
[31m    at Function.handle (C:\Users\Lenovo\Desktop\NewBranch\branch-backend\node_modules\router\index.js:186:3)[39m
[31m    at router (C:\Users\Lenovo\Desktop\NewBranch\branch-backend\node_modules\router\index.js:60:12)[39m
[31m    at Layer.handleRequest (C:\Users\Lenovo\Desktop\NewBranch\branch-backend\node_modules\router\lib\layer.js:152:17)[39m
[31m    at trimPrefix (C:\Users\Lenovo\Desktop\NewBranch\branch-backend\node_modules\router\index.js:342:13)[39m
[2026-09-16 18:08:57:857] [[31merror[39m]: [31mError: Invalid or expired authentication token.[39m
[31m    at auth (C:\Users\Lenovo\Desktop\NewBranch\branch-backend\src\middleware\auth.middleware.ts:44:13)[39m
[31m    at Layer.handleRequest (C:\Users\Lenovo\Desktop\NewBranch\branch-backend\node_modules\router\lib\layer.js:152:17)[39m
[31m    at trimPrefix (C:\Users\Lenovo\Desktop\NewBranch\branch-backend\node_modules\router\index.js:342:13)[39m
[31m    at C:\Users\Lenovo\Desktop\NewBranch\branch-backend\node_modules\router\index.js:297:9[39m
[31m    at processParams (C:\Users\Lenovo\Desktop\NewBranch\branch-backend\node_modules\router\index.js:582:12)[39m
[31m    at next (C:\Users\Lenovo\Desktop\NewBranch\branch-backend\node_modules\router\index.js:291:5)[39m
[31m    at Function.handle (C:\Users\Lenovo\Desktop\NewBranch\branch-backend\node_modules\router\index.js:186:3)[39m
[31m    at router (C:\Users\Lenovo\Desktop\NewBranch\branch-backend\node_modules\router\index.js:60:12)[39m
[31m    at Layer.handleRequest (C:\Users\Lenovo\Desktop\NewBranch\branch-backend\node_modules\router\lib\layer.js:152:17)[39m
[31m    at trimPrefix (C:\Users\Lenovo\Desktop\NewBranch\branch-backend\node_modules\router\index.js:342:13)[39m
[2026-09-16 18:08:57:857] [[31merror[39m]: [31mError: Invalid or expired authentication token.[39m
[31m    at auth (C:\Users\Lenovo\Desktop\NewBranch\branch-backend\src\middleware\auth.middleware.ts:44:13)[39m
[31m    at Layer.handleRequest (C:\Users\Lenovo\Desktop\NewBranch\branch-backend\node_modules\router\lib\layer.js:152:17)[39m
[31m    at trimPrefix (C:\Users\Lenovo\Desktop\NewBranch\branch-backend\node_modules\router\index.js:342:13)[39m
[31m    at C:\Users\Lenovo\Desktop\NewBranch\branch-backend\node_modules\router\index.js:297:9[39m
[31m    at processParams (C:\Users\Lenovo\Desktop\NewBranch\branch-backend\node_modules\router\index.js:582:12)[39m
[31m    at next (C:\Users\Lenovo\Desktop\NewBranch\branch-backend\node_modules\router\index.js:291:5)[39m
[31m    at Function.handle (C:\Users\Lenovo\Desktop\NewBranch\branch-backend\node_modules\router\index.js:186:3)[39m
[31m    at router (C:\Users\Lenovo\Desktop\NewBranch\branch-backend\node_modules\router\index.js:60:12)[39m
[31m    at Layer.handleRequest (C:\Users\Lenovo\Desktop\NewBranch\branch-backend\node_modules\router\lib\layer.js:152:17)[39m
[31m    at trimPrefix (C:\Users\Lenovo\Desktop\NewBranch\branch-backend\node_modules\router\index.js:342:13)[39m
[2026-09-16 18:08:57:857] [[31merror[39m]: [31mError: Invalid or expired authentication token.[39m
[31m    at auth (C:\Users\Lenovo\Desktop\NewBranch\branch-backend\src\middleware\auth.middleware.ts:44:13)[39m
[31m    at Layer.handleRequest (C:\Users\Lenovo\Desktop\NewBranch\branch-backend\node_modules\router\lib\layer.js:152:17)[39m
[31m    at trimPrefix (C:\Users\Lenovo\Desktop\NewBranch\branch-backend\node_modules\router\index.js:342:13)[39m
[31m    at C:\Users\Lenovo\Desktop\NewBranch\branch-backend\node_modules\router\index.js:297:9[39m
[31m    at processParams (C:\Users\Lenovo\Desktop\NewBranch\branch-backend\node_modules\router\index.js:582:12)[39m
[31m    at next (C:\Users\Lenovo\Desktop\NewBranch\branch-backend\node_modules\router\index.js:291:5)[39m
[31m    at Function.handle (C:\Users\Lenovo\Desktop\NewBranch\branch-backend\node_modules\router\index.js:186:3)[39m
[31m    at router (C:\Users\Lenovo\Desktop\NewBranch\branch-backend\node_modules\router\index.js:60:12)[39m
[31m    at Layer.handleRequest (C:\Users\Lenovo\Desktop\NewBranch\branch-backend\node_modules\router\lib\layer.js:152:17)[39m
[31m    at trimPrefix (C:\Users\Lenovo\Desktop\NewBranch\branch-backend\node_modules\router\index.js:342:13)[39m
[2026-09-17 10:10:08:108] [[31merror[39m]: [31mError: Invalid or expired authentication token.[39m
[31m    at auth (C:\Users\Lenovo\Desktop\NewBranch\branch-backend\src\middleware\auth.middleware.ts:44:13)[39m
[31m    at Layer.handleRequest (C:\Users\Lenovo\Desktop\NewBranch\branch-backend\node_modules\router\lib\layer.js:152:17)[39m
[31m    at trimPrefix (C:\Users\Lenovo\Desktop\NewBranch\branch-backend\node_modules\router\index.js:342:13)[39m
[31m    at C:\Users\Lenovo\Desktop\NewBranch\branch-backend\node_modules\router\index.js:297:9[39m
[31m    at processParams (C:\Users\Lenovo\Desktop\NewBranch\branch-backend\node_modules\router\index.js:582:12)[39m
[31m    at next (C:\Users\Lenovo\Desktop\NewBranch\branch-backend\node_modules\router\index.js:291:5)[39m
[31m    at Function.handle (C:\Users\Lenovo\Desktop\NewBranch\branch-backend\node_modules\router\index.js:186:3)[39m
[31m    at router (C:\Users\Lenovo\Desktop\NewBranch\branch-backend\node_modules\router\index.js:60:12)[39m
[31m    at Layer.handleRequest (C:\Users\Lenovo\Desktop\NewBranch\branch-backend\node_modules\router\lib\layer.js:152:17)[39m
[31m    at trimPrefix (C:\Users\Lenovo\Desktop\NewBranch\branch-backend\node_modules\router\index.js:342:13)[39m
[2026-09-17 11:16:51:1651] [[32minfo[39m]: [32mServer is running in development mode on port 8000[39m
[2026-09-17 11:22:38:2238] [[32minfo[39m]: [32mServer is running in development mode on port 8000[39m
[2026-09-17 11:24:25:2425] [[31merror[39m]: [31mError: Invalid or expired authentication token.[39m
[31m    at auth (C:\Users\Lenovo\Desktop\NewBranch\branch-backend\src\middleware\auth.middleware.ts:44:13)[39m
[31m    at Layer.handleRequest (C:\Users\Lenovo\Desktop\NewBranch\branch-backend\node_modules\router\lib\layer.js:152:17)[39m
[31m    at trimPrefix (C:\Users\Lenovo\Desktop\NewBranch\branch-backend\node_modules\router\index.js:342:13)[39m
[31m    at C:\Users\Lenovo\Desktop\NewBranch\branch-backend\node_modules\router\index.js:297:9[39m
[31m    at processParams (C:\Users\Lenovo\Desktop\NewBranch\branch-backend\node_modules\router\index.js:582:12)[39m
[31m    at next (C:\Users\Lenovo\Desktop\NewBranch\branch-backend\node_modules\router\index.js:291:5)[39m
[31m    at Function.handle (C:\Users\Lenovo\Desktop\NewBranch\branch-backend\node_modules\router\index.js:186:3)[39m
[31m    at router (C:\Users\Lenovo\Desktop\NewBranch\branch-backend\node_modules\router\index.js:60:12)[39m
[31m    at Layer.handleRequest (C:\Users\Lenovo\Desktop\NewBranch\branch-backend\node_modules\router\lib\layer.js:152:17)[39m
[31m    at trimPrefix (C:\Users\Lenovo\Desktop\NewBranch\branch-backend\node_modules\router\index.js:342:13)[39m
[2026-09-17 11:29:58:2958] [[32minfo[39m]: [32mServer is running in development mode on port 8000[39m
[2026-09-17 11:30:08:308] [[32minfo[39m]: [32mServer is running in development mode on port 8000[39m
[2026-09-17 11:39:37:3937] [[31merror[39m]: [31mError: Invalid or expired authentication token.[39m
[31m    at auth (C:\Users\Lenovo\Desktop\NewBranch\branch-backend\src\middleware\auth.middleware.ts:44:13)[39m
[31m    at Layer.handleRequest (C:\Users\Lenovo\Desktop\NewBranch\branch-backend\node_modules\router\lib\layer.js:152:17)[39m
[31m    at trimPrefix (C:\Users\Lenovo\Desktop\NewBranch\branch-backend\node_modules\router\index.js:342:13)[39m
[31m    at C:\Users\Lenovo\Desktop\NewBranch\branch-backend\node_modules\router\index.js:297:9[39m
[31m    at processParams (C:\Users\Lenovo\Desktop\NewBranch\branch-backend\node_modules\router\index.js:582:12)[39m
[31m    at next (C:\Users\Lenovo\Desktop\NewBranch\branch-backend\node_modules\router\index.js:291:5)[39m
[31m    at Function.handle (C:\Users\Lenovo\Desktop\NewBranch\branch-backend\node_modules\router\index.js:186:3)[39m
[31m    at router (C:\Users\Lenovo\Desktop\NewBranch\branch-backend\node_modules\router\index.js:60:12)[39m
[31m    at Layer.handleRequest (C:\Users\Lenovo\Desktop\NewBranch\branch-backend\node_modules\router\lib\layer.js:152:17)[39m
[31m    at trimPrefix (C:\Users\Lenovo\Desktop\NewBranch\branch-backend\node_modules\router\index.js:342:13)[39m
[2026-09-17 11:55:27:5527] [[31merror[39m]: [31mError: Invalid or expired authentication token.[39m
[31m    at auth (C:\Users\Lenovo\Desktop\NewBranch\branch-backend\src\middleware\auth.middleware.ts:44:13)[39m
[31m    at Layer.handleRequest (C:\Users\Lenovo\Desktop\NewBranch\branch-backend\node_modules\router\lib\layer.js:152:17)[39m
[31m    at trimPrefix (C:\Users\Lenovo\Desktop\NewBranch\branch-backend\node_modules\router\index.js:342:13)[39m
[31m    at C:\Users\Lenovo\Desktop\NewBranch\branch-backend\node_modules\router\index.js:297:9[39m
[31m    at processParams (C:\Users\Lenovo\Desktop\NewBranch\branch-backend\node_modules\router\index.js:582:12)[39m
[31m    at next (C:\Users\Lenovo\Desktop\NewBranch\branch-backend\node_modules\router\index.js:291:5)[39m
[31m    at Function.handle (C:\Users\Lenovo\Desktop\NewBranch\branch-backend\node_modules\router\index.js:186:3)[39m
[31m    at router (C:\Users\Lenovo\Desktop\NewBranch\branch-backend\node_modules\router\index.js:60:12)[39m
[31m    at Layer.handleRequest (C:\Users\Lenovo\Desktop\NewBranch\branch-backend\node_modules\router\lib\layer.js:152:17)[39m
[31m    at trimPrefix (C:\Users\Lenovo\Desktop\NewBranch\branch-backend\node_modules\router\index.js:342:13)[39m
[2026-09-17 11:55:27:5527] [[31merror[39m]: [31mError: Invalid or expired authentication token.[39m
[31m    at auth (C:\Users\Lenovo\Desktop\NewBranch\branch-backend\src\middleware\auth.middleware.ts:44:13)[39m
[31m    at Layer.handleRequest (C:\Users\Lenovo\Desktop\NewBranch\branch-backend\node_modules\router\lib\layer.js:152:17)[39m
[31m    at trimPrefix (C:\Users\Lenovo\Desktop\NewBranch\branch-backend\node_modules\router\index.js:342:13)[39m
[31m    at C:\Users\Lenovo\Desktop\NewBranch\branch-backend\node_modules\router\index.js:297:9[39m
[31m    at processParams (C:\Users\Lenovo\Desktop\NewBranch\branch-backend\node_modules\router\index.js:582:12)[39m
[31m    at next (C:\Users\Lenovo\Desktop\NewBranch\branch-backend\node_modules\router\index.js:291:5)[39m
[31m    at Function.handle (C:\Users\Lenovo\Desktop\NewBranch\branch-backend\node_modules\router\index.js:186:3)[39m
[31m    at router (C:\Users\Lenovo\Desktop\NewBranch\branch-backend\node_modules\router\index.js:60:12)[39m
[31m    at Layer.handleRequest (C:\Users\Lenovo\Desktop\NewBranch\branch-backend\node_modules\router\lib\layer.js:152:17)[39m
[31m    at trimPrefix (C:\Users\Lenovo\Desktop\NewBranch\branch-backend\node_modules\router\index.js:342:13)[39m
[2026-09-17 11:55:27:5527] [[31merror[39m]: [31mError: Invalid or expired authentication token.[39m
[31m    at auth (C:\Users\Lenovo\Desktop\NewBranch\branch-backend\src\middleware\auth.middleware.ts:44:13)[39m
[31m    at Layer.handleRequest (C:\Users\Lenovo\Desktop\NewBranch\branch-backend\node_modules\router\lib\layer.js:152:17)[39m
[31m    at trimPrefix (C:\Users\Lenovo\Desktop\NewBranch\branch-backend\node_modules\router\index.js:342:13)[39m
[31m    at C:\Users\Lenovo\Desktop\NewBranch\branch-backend\node_modules\router\index.js:297:9[39m
[31m    at processParams (C:\Users\Lenovo\Desktop\NewBranch\branch-backend\node_modules\router\index.js:582:12)[39m
[31m    at next (C:\Users\Lenovo\Desktop\NewBranch\branch-backend\node_modules\router\index.js:291:5)[39m
[31m    at Function.handle (C:\Users\Lenovo\Desktop\NewBranch\branch-backend\node_modules\router\index.js:186:3)[39m
[31m    at router (C:\Users\Lenovo\Desktop\NewBranch\branch-backend\node_modules\router\index.js:60:12)[39m
[31m    at Layer.handleRequest (C:\Users\Lenovo\Desktop\NewBranch\branch-backend\node_modules\router\lib\layer.js:152:17)[39m
[31m    at trimPrefix (C:\Users\Lenovo\Desktop\NewBranch\branch-backend\node_modules\router\index.js:342:13)[39m
[2026-09-17 11:55:27:5527] [[31merror[39m]: [31mError: Invalid or expired authentication token.[39m
[31m    at auth (C:\Users\Lenovo\Desktop\NewBranch\branch-backend\src\middleware\auth.middleware.ts:44:13)[39m
[31m    at Layer.handleRequest (C:\Users\Lenovo\Desktop\NewBranch\branch-backend\node_modules\router\lib\layer.js:152:17)[39m
[31m    at trimPrefix (C:\Users\Lenovo\Desktop\NewBranch\branch-backend\node_modules\router\index.js:342:13)[39m
[31m    at C:\Users\Lenovo\Desktop\NewBranch\branch-backend\node_modules\router\index.js:297:9[39m
[31m    at processParams (C:\Users\Lenovo\Desktop\NewBranch\branch-backend\node_modules\router\index.js:582:12)[39m
[31m    at next (C:\Users\Lenovo\Desktop\NewBranch\branch-backend\node_modules\router\index.js:291:5)[39m
[31m    at Function.handle (C:\Users\Lenovo\Desktop\NewBranch\branch-backend\node_modules\router\index.js:186:3)[39m
[31m    at router (C:\Users\Lenovo\Desktop\NewBranch\branch-backend\node_modules\router\index.js:60:12)[39m
[31m    at Layer.handleRequest (C:\Users\Lenovo\Desktop\NewBranch\branch-backend\node_modules\router\lib\layer.js:152:17)[39m
[31m    at trimPrefix (C:\Users\Lenovo\Desktop\NewBranch\branch-backend\node_modules\router\index.js:342:13)[39m
[2026-09-17 12:04:27:427] [[32minfo[39m]: [32mServer is running in development mode on port 8000[39m
[2026-09-17 12:06:55:655] [[32minfo[39m]: [32mServer is running in development mode on port 8000[39m
[2026-09-17 12:12:29:1229] [[32minfo[39m]: [32mServer is running in development mode on port 8000[39m
[2026-09-17 12:13:34:1334] [[31merror[39m]: [31mError: Invalid or expired authentication token.[39m
[31m    at auth (C:\Users\Lenovo\Desktop\NewBranch\branch-backend\src\middleware\auth.middleware.ts:44:13)[39m
[31m    at Layer.handleRequest (C:\Users\Lenovo\Desktop\NewBranch\branch-backend\node_modules\router\lib\layer.js:152:17)[39m
[31m    at trimPrefix (C:\Users\Lenovo\Desktop\NewBranch\branch-backend\node_modules\router\index.js:342:13)[39m
[31m    at C:\Users\Lenovo\Desktop\NewBranch\branch-backend\node_modules\router\index.js:297:9[39m
[31m    at processParams (C:\Users\Lenovo\Desktop\NewBranch\branch-backend\node_modules\router\index.js:582:12)[39m
[31m    at next (C:\Users\Lenovo\Desktop\NewBranch\branch-backend\node_modules\router\index.js:291:5)[39m
[31m    at Function.handle (C:\Users\Lenovo\Desktop\NewBranch\branch-backend\node_modules\router\index.js:186:3)[39m
[31m    at router (C:\Users\Lenovo\Desktop\NewBranch\branch-backend\node_modules\router\index.js:60:12)[39m
[31m    at Layer.handleRequest (C:\Users\Lenovo\Desktop\NewBranch\branch-backend\node_modules\router\lib\layer.js:152:17)[39m
[31m    at trimPrefix (C:\Users\Lenovo\Desktop\NewBranch\branch-backend\node_modules\router\index.js:342:13)[39m
[2026-09-17 12:13:34:1334] [[31merror[39m]: [31mError: Invalid or expired authentication token.[39m
[31m    at auth (C:\Users\Lenovo\Desktop\NewBranch\branch-backend\src\middleware\auth.middleware.ts:44:13)[39m
[31m    at Layer.handleRequest (C:\Users\Lenovo\Desktop\NewBranch\branch-backend\node_modules\router\lib\layer.js:152:17)[39m
[31m    at trimPrefix (C:\Users\Lenovo\Desktop\NewBranch\branch-backend\node_modules\router\index.js:342:13)[39m
[31m    at C:\Users\Lenovo\Desktop\NewBranch\branch-backend\node_modules\router\index.js:297:9[39m
[31m    at processParams (C:\Users\Lenovo\Desktop\NewBranch\branch-backend\node_modules\router\index.js:582:12)[39m
[31m    at next (C:\Users\Lenovo\Desktop\NewBranch\branch-backend\node_modules\router\index.js:291:5)[39m
[31m    at Function.handle (C:\Users\Lenovo\Desktop\NewBranch\branch-backend\node_modules\router\index.js:186:3)[39m
[31m    at router (C:\Users\Lenovo\Desktop\NewBranch\branch-backend\node_modules\router\index.js:60:12)[39m
[31m    at Layer.handleRequest (C:\Users\Lenovo\Desktop\NewBranch\branch-backend\node_modules\router\lib\layer.js:152:17)[39m
[31m    at trimPrefix (C:\Users\Lenovo\Desktop\NewBranch\branch-backend\node_modules\router\index.js:342:13)[39m
[2026-09-17 12:13:34:1334] [[31merror[39m]: [31mError: Invalid or expired authentication token.[39m
[31m    at auth (C:\Users\Lenovo\Desktop\NewBranch\branch-backend\src\middleware\auth.middleware.ts:44:13)[39m
[31m    at Layer.handleRequest (C:\Users\Lenovo\Desktop\NewBranch\branch-backend\node_modules\router\lib\layer.js:152:17)[39m
[31m    at trimPrefix (C:\Users\Lenovo\Desktop\NewBranch\branch-backend\node_modules\router\index.js:342:13)[39m
[31m    at C:\Users\Lenovo\Desktop\NewBranch\branch-backend\node_modules\router\index.js:297:9[39m
[31m    at processParams (C:\Users\Lenovo\Desktop\NewBranch\branch-backend\node_modules\router\index.js:582:12)[39m
[31m    at next (C:\Users\Lenovo\Desktop\NewBranch\branch-backend\node_modules\router\index.js:291:5)[39m
[31m    at Function.handle (C:\Users\Lenovo\Desktop\NewBranch\branch-backend\node_modules\router\index.js:186:3)[39m
[31m    at router (C:\Users\Lenovo\Desktop\NewBranch\branch-backend\node_modules\router\index.js:60:12)[39m
[31m    at Layer.handleRequest (C:\Users\Lenovo\Desktop\NewBranch\branch-backend\node_modules\router\lib\layer.js:152:17)[39m
[31m    at trimPrefix (C:\Users\Lenovo\Desktop\NewBranch\branch-backend\node_modules\router\index.js:342:13)[39m
[2026-09-17 12:13:34:1334] [[31merror[39m]: [31mError: Invalid or expired authentication token.[39m
[31m    at auth (C:\Users\Lenovo\Desktop\NewBranch\branch-backend\src\middleware\auth.middleware.ts:44:13)[39m
[31m    at Layer.handleRequest (C:\Users\Lenovo\Desktop\NewBranch\branch-backend\node_modules\router\lib\layer.js:152:17)[39m
[31m    at trimPrefix (C:\Users\Lenovo\Desktop\NewBranch\branch-backend\node_modules\router\index.js:342:13)[39m
[31m    at C:\Users\Lenovo\Desktop\NewBranch\branch-backend\node_modules\router\index.js:297:9[39m
[31m    at processParams (C:\Users\Lenovo\Desktop\NewBranch\branch-backend\node_modules\router\index.js:582:12)[39m
[31m    at next (C:\Users\Lenovo\Desktop\NewBranch\branch-backend\node_modules\router\index.js:291:5)[39m
[31m    at Function.handle (C:\Users\Lenovo\Desktop\NewBranch\branch-backend\node_modules\router\index.js:186:3)[39m
[31m    at router (C:\Users\Lenovo\Desktop\NewBranch\branch-backend\node_modules\router\index.js:60:12)[39m
[31m    at Layer.handleRequest (C:\Users\Lenovo\Desktop\NewBranch\branch-backend\node_modules\router\lib\layer.js:152:17)[39m
[31m    at trimPrefix (C:\Users\Lenovo\Desktop\NewBranch\branch-backend\node_modules\router\index.js:342:13)[39m
[2026-09-17 12:20:28:2028] [[32minfo[39m]: [32mServer is running in development mode on port 8000[39m
[2026-09-17 12:23:31:2331] [[32minfo[39m]: [32mServer is running in development mode on port 8000[39m
[2026-09-17 12:23:37:2337] [[32minfo[39m]: [32mServer is running in development mode on port 8000[39m
[2026-09-17 12:35:09:359] [[31merror[39m]: [31mError: Invalid or expired authentication token.[39m
[31m    at auth (C:\Users\Lenovo\Desktop\NewBranch\branch-backend\src\middleware\auth.middleware.ts:44:13)[39m
[31m    at Layer.handleRequest (C:\Users\Lenovo\Desktop\NewBranch\branch-backend\node_modules\router\lib\layer.js:152:17)[39m
[31m    at trimPrefix (C:\Users\Lenovo\Desktop\NewBranch\branch-backend\node_modules\router\index.js:342:13)[39m
[31m    at C:\Users\Lenovo\Desktop\NewBranch\branch-backend\node_modules\router\index.js:297:9[39m
[31m    at processParams (C:\Users\Lenovo\Desktop\NewBranch\branch-backend\node_modules\router\index.js:582:12)[39m
[31m    at next (C:\Users\Lenovo\Desktop\NewBranch\branch-backend\node_modules\router\index.js:291:5)[39m
[31m    at Function.handle (C:\Users\Lenovo\Desktop\NewBranch\branch-backend\node_modules\router\index.js:186:3)[39m
[31m    at router (C:\Users\Lenovo\Desktop\NewBranch\branch-backend\node_modules\router\index.js:60:12)[39m
[31m    at Layer.handleRequest (C:\Users\Lenovo\Desktop\NewBranch\branch-backend\node_modules\router\lib\layer.js:152:17)[39m
[31m    at trimPrefix (C:\Users\Lenovo\Desktop\NewBranch\branch-backend\node_modules\router\index.js:342:13)[39m
[2026-09-17 12:35:09:359] [[31merror[39m]: [31mError: Invalid or expired authentication token.[39m
[31m    at auth (C:\Users\Lenovo\Desktop\NewBranch\branch-backend\src\middleware\auth.middleware.ts:44:13)[39m
[31m    at Layer.handleRequest (C:\Users\Lenovo\Desktop\NewBranch\branch-backend\node_modules\router\lib\layer.js:152:17)[39m
[31m    at trimPrefix (C:\Users\Lenovo\Desktop\NewBranch\branch-backend\node_modules\router\index.js:342:13)[39m
[31m    at C:\Users\Lenovo\Desktop\NewBranch\branch-backend\node_modules\router\index.js:297:9[39m
[31m    at processParams (C:\Users\Lenovo\Desktop\NewBranch\branch-backend\node_modules\router\index.js:582:12)[39m
[31m    at next (C:\Users\Lenovo\Desktop\NewBranch\branch-backend\node_modules\router\index.js:291:5)[39m
[31m    at Function.handle (C:\Users\Lenovo\Desktop\NewBranch\branch-backend\node_modules\router\index.js:186:3)[39m
[31m    at router (C:\Users\Lenovo\Desktop\NewBranch\branch-backend\node_modules\router\index.js:60:12)[39m
[31m    at Layer.handleRequest (C:\Users\Lenovo\Desktop\NewBranch\branch-backend\node_modules\router\lib\layer.js:152:17)[39m
[31m    at trimPrefix (C:\Users\Lenovo\Desktop\NewBranch\branch-backend\node_modules\router\index.js:342:13)[39m
[2026-09-17 12:35:09:359] [[31merror[39m]: [31mError: Invalid or expired authentication token.[39m
[31m    at auth (C:\Users\Lenovo\Desktop\NewBranch\branch-backend\src\middleware\auth.middleware.ts:44:13)[39m
[31m    at Layer.handleRequest (C:\Users\Lenovo\Desktop\NewBranch\branch-backend\node_modules\router\lib\layer.js:152:17)[39m
[31m    at trimPrefix (C:\Users\Lenovo\Desktop\NewBranch\branch-backend\node_modules\router\index.js:342:13)[39m
[31m    at C:\Users\Lenovo\Desktop\NewBranch\branch-backend\node_modules\router\index.js:297:9[39m
[31m    at processParams (C:\Users\Lenovo\Desktop\NewBranch\branch-backend\node_modules\router\index.js:582:12)[39m
[31m    at next (C:\Users\Lenovo\Desktop\NewBranch\branch-backend\node_modules\router\index.js:291:5)[39m
[31m    at Function.handle (C:\Users\Lenovo\Desktop\NewBranch\branch-backend\node_modules\router\index.js:186:3)[39m
[31m    at router (C:\Users\Lenovo\Desktop\NewBranch\branch-backend\node_modules\router\index.js:60:12)[39m
[31m    at Layer.handleRequest (C:\Users\Lenovo\Desktop\NewBranch\branch-backend\node_modules\router\lib\layer.js:152:17)[39m
[31m    at trimPrefix (C:\Users\Lenovo\Desktop\NewBranch\branch-backend\node_modules\router\index.js:342:13)[39m
[2026-09-17 12:35:09:359] [[31merror[39m]: [31mError: Invalid or expired authentication token.[39m
[31m    at auth (C:\Users\Lenovo\Desktop\NewBranch\branch-backend\src\middleware\auth.middleware.ts:44:13)[39m
[31m    at Layer.handleRequest (C:\Users\Lenovo\Desktop\NewBranch\branch-backend\node_modules\router\lib\layer.js:152:17)[39m
[31m    at trimPrefix (C:\Users\Lenovo\Desktop\NewBranch\branch-backend\node_modules\router\index.js:342:13)[39m
[31m    at C:\Users\Lenovo\Desktop\NewBranch\branch-backend\node_modules\router\index.js:297:9[39m
[31m    at processParams (C:\Users\Lenovo\Desktop\NewBranch\branch-backend\node_modules\router\index.js:582:12)[39m
[31m    at next (C:\Users\Lenovo\Desktop\NewBranch\branch-backend\node_modules\router\index.js:291:5)[39m
[31m    at Function.handle (C:\Users\Lenovo\Desktop\NewBranch\branch-backend\node_modules\router\index.js:186:3)[39m
[31m    at router (C:\Users\Lenovo\Desktop\NewBranch\branch-backend\node_modules\router\index.js:60:12)[39m
[31m    at Layer.handleRequest (C:\Users\Lenovo\Desktop\NewBranch\branch-backend\node_modules\router\lib\layer.js:152:17)[39m
[31m    at trimPrefix (C:\Users\Lenovo\Desktop\NewBranch\branch-backend\node_modules\router\index.js:342:13)[39m
[2026-09-17 12:50:35:5035] [[31merror[39m]: [31mError: Invalid or expired authentication token.[39m
[31m    at auth (C:\Users\Lenovo\Desktop\NewBranch\branch-backend\src\middleware\auth.middleware.ts:44:13)[39m
[31m    at Layer.handleRequest (C:\Users\Lenovo\Desktop\NewBranch\branch-backend\node_modules\router\lib\layer.js:152:17)[39m
[31m    at trimPrefix (C:\Users\Lenovo\Desktop\NewBranch\branch-backend\node_modules\router\index.js:342:13)[39m
[31m    at C:\Users\Lenovo\Desktop\NewBranch\branch-backend\node_modules\router\index.js:297:9[39m
[31m    at processParams (C:\Users\Lenovo\Desktop\NewBranch\branch-backend\node_modules\router\index.js:582:12)[39m
[31m    at next (C:\Users\Lenovo\Desktop\NewBranch\branch-backend\node_modules\router\index.js:291:5)[39m
[31m    at Function.handle (C:\Users\Lenovo\Desktop\NewBranch\branch-backend\node_modules\router\index.js:186:3)[39m
[31m    at router (C:\Users\Lenovo\Desktop\NewBranch\branch-backend\node_modules\router\index.js:60:12)[39m
[31m    at Layer.handleRequest (C:\Users\Lenovo\Desktop\NewBranch\branch-backend\node_modules\router\lib\layer.js:152:17)[39m
[31m    at trimPrefix (C:\Users\Lenovo\Desktop\NewBranch\branch-backend\node_modules\router\index.js:342:13)[39m
[2026-09-17 12:50:35:5035] [[31merror[39m]: [31mError: Invalid or expired authentication token.[39m
[31m    at auth (C:\Users\Lenovo\Desktop\NewBranch\branch-backend\src\middleware\auth.middleware.ts:44:13)[39m
[31m    at Layer.handleRequest (C:\Users\Lenovo\Desktop\NewBranch\branch-backend\node_modules\router\lib\layer.js:152:17)[39m
[31m    at trimPrefix (C:\Users\Lenovo\Desktop\NewBranch\branch-backend\node_modules\router\index.js:342:13)[39m
[31m    at C:\Users\Lenovo\Desktop\NewBranch\branch-backend\node_modules\router\index.js:297:9[39m
[31m    at processParams (C:\Users\Lenovo\Desktop\NewBranch\branch-backend\node_modules\router\index.js:582:12)[39m
[31m    at next (C:\Users\Lenovo\Desktop\NewBranch\branch-backend\node_modules\router\index.js:291:5)[39m
[31m    at Function.handle (C:\Users\Lenovo\Desktop\NewBranch\branch-backend\node_modules\router\index.js:186:3)[39m
[31m    at router (C:\Users\Lenovo\Desktop\NewBranch\branch-backend\node_modules\router\index.js:60:12)[39m
[31m    at Layer.handleRequest (C:\Users\Lenovo\Desktop\NewBranch\branch-backend\node_modules\router\lib\layer.js:152:17)[39m
[31m    at trimPrefix (C:\Users\Lenovo\Desktop\NewBranch\branch-backend\node_modules\router\index.js:342:13)[39m
[2026-09-17 12:50:35:5035] [[31merror[39m]: [31mError: Invalid or expired authentication token.[39m
[31m    at auth (C:\Users\Lenovo\Desktop\NewBranch\branch-backend\src\middleware\auth.middleware.ts:44:13)[39m
[31m    at Layer.handleRequest (C:\Users\Lenovo\Desktop\NewBranch\branch-backend\node_modules\router\lib\layer.js:152:17)[39m
[31m    at trimPrefix (C:\Users\Lenovo\Desktop\NewBranch\branch-backend\node_modules\router\index.js:342:13)[39m
[31m    at C:\Users\Lenovo\Desktop\NewBranch\branch-backend\node_modules\router\index.js:297:9[39m
[31m    at processParams (C:\Users\Lenovo\Desktop\NewBranch\branch-backend\node_modules\router\index.js:582:12)[39m
[31m    at next (C:\Users\Lenovo\Desktop\NewBranch\branch-backend\node_modules\router\index.js:291:5)[39m
[31m    at Function.handle (C:\Users\Lenovo\Desktop\NewBranch\branch-backend\node_modules\router\index.js:186:3)[39m
[31m    at router (C:\Users\Lenovo\Desktop\NewBranch\branch-backend\node_modules\router\index.js:60:12)[39m
[31m    at Layer.handleRequest (C:\Users\Lenovo\Desktop\NewBranch\branch-backend\node_modules\router\lib\layer.js:152:17)[39m
[31m    at trimPrefix (C:\Users\Lenovo\Desktop\NewBranch\branch-backend\node_modules\router\index.js:342:13)[39m
[2026-09-17 14:33:47:3347] [[31merror[39m]: [31mError: Invalid or expired authentication token.[39m
[31m    at auth (C:\Users\Lenovo\Desktop\NewBranch\branch-backend\src\middleware\auth.middleware.ts:44:13)[39m
[31m    at Layer.handleRequest (C:\Users\Lenovo\Desktop\NewBranch\branch-backend\node_modules\router\lib\layer.js:152:17)[39m
[31m    at trimPrefix (C:\Users\Lenovo\Desktop\NewBranch\branch-backend\node_modules\router\index.js:342:13)[39m
[31m    at C:\Users\Lenovo\Desktop\NewBranch\branch-backend\node_modules\router\index.js:297:9[39m
[31m    at processParams (C:\Users\Lenovo\Desktop\NewBranch\branch-backend\node_modules\router\index.js:582:12)[39m
[31m    at next (C:\Users\Lenovo\Desktop\NewBranch\branch-backend\node_modules\router\index.js:291:5)[39m
[31m    at Function.handle (C:\Users\Lenovo\Desktop\NewBranch\branch-backend\node_modules\router\index.js:186:3)[39m
[31m    at router (C:\Users\Lenovo\Desktop\NewBranch\branch-backend\node_modules\router\index.js:60:12)[39m
[31m    at Layer.handleRequest (C:\Users\Lenovo\Desktop\NewBranch\branch-backend\node_modules\router\lib\layer.js:152:17)[39m
[31m    at trimPrefix (C:\Users\Lenovo\Desktop\NewBranch\branch-backend\node_modules\router\index.js:342:13)[39m
[2026-09-17 15:02:24:224] [[32minfo[39m]: [32mServer is running in development mode on port 8000[39m
[2026-09-17 15:04:43:443] [[31merror[39m]: [31mError: Invalid or expired authentication token.[39m
[31m    at auth (C:\Users\Lenovo\Desktop\NewBranch\branch-backend\src\middleware\auth.middleware.ts:44:13)[39m
[31m    at Layer.handleRequest (C:\Users\Lenovo\Desktop\NewBranch\branch-backend\node_modules\router\lib\layer.js:152:17)[39m
[31m    at trimPrefix (C:\Users\Lenovo\Desktop\NewBranch\branch-backend\node_modules\router\index.js:342:13)[39m
[31m    at C:\Users\Lenovo\Desktop\NewBranch\branch-backend\node_modules\router\index.js:297:9[39m
[31m    at processParams (C:\Users\Lenovo\Desktop\NewBranch\branch-backend\node_modules\router\index.js:582:12)[39m
[31m    at next (C:\Users\Lenovo\Desktop\NewBranch\branch-backend\node_modules\router\index.js:291:5)[39m
[31m    at Function.handle (C:\Users\Lenovo\Desktop\NewBranch\branch-backend\node_modules\router\index.js:186:3)[39m
[31m    at router (C:\Users\Lenovo\Desktop\NewBranch\branch-backend\node_modules\router\index.js:60:12)[39m
[31m    at Layer.handleRequest (C:\Users\Lenovo\Desktop\NewBranch\branch-backend\node_modules\router\lib\layer.js:152:17)[39m
[31m    at trimPrefix (C:\Users\Lenovo\Desktop\NewBranch\branch-backend\node_modules\router\index.js:342:13)[39m
[2026-09-17 15:16:50:1650] [[32minfo[39m]: [32mServer is running in development mode on port 8000[39m
[2026-09-17 15:17:03:173] [[32minfo[39m]: [32mServer is running in development mode on port 8000[39m
[2026-09-17 15:35:41:3541] [[32minfo[39m]: [32mServer is running in development mode on port 8000[39m
[2026-09-17 15:35:55:3555] [[32minfo[39m]: [32mServer is running in development mode on port 8000[39m
[2026-09-17 15:36:04:364] [[31merror[39m]: [31mError: Invalid or expired authentication token.[39m
[31m    at auth (C:\Users\Lenovo\Desktop\NewBranch\branch-backend\src\middleware\auth.middleware.ts:44:13)[39m
[31m    at Layer.handleRequest (C:\Users\Lenovo\Desktop\NewBranch\branch-backend\node_modules\router\lib\layer.js:152:17)[39m
[31m    at trimPrefix (C:\Users\Lenovo\Desktop\NewBranch\branch-backend\node_modules\router\index.js:342:13)[39m
[31m    at C:\Users\Lenovo\Desktop\NewBranch\branch-backend\node_modules\router\index.js:297:9[39m
[31m    at processParams (C:\Users\Lenovo\Desktop\NewBranch\branch-backend\node_modules\router\index.js:582:12)[39m
[31m    at next (C:\Users\Lenovo\Desktop\NewBranch\branch-backend\node_modules\router\index.js:291:5)[39m
[31m    at Function.handle (C:\Users\Lenovo\Desktop\NewBranch\branch-backend\node_modules\router\index.js:186:3)[39m
[31m    at router (C:\Users\Lenovo\Desktop\NewBranch\branch-backend\node_modules\router\index.js:60:12)[39m
[31m    at Layer.handleRequest (C:\Users\Lenovo\Desktop\NewBranch\branch-backend\node_modules\router\lib\layer.js:152:17)[39m
[31m    at trimPrefix (C:\Users\Lenovo\Desktop\NewBranch\branch-backend\node_modules\router\index.js:342:13)[39m
[2026-09-17 15:41:08:418] [[31merror[39m]: [31mError: Authentication token is missing.[39m
[31m    at auth (C:\Users\Lenovo\Desktop\NewBranch\branch-backend\src\middleware\auth.middleware.ts:36:13)[39m
[31m    at Layer.handleRequest (C:\Users\Lenovo\Desktop\NewBranch\branch-backend\node_modules\router\lib\layer.js:152:17)[39m
[31m    at trimPrefix (C:\Users\Lenovo\Desktop\NewBranch\branch-backend\node_modules\router\index.js:342:13)[39m
[31m    at C:\Users\Lenovo\Desktop\NewBranch\branch-backend\node_modules\router\index.js:297:9[39m
[31m    at processParams (C:\Users\Lenovo\Desktop\NewBranch\branch-backend\node_modules\router\index.js:582:12)[39m
[31m    at next (C:\Users\Lenovo\Desktop\NewBranch\branch-backend\node_modules\router\index.js:291:5)[39m
[31m    at Function.handle (C:\Users\Lenovo\Desktop\NewBranch\branch-backend\node_modules\router\index.js:186:3)[39m
[31m    at router (C:\Users\Lenovo\Desktop\NewBranch\branch-backend\node_modules\router\index.js:60:12)[39m
[31m    at Layer.handleRequest (C:\Users\Lenovo\Desktop\NewBranch\branch-backend\node_modules\router\lib\layer.js:152:17)[39m
[31m    at trimPrefix (C:\Users\Lenovo\Desktop\NewBranch\branch-backend\node_modules\router\index.js:342:13)[39m
[2026-09-17 15:41:08:418] [[31merror[39m]: [31mError: Authentication token is missing.[39m
[31m    at auth (C:\Users\Lenovo\Desktop\NewBranch\branch-backend\src\middleware\auth.middleware.ts:36:13)[39m
[31m    at Layer.handleRequest (C:\Users\Lenovo\Desktop\NewBranch\branch-backend\node_modules\router\lib\layer.js:152:17)[39m
[31m    at trimPrefix (C:\Users\Lenovo\Desktop\NewBranch\branch-backend\node_modules\router\index.js:342:13)[39m
[31m    at C:\Users\Lenovo\Desktop\NewBranch\branch-backend\node_modules\router\index.js:297:9[39m
[31m    at processParams (C:\Users\Lenovo\Desktop\NewBranch\branch-backend\node_modules\router\index.js:582:12)[39m
[31m    at next (C:\Users\Lenovo\Desktop\NewBranch\branch-backend\node_modules\router\index.js:291:5)[39m
[31m    at Function.handle (C:\Users\Lenovo\Desktop\NewBranch\branch-backend\node_modules\router\index.js:186:3)[39m
[31m    at router (C:\Users\Lenovo\Desktop\NewBranch\branch-backend\node_modules\router\index.js:60:12)[39m
[31m    at Layer.handleRequest (C:\Users\Lenovo\Desktop\NewBranch\branch-backend\node_modules\router\lib\layer.js:152:17)[39m
[31m    at trimPrefix (C:\Users\Lenovo\Desktop\NewBranch\branch-backend\node_modules\router\index.js:342:13)[39m
[2026-09-17 15:41:08:418] [[31merror[39m]: [31mError: Authentication token is missing.[39m
[31m    at auth (C:\Users\Lenovo\Desktop\NewBranch\branch-backend\src\middleware\auth.middleware.ts:36:13)[39m
[31m    at Layer.handleRequest (C:\Users\Lenovo\Desktop\NewBranch\branch-backend\node_modules\router\lib\layer.js:152:17)[39m
[31m    at trimPrefix (C:\Users\Lenovo\Desktop\NewBranch\branch-backend\node_modules\router\index.js:342:13)[39m
[31m    at C:\Users\Lenovo\Desktop\NewBranch\branch-backend\node_modules\router\index.js:297:9[39m
[31m    at processParams (C:\Users\Lenovo\Desktop\NewBranch\branch-backend\node_modules\router\index.js:582:12)[39m
[31m    at next (C:\Users\Lenovo\Desktop\NewBranch\branch-backend\node_modules\router\index.js:291:5)[39m
[31m    at Function.handle (C:\Users\Lenovo\Desktop\NewBranch\branch-backend\node_modules\router\index.js:186:3)[39m
[31m    at router (C:\Users\Lenovo\Desktop\NewBranch\branch-backend\node_modules\router\index.js:60:12)[39m
[31m    at Layer.handleRequest (C:\Users\Lenovo\Desktop\NewBranch\branch-backend\node_modules\router\lib\layer.js:152:17)[39m
[31m    at trimPrefix (C:\Users\Lenovo\Desktop\NewBranch\branch-backend\node_modules\router\index.js:342:13)[39m
[2026-09-17 15:50:16:5016] [[31merror[39m]: [31mPrismaClientKnownRequestError: [39m
[31mInvalid `prisma.arInvoice.findUnique()` invocation in[39m
[31mC:\Users\Lenovo\Desktop\NewBranch\branch-backend\src\modules\ar-invoice\ar-invoice.service.ts:138:44[39m

[31m  135 [39m
[31m  136 /** Get AR Invoice by ID with line items and relations */[39m
[31m  137 public async getArInvoiceById(id: number) {[39m
[31m→ 138   const invoice = await prisma.arInvoice.findUnique([39m
[31mTimed out fetching a new connection from the connection pool. More info: http://pris.ly/d/connection-pool (Current connection pool timeout: 10, connection limit: 21)[39m
[31m    at $n.handleRequestError (C:\Users\Lenovo\Desktop\NewBranch\branch-backend\node_modules\@prisma\client\runtime\library.js:121:7315)[39m
[31m    at $n.handleAndLogRequestError (C:\Users\Lenovo\Desktop\NewBranch\branch-backend\node_modules\@prisma\client\runtime\library.js:121:6623)[39m
[31m    at $n.request (C:\Users\Lenovo\Desktop\NewBranch\branch-backend\node_modules\@prisma\client\runtime\library.js:121:6307)[39m
[31m    at async l (C:\Users\Lenovo\Desktop\NewBranch\branch-backend\node_modules\@prisma\client\runtime\library.js:130:9633)[39m
[31m    at async ArInvoiceService.getArInvoiceById (C:\Users\Lenovo\Desktop\NewBranch\branch-backend\src\modules\ar-invoice\ar-invoice.service.ts:138:21)[39m
[31m    at async getById (C:\Users\Lenovo\Desktop\NewBranch\branch-backend\src\modules\ar-invoice\ar-invoice.controller.ts:30:20)[39m
[2026-09-17 15:57:41:5741] [[31merror[39m]: [31mError: Invalid or expired authentication token.[39m
[31m    at auth (C:\Users\Lenovo\Desktop\NewBranch\branch-backend\src\middleware\auth.middleware.ts:44:13)[39m
[31m    at Layer.handleRequest (C:\Users\Lenovo\Desktop\NewBranch\branch-backend\node_modules\router\lib\layer.js:152:17)[39m
[31m    at trimPrefix (C:\Users\Lenovo\Desktop\NewBranch\branch-backend\node_modules\router\index.js:342:13)[39m
[31m    at C:\Users\Lenovo\Desktop\NewBranch\branch-backend\node_modules\router\index.js:297:9[39m
[31m    at processParams (C:\Users\Lenovo\Desktop\NewBranch\branch-backend\node_modules\router\index.js:582:12)[39m
[31m    at next (C:\Users\Lenovo\Desktop\NewBranch\branch-backend\node_modules\router\index.js:291:5)[39m
[31m    at Function.handle (C:\Users\Lenovo\Desktop\NewBranch\branch-backend\node_modules\router\index.js:186:3)[39m
[31m    at router (C:\Users\Lenovo\Desktop\NewBranch\branch-backend\node_modules\router\index.js:60:12)[39m
[31m    at Layer.handleRequest (C:\Users\Lenovo\Desktop\NewBranch\branch-backend\node_modules\router\lib\layer.js:152:17)[39m
[31m    at trimPrefix (C:\Users\Lenovo\Desktop\NewBranch\branch-backend\node_modules\router\index.js:342:13)[39m
[2026-09-17 16:08:08:88] [[32minfo[39m]: [32mServer is running in development mode on port 8000[39m
[2026-09-17 16:08:17:817] [[32minfo[39m]: [32mServer is running in development mode on port 8000[39m
[2026-09-17 16:36:03:363] [[32minfo[39m]: [32mServer is running in development mode on port 8000[39m
[2026-09-17 16:36:49:3649] [[31merror[39m]: [31mError: Invalid or expired authentication token.[39m
[31m    at auth (C:\Users\Lenovo\Desktop\NewBranch\branch-backend\src\middleware\auth.middleware.ts:44:13)[39m
[31m    at Layer.handleRequest (C:\Users\Lenovo\Desktop\NewBranch\branch-backend\node_modules\router\lib\layer.js:152:17)[39m
[31m    at trimPrefix (C:\Users\Lenovo\Desktop\NewBranch\branch-backend\node_modules\router\index.js:342:13)[39m
[31m    at C:\Users\Lenovo\Desktop\NewBranch\branch-backend\node_modules\router\index.js:297:9[39m
[31m    at processParams (C:\Users\Lenovo\Desktop\NewBranch\branch-backend\node_modules\router\index.js:582:12)[39m
[31m    at next (C:\Users\Lenovo\Desktop\NewBranch\branch-backend\node_modules\router\index.js:291:5)[39m
[31m    at Function.handle (C:\Users\Lenovo\Desktop\NewBranch\branch-backend\node_modules\router\index.js:186:3)[39m
[31m    at router (C:\Users\Lenovo\Desktop\NewBranch\branch-backend\node_modules\router\index.js:60:12)[39m
[31m    at Layer.handleRequest (C:\Users\Lenovo\Desktop\NewBranch\branch-backend\node_modules\router\lib\layer.js:152:17)[39m
[31m    at trimPrefix (C:\Users\Lenovo\Desktop\NewBranch\branch-backend\node_modules\router\index.js:342:13)[39m
[2026-09-17 16:36:49:3649] [[31merror[39m]: [31mError: Invalid or expired authentication token.[39m
[31m    at auth (C:\Users\Lenovo\Desktop\NewBranch\branch-backend\src\middleware\auth.middleware.ts:44:13)[39m
[31m    at Layer.handleRequest (C:\Users\Lenovo\Desktop\NewBranch\branch-backend\node_modules\router\lib\layer.js:152:17)[39m
[31m    at trimPrefix (C:\Users\Lenovo\Desktop\NewBranch\branch-backend\node_modules\router\index.js:342:13)[39m
[31m    at C:\Users\Lenovo\Desktop\NewBranch\branch-backend\node_modules\router\index.js:297:9[39m
[31m    at processParams (C:\Users\Lenovo\Desktop\NewBranch\branch-backend\node_modules\router\index.js:582:12)[39m
[31m    at next (C:\Users\Lenovo\Desktop\NewBranch\branch-backend\node_modules\router\index.js:291:5)[39m
[31m    at Function.handle (C:\Users\Lenovo\Desktop\NewBranch\branch-backend\node_modules\router\index.js:186:3)[39m
[31m    at router (C:\Users\Lenovo\Desktop\NewBranch\branch-backend\node_modules\router\index.js:60:12)[39m
[31m    at Layer.handleRequest (C:\Users\Lenovo\Desktop\NewBranch\branch-backend\node_modules\router\lib\layer.js:152:17)[39m
[31m    at trimPrefix (C:\Users\Lenovo\Desktop\NewBranch\branch-backend\node_modules\router\index.js:342:13)[39m
[2026-09-17 16:36:49:3649] [[31merror[39m]: [31mError: Invalid or expired authentication token.[39m
[31m    at auth (C:\Users\Lenovo\Desktop\NewBranch\branch-backend\src\middleware\auth.middleware.ts:44:13)[39m
[31m    at Layer.handleRequest (C:\Users\Lenovo\Desktop\NewBranch\branch-backend\node_modules\router\lib\layer.js:152:17)[39m
[31m    at trimPrefix (C:\Users\Lenovo\Desktop\NewBranch\branch-backend\node_modules\router\index.js:342:13)[39m
[31m    at C:\Users\Lenovo\Desktop\NewBranch\branch-backend\node_modules\router\index.js:297:9[39m
[31m    at processParams (C:\Users\Lenovo\Desktop\NewBranch\branch-backend\node_modules\router\index.js:582:12)[39m
[31m    at next (C:\Users\Lenovo\Desktop\NewBranch\branch-backend\node_modules\router\index.js:291:5)[39m
[31m    at Function.handle (C:\Users\Lenovo\Desktop\NewBranch\branch-backend\node_modules\router\index.js:186:3)[39m
[31m    at router (C:\Users\Lenovo\Desktop\NewBranch\branch-backend\node_modules\router\index.js:60:12)[39m
[31m    at Layer.handleRequest (C:\Users\Lenovo\Desktop\NewBranch\branch-backend\node_modules\router\lib\layer.js:152:17)[39m
[31m    at trimPrefix (C:\Users\Lenovo\Desktop\NewBranch\branch-backend\node_modules\router\index.js:342:13)[39m
[2026-09-17 16:38:33:3833] [[31merror[39m]: [31mError: Authentication token is missing.[39m
[31m    at auth (C:\Users\Lenovo\Desktop\NewBranch\branch-backend\src\middleware\auth.middleware.ts:36:13)[39m
[31m    at Layer.handleRequest (C:\Users\Lenovo\Desktop\NewBranch\branch-backend\node_modules\router\lib\layer.js:152:17)[39m
[31m    at trimPrefix (C:\Users\Lenovo\Desktop\NewBranch\branch-backend\node_modules\router\index.js:342:13)[39m
[31m    at C:\Users\Lenovo\Desktop\NewBranch\branch-backend\node_modules\router\index.js:297:9[39m
[31m    at processParams (C:\Users\Lenovo\Desktop\NewBranch\branch-backend\node_modules\router\index.js:582:12)[39m
[31m    at next (C:\Users\Lenovo\Desktop\NewBranch\branch-backend\node_modules\router\index.js:291:5)[39m
[31m    at Function.handle (C:\Users\Lenovo\Desktop\NewBranch\branch-backend\node_modules\router\index.js:186:3)[39m
[31m    at router (C:\Users\Lenovo\Desktop\NewBranch\branch-backend\node_modules\router\index.js:60:12)[39m
[31m    at Layer.handleRequest (C:\Users\Lenovo\Desktop\NewBranch\branch-backend\node_modules\router\lib\layer.js:152:17)[39m
[31m    at trimPrefix (C:\Users\Lenovo\Desktop\NewBranch\branch-backend\node_modules\router\index.js:342:13)[39m
[2026-09-17 16:44:17:4417] [[32minfo[39m]: [32mServer is running in development mode on port 8000[39m
[2026-09-17 16:52:33:5233] [[31merror[39m]: [31mError: Invalid or expired authentication token.[39m
[31m    at auth (C:\Users\Lenovo\Desktop\NewBranch\branch-backend\src\middleware\auth.middleware.ts:44:13)[39m
[31m    at Layer.handleRequest (C:\Users\Lenovo\Desktop\NewBranch\branch-backend\node_modules\router\lib\layer.js:152:17)[39m
[31m    at trimPrefix (C:\Users\Lenovo\Desktop\NewBranch\branch-backend\node_modules\router\index.js:342:13)[39m
[31m    at C:\Users\Lenovo\Desktop\NewBranch\branch-backend\node_modules\router\index.js:297:9[39m
[31m    at processParams (C:\Users\Lenovo\Desktop\NewBranch\branch-backend\node_modules\router\index.js:582:12)[39m
[31m    at next (C:\Users\Lenovo\Desktop\NewBranch\branch-backend\node_modules\router\index.js:291:5)[39m
[31m    at Function.handle (C:\Users\Lenovo\Desktop\NewBranch\branch-backend\node_modules\router\index.js:186:3)[39m
[31m    at router (C:\Users\Lenovo\Desktop\NewBranch\branch-backend\node_modules\router\index.js:60:12)[39m
[31m    at Layer.handleRequest (C:\Users\Lenovo\Desktop\NewBranch\branch-backend\node_modules\router\lib\layer.js:152:17)[39m
[31m    at trimPrefix (C:\Users\Lenovo\Desktop\NewBranch\branch-backend\node_modules\router\index.js:342:13)[39m
[2026-09-17 16:52:33:5233] [[31merror[39m]: [31mError: Invalid or expired authentication token.[39m
[31m    at auth (C:\Users\Lenovo\Desktop\NewBranch\branch-backend\src\middleware\auth.middleware.ts:44:13)[39m
[31m    at Layer.handleRequest (C:\Users\Lenovo\Desktop\NewBranch\branch-backend\node_modules\router\lib\layer.js:152:17)[39m
[31m    at trimPrefix (C:\Users\Lenovo\Desktop\NewBranch\branch-backend\node_modules\router\index.js:342:13)[39m
[31m    at C:\Users\Lenovo\Desktop\NewBranch\branch-backend\node_modules\router\index.js:297:9[39m
[31m    at processParams (C:\Users\Lenovo\Desktop\NewBranch\branch-backend\node_modules\router\index.js:582:12)[39m
[31m    at next (C:\Users\Lenovo\Desktop\NewBranch\branch-backend\node_modules\router\index.js:291:5)[39m
[31m    at Function.handle (C:\Users\Lenovo\Desktop\NewBranch\branch-backend\node_modules\router\index.js:186:3)[39m
[31m    at router (C:\Users\Lenovo\Desktop\NewBranch\branch-backend\node_modules\router\index.js:60:12)[39m
[31m    at Layer.handleRequest (C:\Users\Lenovo\Desktop\NewBranch\branch-backend\node_modules\router\lib\layer.js:152:17)[39m
[31m    at trimPrefix (C:\Users\Lenovo\Desktop\NewBranch\branch-backend\node_modules\router\index.js:342:13)[39m
[2026-09-17 16:52:33:5233] [[31merror[39m]: [31mError: Invalid or expired authentication token.[39m
[31m    at auth (C:\Users\Lenovo\Desktop\NewBranch\branch-backend\src\middleware\auth.middleware.ts:44:13)[39m
[31m    at Layer.handleRequest (C:\Users\Lenovo\Desktop\NewBranch\branch-backend\node_modules\router\lib\layer.js:152:17)[39m
[31m    at trimPrefix (C:\Users\Lenovo\Desktop\NewBranch\branch-backend\node_modules\router\index.js:342:13)[39m
[31m    at C:\Users\Lenovo\Desktop\NewBranch\branch-backend\node_modules\router\index.js:297:9[39m
[31m    at processParams (C:\Users\Lenovo\Desktop\NewBranch\branch-backend\node_modules\router\index.js:582:12)[39m
[31m    at next (C:\Users\Lenovo\Desktop\NewBranch\branch-backend\node_modules\router\index.js:291:5)[39m
[31m    at Function.handle (C:\Users\Lenovo\Desktop\NewBranch\branch-backend\node_modules\router\index.js:186:3)[39m
[31m    at router (C:\Users\Lenovo\Desktop\NewBranch\branch-backend\node_modules\router\index.js:60:12)[39m
[31m    at Layer.handleRequest (C:\Users\Lenovo\Desktop\NewBranch\branch-backend\node_modules\router\lib\layer.js:152:17)[39m
[31m    at trimPrefix (C:\Users\Lenovo\Desktop\NewBranch\branch-backend\node_modules\router\index.js:342:13)[39m
[2026-09-17 17:56:07:567] [[31merror[39m]: [31mError: Invalid or expired authentication token.[39m
[31m    at auth (C:\Users\Lenovo\Desktop\NewBranch\branch-backend\src\middleware\auth.middleware.ts:44:13)[39m
[31m    at Layer.handleRequest (C:\Users\Lenovo\Desktop\NewBranch\branch-backend\node_modules\router\lib\layer.js:152:17)[39m
[31m    at trimPrefix (C:\Users\Lenovo\Desktop\NewBranch\branch-backend\node_modules\router\index.js:342:13)[39m
[31m    at C:\Users\Lenovo\Desktop\NewBranch\branch-backend\node_modules\router\index.js:297:9[39m
[31m    at processParams (C:\Users\Lenovo\Desktop\NewBranch\branch-backend\node_modules\router\index.js:582:12)[39m
[31m    at next (C:\Users\Lenovo\Desktop\NewBranch\branch-backend\node_modules\router\index.js:291:5)[39m
[31m    at Function.handle (C:\Users\Lenovo\Desktop\NewBranch\branch-backend\node_modules\router\index.js:186:3)[39m
[31m    at router (C:\Users\Lenovo\Desktop\NewBranch\branch-backend\node_modules\router\index.js:60:12)[39m
[31m    at Layer.handleRequest (C:\Users\Lenovo\Desktop\NewBranch\branch-backend\node_modules\router\lib\layer.js:152:17)[39m
[31m    at trimPrefix (C:\Users\Lenovo\Desktop\NewBranch\branch-backend\node_modules\router\index.js:342:13)[39m
[2026-09-17 17:56:07:567] [[31merror[39m]: [31mError: Invalid or expired authentication token.[39m
[31m    at auth (C:\Users\Lenovo\Desktop\NewBranch\branch-backend\src\middleware\auth.middleware.ts:44:13)[39m
[31m    at Layer.handleRequest (C:\Users\Lenovo\Desktop\NewBranch\branch-backend\node_modules\router\lib\layer.js:152:17)[39m
[31m    at trimPrefix (C:\Users\Lenovo\Desktop\NewBranch\branch-backend\node_modules\router\index.js:342:13)[39m
[31m    at C:\Users\Lenovo\Desktop\NewBranch\branch-backend\node_modules\router\index.js:297:9[39m
[31m    at processParams (C:\Users\Lenovo\Desktop\NewBranch\branch-backend\node_modules\router\index.js:582:12)[39m
[31m    at next (C:\Users\Lenovo\Desktop\NewBranch\branch-backend\node_modules\router\index.js:291:5)[39m
[31m    at Function.handle (C:\Users\Lenovo\Desktop\NewBranch\branch-backend\node_modules\router\index.js:186:3)[39m
[31m    at router (C:\Users\Lenovo\Desktop\NewBranch\branch-backend\node_modules\router\index.js:60:12)[39m
[31m    at Layer.handleRequest (C:\Users\Lenovo\Desktop\NewBranch\branch-backend\node_modules\router\lib\layer.js:152:17)[39m
[31m    at trimPrefix (C:\Users\Lenovo\Desktop\NewBranch\branch-backend\node_modules\router\index.js:342:13)[39m
[2026-09-17 17:56:07:567] [[31merror[39m]: [31mError: Invalid or expired authentication token.[39m
[31m    at auth (C:\Users\Lenovo\Desktop\NewBranch\branch-backend\src\middleware\auth.middleware.ts:44:13)[39m
[31m    at Layer.handleRequest (C:\Users\Lenovo\Desktop\NewBranch\branch-backend\node_modules\router\lib\layer.js:152:17)[39m
[31m    at trimPrefix (C:\Users\Lenovo\Desktop\NewBranch\branch-backend\node_modules\router\index.js:342:13)[39m
[31m    at C:\Users\Lenovo\Desktop\NewBranch\branch-backend\node_modules\router\index.js:297:9[39m
[31m    at processParams (C:\Users\Lenovo\Desktop\NewBranch\branch-backend\node_modules\router\index.js:582:12)[39m
[31m    at next (C:\Users\Lenovo\Desktop\NewBranch\branch-backend\node_modules\router\index.js:291:5)[39m
[31m    at Function.handle (C:\Users\Lenovo\Desktop\NewBranch\branch-backend\node_modules\router\index.js:186:3)[39m
[31m    at router (C:\Users\Lenovo\Desktop\NewBranch\branch-backend\node_modules\router\index.js:60:12)[39m
[31m    at Layer.handleRequest (C:\Users\Lenovo\Desktop\NewBranch\branch-backend\node_modules\router\lib\layer.js:152:17)[39m
[31m    at trimPrefix (C:\Users\Lenovo\Desktop\NewBranch\branch-backend\node_modules\router\index.js:342:13)[39m
[2026-09-18 09:36:39:3639] [[31merror[39m]: [31mError: Invalid or expired authentication token.[39m
[31m    at auth (C:\Users\Lenovo\Desktop\NewBranch\branch-backend\src\middleware\auth.middleware.ts:44:13)[39m
[31m    at Layer.handleRequest (C:\Users\Lenovo\Desktop\NewBranch\branch-backend\node_modules\router\lib\layer.js:152:17)[39m
[31m    at trimPrefix (C:\Users\Lenovo\Desktop\NewBranch\branch-backend\node_modules\router\index.js:342:13)[39m
[31m    at C:\Users\Lenovo\Desktop\NewBranch\branch-backend\node_modules\router\index.js:297:9[39m
[31m    at processParams (C:\Users\Lenovo\Desktop\NewBranch\branch-backend\node_modules\router\index.js:582:12)[39m
[31m    at next (C:\Users\Lenovo\Desktop\NewBranch\branch-backend\node_modules\router\index.js:291:5)[39m
[31m    at Function.handle (C:\Users\Lenovo\Desktop\NewBranch\branch-backend\node_modules\router\index.js:186:3)[39m
[31m    at router (C:\Users\Lenovo\Desktop\NewBranch\branch-backend\node_modules\router\index.js:60:12)[39m
[31m    at Layer.handleRequest (C:\Users\Lenovo\Desktop\NewBranch\branch-backend\node_modules\router\lib\layer.js:152:17)[39m
[31m    at trimPrefix (C:\Users\Lenovo\Desktop\NewBranch\branch-backend\node_modules\router\index.js:342:13)[39m
[2026-09-18 09:36:39:3639] [[31merror[39m]: [31mError: Invalid or expired authentication token.[39m
[31m    at auth (C:\Users\Lenovo\Desktop\NewBranch\branch-backend\src\middleware\auth.middleware.ts:44:13)[39m
[31m    at Layer.handleRequest (C:\Users\Lenovo\Desktop\NewBranch\branch-backend\node_modules\router\lib\layer.js:152:17)[39m
[31m    at trimPrefix (C:\Users\Lenovo\Desktop\NewBranch\branch-backend\node_modules\router\index.js:342:13)[39m
[31m    at C:\Users\Lenovo\Desktop\NewBranch\branch-backend\node_modules\router\index.js:297:9[39m
[31m    at processParams (C:\Users\Lenovo\Desktop\NewBranch\branch-backend\node_modules\router\index.js:582:12)[39m
[31m    at next (C:\Users\Lenovo\Desktop\NewBranch\branch-backend\node_modules\router\index.js:291:5)[39m
[31m    at Function.handle (C:\Users\Lenovo\Desktop\NewBranch\branch-backend\node_modules\router\index.js:186:3)[39m
[31m    at router (C:\Users\Lenovo\Desktop\NewBranch\branch-backend\node_modules\router\index.js:60:12)[39m
[31m    at Layer.handleRequest (C:\Users\Lenovo\Desktop\NewBranch\branch-backend\node_modules\router\lib\layer.js:152:17)[39m
[31m    at trimPrefix (C:\Users\Lenovo\Desktop\NewBranch\branch-backend\node_modules\router\index.js:342:13)[39m
[2026-09-18 09:36:40:3640] [[31merror[39m]: [31mError: Invalid or expired authentication token.[39m
[31m    at auth (C:\Users\Lenovo\Desktop\NewBranch\branch-backend\src\middleware\auth.middleware.ts:44:13)[39m
[31m    at Layer.handleRequest (C:\Users\Lenovo\Desktop\NewBranch\branch-backend\node_modules\router\lib\layer.js:152:17)[39m
[31m    at trimPrefix (C:\Users\Lenovo\Desktop\NewBranch\branch-backend\node_modules\router\index.js:342:13)[39m
[31m    at C:\Users\Lenovo\Desktop\NewBranch\branch-backend\node_modules\router\index.js:297:9[39m
[31m    at processParams (C:\Users\Lenovo\Desktop\NewBranch\branch-backend\node_modules\router\index.js:582:12)[39m
[31m    at next (C:\Users\Lenovo\Desktop\NewBranch\branch-backend\node_modules\router\index.js:291:5)[39m
[31m    at Function.handle (C:\Users\Lenovo\Desktop\NewBranch\branch-backend\node_modules\router\index.js:186:3)[39m
[31m    at router (C:\Users\Lenovo\Desktop\NewBranch\branch-backend\node_modules\router\index.js:60:12)[39m
[31m    at Layer.handleRequest (C:\Users\Lenovo\Desktop\NewBranch\branch-backend\node_modules\router\lib\layer.js:152:17)[39m
[31m    at trimPrefix (C:\Users\Lenovo\Desktop\NewBranch\branch-backend\node_modules\router\index.js:342:13)[39m
[2026-09-18 09:36:49:3649] [[31merror[39m]: [31mError: Invalid or expired authentication token.[39m
[31m    at auth (C:\Users\Lenovo\Desktop\NewBranch\branch-backend\src\middleware\auth.middleware.ts:44:13)[39m
[31m    at Layer.handleRequest (C:\Users\Lenovo\Desktop\NewBranch\branch-backend\node_modules\router\lib\layer.js:152:17)[39m
[31m    at trimPrefix (C:\Users\Lenovo\Desktop\NewBranch\branch-backend\node_modules\router\index.js:342:13)[39m
[31m    at C:\Users\Lenovo\Desktop\NewBranch\branch-backend\node_modules\router\index.js:297:9[39m
[31m    at processParams (C:\Users\Lenovo\Desktop\NewBranch\branch-backend\node_modules\router\index.js:582:12)[39m
[31m    at next (C:\Users\Lenovo\Desktop\NewBranch\branch-backend\node_modules\router\index.js:291:5)[39m
[31m    at Function.handle (C:\Users\Lenovo\Desktop\NewBranch\branch-backend\node_modules\router\index.js:186:3)[39m
[31m    at router (C:\Users\Lenovo\Desktop\NewBranch\branch-backend\node_modules\router\index.js:60:12)[39m
[31m    at Layer.handleRequest (C:\Users\Lenovo\Desktop\NewBranch\branch-backend\node_modules\router\lib\layer.js:152:17)[39m
[31m    at trimPrefix (C:\Users\Lenovo\Desktop\NewBranch\branch-backend\node_modules\router\index.js:342:13)[39m
[2026-09-18 09:36:49:3649] [[31merror[39m]: [31mError: Invalid or expired authentication token.[39m
[31m    at auth (C:\Users\Lenovo\Desktop\NewBranch\branch-backend\src\middleware\auth.middleware.ts:44:13)[39m
[31m    at Layer.handleRequest (C:\Users\Lenovo\Desktop\NewBranch\branch-backend\node_modules\router\lib\layer.js:152:17)[39m
[31m    at trimPrefix (C:\Users\Lenovo\Desktop\NewBranch\branch-backend\node_modules\router\index.js:342:13)[39m
[31m    at C:\Users\Lenovo\Desktop\NewBranch\branch-backend\node_modules\router\index.js:297:9[39m
[31m    at processParams (C:\Users\Lenovo\Desktop\NewBranch\branch-backend\node_modules\router\index.js:582:12)[39m
[31m    at next (C:\Users\Lenovo\Desktop\NewBranch\branch-backend\node_modules\router\index.js:291:5)[39m
[31m    at Function.handle (C:\Users\Lenovo\Desktop\NewBranch\branch-backend\node_modules\router\index.js:186:3)[39m
[31m    at router (C:\Users\Lenovo\Desktop\NewBranch\branch-backend\node_modules\router\index.js:60:12)[39m
[31m    at Layer.handleRequest (C:\Users\Lenovo\Desktop\NewBranch\branch-backend\node_modules\router\lib\layer.js:152:17)[39m
[31m    at trimPrefix (C:\Users\Lenovo\Desktop\NewBranch\branch-backend\node_modules\router\index.js:342:13)[39m
[2026-09-18 09:36:49:3649] [[31merror[39m]: [31mError: Invalid or expired authentication token.[39m
[31m    at auth (C:\Users\Lenovo\Desktop\NewBranch\branch-backend\src\middleware\auth.middleware.ts:44:13)[39m
[31m    at Layer.handleRequest (C:\Users\Lenovo\Desktop\NewBranch\branch-backend\node_modules\router\lib\layer.js:152:17)[39m
[31m    at trimPrefix (C:\Users\Lenovo\Desktop\NewBranch\branch-backend\node_modules\router\index.js:342:13)[39m
[31m    at C:\Users\Lenovo\Desktop\NewBranch\branch-backend\node_modules\router\index.js:297:9[39m
[31m    at processParams (C:\Users\Lenovo\Desktop\NewBranch\branch-backend\node_modules\router\index.js:582:12)[39m
[31m    at next (C:\Users\Lenovo\Desktop\NewBranch\branch-backend\node_modules\router\index.js:291:5)[39m
[31m    at Function.handle (C:\Users\Lenovo\Desktop\NewBranch\branch-backend\node_modules\router\index.js:186:3)[39m
[31m    at router (C:\Users\Lenovo\Desktop\NewBranch\branch-backend\node_modules\router\index.js:60:12)[39m
[31m    at Layer.handleRequest (C:\Users\Lenovo\Desktop\NewBranch\branch-backend\node_modules\router\lib\layer.js:152:17)[39m
[31m    at trimPrefix (C:\Users\Lenovo\Desktop\NewBranch\branch-backend\node_modules\router\index.js:342:13)[39m
[2026-09-18 09:36:50:3650] [[31merror[39m]: [31mPrismaClientKnownRequestError: [39m
[31mInvalid `prisma.users.findUnique()` invocation in[39m
[31mC:\Users\Lenovo\Desktop\NewBranch\branch-backend\src\modules\auth\auth.service.ts:151:37[39m

[31m  148 }[39m
[31m  149 [39m
[31m  150 // Verify user still exists and is active[39m
[31m→ 151 const user = await prisma.users.findUnique([39m
[31mTimed out fetching a new connection from the connection pool. More info: http://pris.ly/d/connection-pool (Current connection pool timeout: 10, connection limit: 21)[39m
[31m    at $n.handleRequestError (C:\Users\Lenovo\Desktop\NewBranch\branch-backend\node_modules\@prisma\client\runtime\library.js:121:7315)[39m
[31m    at $n.handleAndLogRequestError (C:\Users\Lenovo\Desktop\NewBranch\branch-backend\node_modules\@prisma\client\runtime\library.js:121:6623)[39m
[31m    at $n.request (C:\Users\Lenovo\Desktop\NewBranch\branch-backend\node_modules\@prisma\client\runtime\library.js:121:6307)[39m
[31m    at async l (C:\Users\Lenovo\Desktop\NewBranch\branch-backend\node_modules\@prisma\client\runtime\library.js:130:9633)[39m
[31m    at async AuthService.refresh (C:\Users\Lenovo\Desktop\NewBranch\branch-backend\src\modules\auth\auth.service.ts:151:18)[39m
[31m    at async refresh (C:\Users\Lenovo\Desktop\NewBranch\branch-backend\src\modules\auth\auth.controller.ts:55:45)[39m
[2026-09-18 09:36:59:3659] [[31merror[39m]: [31mPrismaClientKnownRequestError: [39m
[31mInvalid `prisma.users.findUnique()` invocation in[39m
[31mC:\Users\Lenovo\Desktop\NewBranch\branch-backend\src\modules\auth\auth.service.ts:151:37[39m

[31m  148 }[39m
[31m  149 [39m
[31m  150 // Verify user still exists and is active[39m
[31m→ 151 const user = await prisma.users.findUnique([39m
[31mTimed out fetching a new connection from the connection pool. More info: http://pris.ly/d/connection-pool (Current connection pool timeout: 10, connection limit: 21)[39m
[31m    at $n.handleRequestError (C:\Users\Lenovo\Desktop\NewBranch\branch-backend\node_modules\@prisma\client\runtime\library.js:121:7315)[39m
[31m    at $n.handleAndLogRequestError (C:\Users\Lenovo\Desktop\NewBranch\branch-backend\node_modules\@prisma\client\runtime\library.js:121:6623)[39m
[31m    at $n.request (C:\Users\Lenovo\Desktop\NewBranch\branch-backend\node_modules\@prisma\client\runtime\library.js:121:6307)[39m
[31m    at async l (C:\Users\Lenovo\Desktop\NewBranch\branch-backend\node_modules\@prisma\client\runtime\library.js:130:9633)[39m
[31m    at async AuthService.refresh (C:\Users\Lenovo\Desktop\NewBranch\branch-backend\src\modules\auth\auth.service.ts:151:18)[39m
[31m    at async refresh (C:\Users\Lenovo\Desktop\NewBranch\branch-backend\src\modules\auth\auth.controller.ts:55:45)[39m
[2026-09-22 11:36:50:3650] [[32minfo[39m]: [32mServer is running in development mode on port 8000[39m
[2026-09-22 11:39:46:3946] [[31merror[39m]: [31mPrismaClientInitializationError: [39m
[31mInvalid `prisma.users.findFirst()` invocation in[39m
[31mC:\Users\Lenovo\Desktop\NewBranch\branch-backend\src\modules\auth\auth.service.ts:69:37[39m

[31m  66   throw new BadRequestError('Email and password are required.');[39m
[31m  67 }[39m
[31m  68 [39m
[31m→ 69 const user = await prisma.users.findFirst([39m
[31mTimed out fetching a new connection from the connection pool. More info: http://pris.ly/d/connection-pool (Current connection pool timeout: 10, connection limit: 21)[39m
[31m    at $n.handleRequestError (C:\Users\Lenovo\Desktop\NewBranch\branch-backend\node_modules\@prisma\client\runtime\library.js:121:7615)[39m
[31m    at $n.handleAndLogRequestError (C:\Users\Lenovo\Desktop\NewBranch\branch-backend\node_modules\@prisma\client\runtime\library.js:121:6623)[39m
[31m    at $n.request (C:\Users\Lenovo\Desktop\NewBranch\branch-backend\node_modules\@prisma\client\runtime\library.js:121:6307)[39m
[31m    at async l (C:\Users\Lenovo\Desktop\NewBranch\branch-backend\node_modules\@prisma\client\runtime\library.js:130:9633)[39m
[31m    at async AuthService.login (C:\Users\Lenovo\Desktop\NewBranch\branch-backend\src\modules\auth\auth.service.ts:69:18)[39m
[31m    at async login (C:\Users\Lenovo\Desktop\NewBranch\branch-backend\src\modules\auth\auth.controller.ts:37:51)[39m
[2026-09-22 11:58:31:5831] [[31merror[39m]: [31mError: Invalid or expired authentication token.[39m
[31m    at auth (C:\Users\Lenovo\Desktop\NewBranch\branch-backend\src\middleware\auth.middleware.ts:44:13)[39m
[31m    at Layer.handleRequest (C:\Users\Lenovo\Desktop\NewBranch\branch-backend\node_modules\router\lib\layer.js:152:17)[39m
[31m    at trimPrefix (C:\Users\Lenovo\Desktop\NewBranch\branch-backend\node_modules\router\index.js:342:13)[39m
[31m    at C:\Users\Lenovo\Desktop\NewBranch\branch-backend\node_modules\router\index.js:297:9[39m
[31m    at processParams (C:\Users\Lenovo\Desktop\NewBranch\branch-backend\node_modules\router\index.js:582:12)[39m
[31m    at next (C:\Users\Lenovo\Desktop\NewBranch\branch-backend\node_modules\router\index.js:291:5)[39m
[31m    at Function.handle (C:\Users\Lenovo\Desktop\NewBranch\branch-backend\node_modules\router\index.js:186:3)[39m
[31m    at router (C:\Users\Lenovo\Desktop\NewBranch\branch-backend\node_modules\router\index.js:60:12)[39m
[31m    at Layer.handleRequest (C:\Users\Lenovo\Desktop\NewBranch\branch-backend\node_modules\router\lib\layer.js:152:17)[39m
[31m    at trimPrefix (C:\Users\Lenovo\Desktop\NewBranch\branch-backend\node_modules\router\index.js:342:13)[39m
[2026-09-22 11:58:31:5831] [[31merror[39m]: [31mError: Invalid or expired authentication token.[39m
[31m    at auth (C:\Users\Lenovo\Desktop\NewBranch\branch-backend\src\middleware\auth.middleware.ts:44:13)[39m
[31m    at Layer.handleRequest (C:\Users\Lenovo\Desktop\NewBranch\branch-backend\node_modules\router\lib\layer.js:152:17)[39m
[31m    at trimPrefix (C:\Users\Lenovo\Desktop\NewBranch\branch-backend\node_modules\router\index.js:342:13)[39m
[31m    at C:\Users\Lenovo\Desktop\NewBranch\branch-backend\node_modules\router\index.js:297:9[39m
[31m    at processParams (C:\Users\Lenovo\Desktop\NewBranch\branch-backend\node_modules\router\index.js:582:12)[39m
[31m    at next (C:\Users\Lenovo\Desktop\NewBranch\branch-backend\node_modules\router\index.js:291:5)[39m
[31m    at Function.handle (C:\Users\Lenovo\Desktop\NewBranch\branch-backend\node_modules\router\index.js:186:3)[39m
[31m    at router (C:\Users\Lenovo\Desktop\NewBranch\branch-backend\node_modules\router\index.js:60:12)[39m
[31m    at Layer.handleRequest (C:\Users\Lenovo\Desktop\NewBranch\branch-backend\node_modules\router\lib\layer.js:152:17)[39m
[31m    at trimPrefix (C:\Users\Lenovo\Desktop\NewBranch\branch-backend\node_modules\router\index.js:342:13)[39m
[2026-09-22 11:58:31:5831] [[31merror[39m]: [31mError: Invalid or expired authentication token.[39m
[31m    at auth (C:\Users\Lenovo\Desktop\NewBranch\branch-backend\src\middleware\auth.middleware.ts:44:13)[39m
[31m    at Layer.handleRequest (C:\Users\Lenovo\Desktop\NewBranch\branch-backend\node_modules\router\lib\layer.js:152:17)[39m
[31m    at trimPrefix (C:\Users\Lenovo\Desktop\NewBranch\branch-backend\node_modules\router\index.js:342:13)[39m
[31m    at C:\Users\Lenovo\Desktop\NewBranch\branch-backend\node_modules\router\index.js:297:9[39m
[31m    at processParams (C:\Users\Lenovo\Desktop\NewBranch\branch-backend\node_modules\router\index.js:582:12)[39m
[31m    at next (C:\Users\Lenovo\Desktop\NewBranch\branch-backend\node_modules\router\index.js:291:5)[39m
[31m    at Function.handle (C:\Users\Lenovo\Desktop\NewBranch\branch-backend\node_modules\router\index.js:186:3)[39m
[31m    at router (C:\Users\Lenovo\Desktop\NewBranch\branch-backend\node_modules\router\index.js:60:12)[39m
[31m    at Layer.handleRequest (C:\Users\Lenovo\Desktop\NewBranch\branch-backend\node_modules\router\lib\layer.js:152:17)[39m
[31m    at trimPrefix (C:\Users\Lenovo\Desktop\NewBranch\branch-backend\node_modules\router\index.js:342:13)[39m
[2026-09-22 14:30:19:3019] [[32minfo[39m]: [32mServer is running in development mode on port 8000[39m
[2026-09-23 09:36:35:3635] [[31merror[39m]: [31mError: Invalid or expired authentication token.[39m
[31m    at auth (C:\Users\Lenovo\Desktop\NewBranch\branch-backend\src\middleware\auth.middleware.ts:44:13)[39m
[31m    at Layer.handleRequest (C:\Users\Lenovo\Desktop\NewBranch\branch-backend\node_modules\router\lib\layer.js:152:17)[39m
[31m    at trimPrefix (C:\Users\Lenovo\Desktop\NewBranch\branch-backend\node_modules\router\index.js:342:13)[39m
[31m    at C:\Users\Lenovo\Desktop\NewBranch\branch-backend\node_modules\router\index.js:297:9[39m
[31m    at processParams (C:\Users\Lenovo\Desktop\NewBranch\branch-backend\node_modules\router\index.js:582:12)[39m
[31m    at next (C:\Users\Lenovo\Desktop\NewBranch\branch-backend\node_modules\router\index.js:291:5)[39m
[31m    at Function.handle (C:\Users\Lenovo\Desktop\NewBranch\branch-backend\node_modules\router\index.js:186:3)[39m
[31m    at router (C:\Users\Lenovo\Desktop\NewBranch\branch-backend\node_modules\router\index.js:60:12)[39m
[31m    at Layer.handleRequest (C:\Users\Lenovo\Desktop\NewBranch\branch-backend\node_modules\router\lib\layer.js:152:17)[39m
[31m    at trimPrefix (C:\Users\Lenovo\Desktop\NewBranch\branch-backend\node_modules\router\index.js:342:13)[39m
[2026-09-23 10:01:27:127] [[31merror[39m]: [31mError: Invalid or expired authentication token.[39m
[31m    at auth (C:\Users\Lenovo\Desktop\NewBranch\branch-backend\src\middleware\auth.middleware.ts:44:13)[39m
[31m    at Layer.handleRequest (C:\Users\Lenovo\Desktop\NewBranch\branch-backend\node_modules\router\lib\layer.js:152:17)[39m
[31m    at trimPrefix (C:\Users\Lenovo\Desktop\NewBranch\branch-backend\node_modules\router\index.js:342:13)[39m
[31m    at C:\Users\Lenovo\Desktop\NewBranch\branch-backend\node_modules\router\index.js:297:9[39m
[31m    at processParams (C:\Users\Lenovo\Desktop\NewBranch\branch-backend\node_modules\router\index.js:582:12)[39m
[31m    at next (C:\Users\Lenovo\Desktop\NewBranch\branch-backend\node_modules\router\index.js:291:5)[39m
[31m    at Function.handle (C:\Users\Lenovo\Desktop\NewBranch\branch-backend\node_modules\router\index.js:186:3)[39m
[31m    at router (C:\Users\Lenovo\Desktop\NewBranch\branch-backend\node_modules\router\index.js:60:12)[39m
[31m    at Layer.handleRequest (C:\Users\Lenovo\Desktop\NewBranch\branch-backend\node_modules\router\lib\layer.js:152:17)[39m
[31m    at trimPrefix (C:\Users\Lenovo\Desktop\NewBranch\branch-backend\node_modules\router\index.js:342:13)[39m
[2026-09-23 10:16:31:1631] [[31merror[39m]: [31mError: Invalid or expired authentication token.[39m
[31m    at auth (C:\Users\Lenovo\Desktop\NewBranch\branch-backend\src\middleware\auth.middleware.ts:44:13)[39m
[31m    at Layer.handleRequest (C:\Users\Lenovo\Desktop\NewBranch\branch-backend\node_modules\router\lib\layer.js:152:17)[39m
[31m    at trimPrefix (C:\Users\Lenovo\Desktop\NewBranch\branch-backend\node_modules\router\index.js:342:13)[39m
[31m    at C:\Users\Lenovo\Desktop\NewBranch\branch-backend\node_modules\router\index.js:297:9[39m
[31m    at processParams (C:\Users\Lenovo\Desktop\NewBranch\branch-backend\node_modules\router\index.js:582:12)[39m
[31m    at next (C:\Users\Lenovo\Desktop\NewBranch\branch-backend\node_modules\router\index.js:291:5)[39m
[31m    at Function.handle (C:\Users\Lenovo\Desktop\NewBranch\branch-backend\node_modules\router\index.js:186:3)[39m
[31m    at router (C:\Users\Lenovo\Desktop\NewBranch\branch-backend\node_modules\router\index.js:60:12)[39m
[31m    at Layer.handleRequest (C:\Users\Lenovo\Desktop\NewBranch\branch-backend\node_modules\router\lib\layer.js:152:17)[39m
[31m    at trimPrefix (C:\Users\Lenovo\Desktop\NewBranch\branch-backend\node_modules\router\index.js:342:13)[39m
[2026-09-23 10:44:44:4444] [[31merror[39m]: [31mError: Invalid or expired authentication token.[39m
[31m    at auth (C:\Users\Lenovo\Desktop\NewBranch\branch-backend\src\middleware\auth.middleware.ts:44:13)[39m
[31m    at Layer.handleRequest (C:\Users\Lenovo\Desktop\NewBranch\branch-backend\node_modules\router\lib\layer.js:152:17)[39m
[31m    at trimPrefix (C:\Users\Lenovo\Desktop\NewBranch\branch-backend\node_modules\router\index.js:342:13)[39m
[31m    at C:\Users\Lenovo\Desktop\NewBranch\branch-backend\node_modules\router\index.js:297:9[39m
[31m    at processParams (C:\Users\Lenovo\Desktop\NewBranch\branch-backend\node_modules\router\index.js:582:12)[39m
[31m    at next (C:\Users\Lenovo\Desktop\NewBranch\branch-backend\node_modules\router\index.js:291:5)[39m
[31m    at Function.handle (C:\Users\Lenovo\Desktop\NewBranch\branch-backend\node_modules\router\index.js:186:3)[39m
[31m    at router (C:\Users\Lenovo\Desktop\NewBranch\branch-backend\node_modules\router\index.js:60:12)[39m
[31m    at Layer.handleRequest (C:\Users\Lenovo\Desktop\NewBranch\branch-backend\node_modules\router\lib\layer.js:152:17)[39m
[31m    at trimPrefix (C:\Users\Lenovo\Desktop\NewBranch\branch-backend\node_modules\router\index.js:342:13)[39m
[2026-09-23 10:59:46:5946] [[31merror[39m]: [31mError: Invalid or expired authentication token.[39m
[31m    at auth (C:\Users\Lenovo\Desktop\NewBranch\branch-backend\src\middleware\auth.middleware.ts:44:13)[39m
[31m    at Layer.handleRequest (C:\Users\Lenovo\Desktop\NewBranch\branch-backend\node_modules\router\lib\layer.js:152:17)[39m
[31m    at trimPrefix (C:\Users\Lenovo\Desktop\NewBranch\branch-backend\node_modules\router\index.js:342:13)[39m
[31m    at C:\Users\Lenovo\Desktop\NewBranch\branch-backend\node_modules\router\index.js:297:9[39m
[31m    at processParams (C:\Users\Lenovo\Desktop\NewBranch\branch-backend\node_modules\router\index.js:582:12)[39m
[31m    at next (C:\Users\Lenovo\Desktop\NewBranch\branch-backend\node_modules\router\index.js:291:5)[39m
[31m    at Function.handle (C:\Users\Lenovo\Desktop\NewBranch\branch-backend\node_modules\router\index.js:186:3)[39m
[31m    at router (C:\Users\Lenovo\Desktop\NewBranch\branch-backend\node_modules\router\index.js:60:12)[39m
[31m    at Layer.handleRequest (C:\Users\Lenovo\Desktop\NewBranch\branch-backend\node_modules\router\lib\layer.js:152:17)[39m
[31m    at trimPrefix (C:\Users\Lenovo\Desktop\NewBranch\branch-backend\node_modules\router\index.js:342:13)[39m
[2026-09-23 11:15:42:1542] [[31merror[39m]: [31mError: Invalid or expired authentication token.[39m
[31m    at auth (C:\Users\Lenovo\Desktop\NewBranch\branch-backend\src\middleware\auth.middleware.ts:44:13)[39m
[31m    at Layer.handleRequest (C:\Users\Lenovo\Desktop\NewBranch\branch-backend\node_modules\router\lib\layer.js:152:17)[39m
[31m    at trimPrefix (C:\Users\Lenovo\Desktop\NewBranch\branch-backend\node_modules\router\index.js:342:13)[39m
[31m    at C:\Users\Lenovo\Desktop\NewBranch\branch-backend\node_modules\router\index.js:297:9[39m
[31m    at processParams (C:\Users\Lenovo\Desktop\NewBranch\branch-backend\node_modules\router\index.js:582:12)[39m
[31m    at next (C:\Users\Lenovo\Desktop\NewBranch\branch-backend\node_modules\router\index.js:291:5)[39m
[31m    at Function.handle (C:\Users\Lenovo\Desktop\NewBranch\branch-backend\node_modules\router\index.js:186:3)[39m
[31m    at router (C:\Users\Lenovo\Desktop\NewBranch\branch-backend\node_modules\router\index.js:60:12)[39m
[31m    at Layer.handleRequest (C:\Users\Lenovo\Desktop\NewBranch\branch-backend\node_modules\router\lib\layer.js:152:17)[39m
[31m    at trimPrefix (C:\Users\Lenovo\Desktop\NewBranch\branch-backend\node_modules\router\index.js:342:13)[39m
[2026-09-23 11:31:28:3128] [[31merror[39m]: [31mError: Invalid or expired authentication token.[39m
[31m    at auth (C:\Users\Lenovo\Desktop\NewBranch\branch-backend\src\middleware\auth.middleware.ts:44:13)[39m
[31m    at Layer.handleRequest (C:\Users\Lenovo\Desktop\NewBranch\branch-backend\node_modules\router\lib\layer.js:152:17)[39m
[31m    at trimPrefix (C:\Users\Lenovo\Desktop\NewBranch\branch-backend\node_modules\router\index.js:342:13)[39m
[31m    at C:\Users\Lenovo\Desktop\NewBranch\branch-backend\node_modules\router\index.js:297:9[39m
[31m    at processParams (C:\Users\Lenovo\Desktop\NewBranch\branch-backend\node_modules\router\index.js:582:12)[39m
[31m    at next (C:\Users\Lenovo\Desktop\NewBranch\branch-backend\node_modules\router\index.js:291:5)[39m
[31m    at Function.handle (C:\Users\Lenovo\Desktop\NewBranch\branch-backend\node_modules\router\index.js:186:3)[39m
[31m    at router (C:\Users\Lenovo\Desktop\NewBranch\branch-backend\node_modules\router\index.js:60:12)[39m
[31m    at Layer.handleRequest (C:\Users\Lenovo\Desktop\NewBranch\branch-backend\node_modules\router\lib\layer.js:152:17)[39m
[31m    at trimPrefix (C:\Users\Lenovo\Desktop\NewBranch\branch-backend\node_modules\router\index.js:342:13)[39m
[2026-09-23 12:38:32:3832] [[31merror[39m]: [31mError: Invalid or expired authentication token.[39m
[31m    at auth (C:\Users\Lenovo\Desktop\NewBranch\branch-backend\src\middleware\auth.middleware.ts:44:13)[39m
[31m    at Layer.handleRequest (C:\Users\Lenovo\Desktop\NewBranch\branch-backend\node_modules\router\lib\layer.js:152:17)[39m
[31m    at trimPrefix (C:\Users\Lenovo\Desktop\NewBranch\branch-backend\node_modules\router\index.js:342:13)[39m
[31m    at C:\Users\Lenovo\Desktop\NewBranch\branch-backend\node_modules\router\index.js:297:9[39m
[31m    at processParams (C:\Users\Lenovo\Desktop\NewBranch\branch-backend\node_modules\router\index.js:582:12)[39m
[31m    at next (C:\Users\Lenovo\Desktop\NewBranch\branch-backend\node_modules\router\index.js:291:5)[39m
[31m    at Function.handle (C:\Users\Lenovo\Desktop\NewBranch\branch-backend\node_modules\router\index.js:186:3)[39m
[31m    at router (C:\Users\Lenovo\Desktop\NewBranch\branch-backend\node_modules\router\index.js:60:12)[39m
[31m    at Layer.handleRequest (C:\Users\Lenovo\Desktop\NewBranch\branch-backend\node_modules\router\lib\layer.js:152:17)[39m
[31m    at trimPrefix (C:\Users\Lenovo\Desktop\NewBranch\branch-backend\node_modules\router\index.js:342:13)[39m
[2026-09-23 12:38:32:3832] [[31merror[39m]: [31mError: Invalid or expired authentication token.[39m
[31m    at auth (C:\Users\Lenovo\Desktop\NewBranch\branch-backend\src\middleware\auth.middleware.ts:44:13)[39m
[31m    at Layer.handleRequest (C:\Users\Lenovo\Desktop\NewBranch\branch-backend\node_modules\router\lib\layer.js:152:17)[39m
[31m    at trimPrefix (C:\Users\Lenovo\Desktop\NewBranch\branch-backend\node_modules\router\index.js:342:13)[39m
[31m    at C:\Users\Lenovo\Desktop\NewBranch\branch-backend\node_modules\router\index.js:297:9[39m
[31m    at processParams (C:\Users\Lenovo\Desktop\NewBranch\branch-backend\node_modules\router\index.js:582:12)[39m
[31m    at next (C:\Users\Lenovo\Desktop\NewBranch\branch-backend\node_modules\router\index.js:291:5)[39m
[31m    at Function.handle (C:\Users\Lenovo\Desktop\NewBranch\branch-backend\node_modules\router\index.js:186:3)[39m
[31m    at router (C:\Users\Lenovo\Desktop\NewBranch\branch-backend\node_modules\router\index.js:60:12)[39m
[31m    at Layer.handleRequest (C:\Users\Lenovo\Desktop\NewBranch\branch-backend\node_modules\router\lib\layer.js:152:17)[39m
[31m    at trimPrefix (C:\Users\Lenovo\Desktop\NewBranch\branch-backend\node_modules\router\index.js:342:13)[39m
[2026-09-23 12:38:32:3832] [[31merror[39m]: [31mError: Invalid or expired authentication token.[39m
[31m    at auth (C:\Users\Lenovo\Desktop\NewBranch\branch-backend\src\middleware\auth.middleware.ts:44:13)[39m
[31m    at Layer.handleRequest (C:\Users\Lenovo\Desktop\NewBranch\branch-backend\node_modules\router\lib\layer.js:152:17)[39m
[31m    at trimPrefix (C:\Users\Lenovo\Desktop\NewBranch\branch-backend\node_modules\router\index.js:342:13)[39m
[31m    at C:\Users\Lenovo\Desktop\NewBranch\branch-backend\node_modules\router\index.js:297:9[39m
[31m    at processParams (C:\Users\Lenovo\Desktop\NewBranch\branch-backend\node_modules\router\index.js:582:12)[39m
[31m    at next (C:\Users\Lenovo\Desktop\NewBranch\branch-backend\node_modules\router\index.js:291:5)[39m
[31m    at Function.handle (C:\Users\Lenovo\Desktop\NewBranch\branch-backend\node_modules\router\index.js:186:3)[39m
[31m    at router (C:\Users\Lenovo\Desktop\NewBranch\branch-backend\node_modules\router\index.js:60:12)[39m
[31m    at Layer.handleRequest (C:\Users\Lenovo\Desktop\NewBranch\branch-backend\node_modules\router\lib\layer.js:152:17)[39m
[31m    at trimPrefix (C:\Users\Lenovo\Desktop\NewBranch\branch-backend\node_modules\router\index.js:342:13)[39m
[2026-09-23 12:38:32:3832] [[31merror[39m]: [31mError: Invalid or expired authentication token.[39m
[31m    at auth (C:\Users\Lenovo\Desktop\NewBranch\branch-backend\src\middleware\auth.middleware.ts:44:13)[39m
[31m    at Layer.handleRequest (C:\Users\Lenovo\Desktop\NewBranch\branch-backend\node_modules\router\lib\layer.js:152:17)[39m
[31m    at trimPrefix (C:\Users\Lenovo\Desktop\NewBranch\branch-backend\node_modules\router\index.js:342:13)[39m
[31m    at C:\Users\Lenovo\Desktop\NewBranch\branch-backend\node_modules\router\index.js:297:9[39m
[31m    at processParams (C:\Users\Lenovo\Desktop\NewBranch\branch-backend\node_modules\router\index.js:582:12)[39m
[31m    at next (C:\Users\Lenovo\Desktop\NewBranch\branch-backend\node_modules\router\index.js:291:5)[39m
[31m    at Function.handle (C:\Users\Lenovo\Desktop\NewBranch\branch-backend\node_modules\router\index.js:186:3)[39m
[31m    at router (C:\Users\Lenovo\Desktop\NewBranch\branch-backend\node_modules\router\index.js:60:12)[39m
[31m    at Layer.handleRequest (C:\Users\Lenovo\Desktop\NewBranch\branch-backend\node_modules\router\lib\layer.js:152:17)[39m
[31m    at trimPrefix (C:\Users\Lenovo\Desktop\NewBranch\branch-backend\node_modules\router\index.js:342:13)[39m
[2026-09-23 12:55:31:5531] [[31merror[39m]: [31mError: Invalid or expired authentication token.[39m
[31m    at auth (C:\Users\Lenovo\Desktop\NewBranch\branch-backend\src\middleware\auth.middleware.ts:44:13)[39m
[31m    at Layer.handleRequest (C:\Users\Lenovo\Desktop\NewBranch\branch-backend\node_modules\router\lib\layer.js:152:17)[39m
[31m    at trimPrefix (C:\Users\Lenovo\Desktop\NewBranch\branch-backend\node_modules\router\index.js:342:13)[39m
[31m    at C:\Users\Lenovo\Desktop\NewBranch\branch-backend\node_modules\router\index.js:297:9[39m
[31m    at processParams (C:\Users\Lenovo\Desktop\NewBranch\branch-backend\node_modules\router\index.js:582:12)[39m
[31m    at next (C:\Users\Lenovo\Desktop\NewBranch\branch-backend\node_modules\router\index.js:291:5)[39m
[31m    at Function.handle (C:\Users\Lenovo\Desktop\NewBranch\branch-backend\node_modules\router\index.js:186:3)[39m
[31m    at router (C:\Users\Lenovo\Desktop\NewBranch\branch-backend\node_modules\router\index.js:60:12)[39m
[31m    at Layer.handleRequest (C:\Users\Lenovo\Desktop\NewBranch\branch-backend\node_modules\router\lib\layer.js:152:17)[39m
[31m    at trimPrefix (C:\Users\Lenovo\Desktop\NewBranch\branch-backend\node_modules\router\index.js:342:13)[39m
[2026-09-23 14:15:33:1533] [[31merror[39m]: [31mError: Invalid or expired authentication token.[39m
[31m    at auth (C:\Users\Lenovo\Desktop\NewBranch\branch-backend\src\middleware\auth.middleware.ts:44:13)[39m
[31m    at Layer.handleRequest (C:\Users\Lenovo\Desktop\NewBranch\branch-backend\node_modules\router\lib\layer.js:152:17)[39m
[31m    at trimPrefix (C:\Users\Lenovo\Desktop\NewBranch\branch-backend\node_modules\router\index.js:342:13)[39m
[31m    at C:\Users\Lenovo\Desktop\NewBranch\branch-backend\node_modules\router\index.js:297:9[39m
[31m    at processParams (C:\Users\Lenovo\Desktop\NewBranch\branch-backend\node_modules\router\index.js:582:12)[39m
[31m    at next (C:\Users\Lenovo\Desktop\NewBranch\branch-backend\node_modules\router\index.js:291:5)[39m
[31m    at Function.handle (C:\Users\Lenovo\Desktop\NewBranch\branch-backend\node_modules\router\index.js:186:3)[39m
[31m    at router (C:\Users\Lenovo\Desktop\NewBranch\branch-backend\node_modules\router\index.js:60:12)[39m
[31m    at Layer.handleRequest (C:\Users\Lenovo\Desktop\NewBranch\branch-backend\node_modules\router\lib\layer.js:152:17)[39m
[31m    at trimPrefix (C:\Users\Lenovo\Desktop\NewBranch\branch-backend\node_modules\router\index.js:342:13)[39m
[2026-09-23 15:18:49:1849] [[31merror[39m]: [31mError: Invalid or expired authentication token.[39m
[31m    at auth (C:\Users\Lenovo\Desktop\NewBranch\branch-backend\src\middleware\auth.middleware.ts:44:13)[39m
[31m    at Layer.handleRequest (C:\Users\Lenovo\Desktop\NewBranch\branch-backend\node_modules\router\lib\layer.js:152:17)[39m
[31m    at trimPrefix (C:\Users\Lenovo\Desktop\NewBranch\branch-backend\node_modules\router\index.js:342:13)[39m
[31m    at C:\Users\Lenovo\Desktop\NewBranch\branch-backend\node_modules\router\index.js:297:9[39m
[31m    at processParams (C:\Users\Lenovo\Desktop\NewBranch\branch-backend\node_modules\router\index.js:582:12)[39m
[31m    at next (C:\Users\Lenovo\Desktop\NewBranch\branch-backend\node_modules\router\index.js:291:5)[39m
[31m    at Function.handle (C:\Users\Lenovo\Desktop\NewBranch\branch-backend\node_modules\router\index.js:186:3)[39m
[31m    at router (C:\Users\Lenovo\Desktop\NewBranch\branch-backend\node_modules\router\index.js:60:12)[39m
[31m    at Layer.handleRequest (C:\Users\Lenovo\Desktop\NewBranch\branch-backend\node_modules\router\lib\layer.js:152:17)[39m
[31m    at trimPrefix (C:\Users\Lenovo\Desktop\NewBranch\branch-backend\node_modules\router\index.js:342:13)[39m
[2026-09-23 15:18:49:1849] [[31merror[39m]: [31mError: Invalid or expired authentication token.[39m
[31m    at auth (C:\Users\Lenovo\Desktop\NewBranch\branch-backend\src\middleware\auth.middleware.ts:44:13)[39m
[31m    at Layer.handleRequest (C:\Users\Lenovo\Desktop\NewBranch\branch-backend\node_modules\router\lib\layer.js:152:17)[39m
[31m    at trimPrefix (C:\Users\Lenovo\Desktop\NewBranch\branch-backend\node_modules\router\index.js:342:13)[39m
[31m    at C:\Users\Lenovo\Desktop\NewBranch\branch-backend\node_modules\router\index.js:297:9[39m
[31m    at processParams (C:\Users\Lenovo\Desktop\NewBranch\branch-backend\node_modules\router\index.js:582:12)[39m
[31m    at next (C:\Users\Lenovo\Desktop\NewBranch\branch-backend\node_modules\router\index.js:291:5)[39m
[31m    at Function.handle (C:\Users\Lenovo\Desktop\NewBranch\branch-backend\node_modules\router\index.js:186:3)[39m
[31m    at router (C:\Users\Lenovo\Desktop\NewBranch\branch-backend\node_modules\router\index.js:60:12)[39m
[31m    at Layer.handleRequest (C:\Users\Lenovo\Desktop\NewBranch\branch-backend\node_modules\router\lib\layer.js:152:17)[39m
[31m    at trimPrefix (C:\Users\Lenovo\Desktop\NewBranch\branch-backend\node_modules\router\index.js:342:13)[39m
[2026-09-23 15:18:49:1849] [[31merror[39m]: [31mError: Invalid or expired authentication token.[39m
[31m    at auth (C:\Users\Lenovo\Desktop\NewBranch\branch-backend\src\middleware\auth.middleware.ts:44:13)[39m
[31m    at Layer.handleRequest (C:\Users\Lenovo\Desktop\NewBranch\branch-backend\node_modules\router\lib\layer.js:152:17)[39m
[31m    at trimPrefix (C:\Users\Lenovo\Desktop\NewBranch\branch-backend\node_modules\router\index.js:342:13)[39m
[31m    at C:\Users\Lenovo\Desktop\NewBranch\branch-backend\node_modules\router\index.js:297:9[39m
[31m    at processParams (C:\Users\Lenovo\Desktop\NewBranch\branch-backend\node_modules\router\index.js:582:12)[39m
[31m    at next (C:\Users\Lenovo\Desktop\NewBranch\branch-backend\node_modules\router\index.js:291:5)[39m
[31m    at Function.handle (C:\Users\Lenovo\Desktop\NewBranch\branch-backend\node_modules\router\index.js:186:3)[39m
[31m    at router (C:\Users\Lenovo\Desktop\NewBranch\branch-backend\node_modules\router\index.js:60:12)[39m
[31m    at Layer.handleRequest (C:\Users\Lenovo\Desktop\NewBranch\branch-backend\node_modules\router\lib\layer.js:152:17)[39m
[31m    at trimPrefix (C:\Users\Lenovo\Desktop\NewBranch\branch-backend\node_modules\router\index.js:342:13)[39m
[2026-09-23 15:18:49:1849] [[31merror[39m]: [31mError: Invalid or expired authentication token.[39m
[31m    at auth (C:\Users\Lenovo\Desktop\NewBranch\branch-backend\src\middleware\auth.middleware.ts:44:13)[39m
[31m    at Layer.handleRequest (C:\Users\Lenovo\Desktop\NewBranch\branch-backend\node_modules\router\lib\layer.js:152:17)[39m
[31m    at trimPrefix (C:\Users\Lenovo\Desktop\NewBranch\branch-backend\node_modules\router\index.js:342:13)[39m
[31m    at C:\Users\Lenovo\Desktop\NewBranch\branch-backend\node_modules\router\index.js:297:9[39m
[31m    at processParams (C:\Users\Lenovo\Desktop\NewBranch\branch-backend\node_modules\router\index.js:582:12)[39m
[31m    at next (C:\Users\Lenovo\Desktop\NewBranch\branch-backend\node_modules\router\index.js:291:5)[39m
[31m    at Function.handle (C:\Users\Lenovo\Desktop\NewBranch\branch-backend\node_modules\router\index.js:186:3)[39m
[31m    at router (C:\Users\Lenovo\Desktop\NewBranch\branch-backend\node_modules\router\index.js:60:12)[39m
[31m    at Layer.handleRequest (C:\Users\Lenovo\Desktop\NewBranch\branch-backend\node_modules\router\lib\layer.js:152:17)[39m
[31m    at trimPrefix (C:\Users\Lenovo\Desktop\NewBranch\branch-backend\node_modules\router\index.js:342:13)[39m
[2026-09-23 15:18:49:1849] [[31merror[39m]: [31mError: Invalid or expired authentication token.[39m
[31m    at auth (C:\Users\Lenovo\Desktop\NewBranch\branch-backend\src\middleware\auth.middleware.ts:44:13)[39m
[31m    at Layer.handleRequest (C:\Users\Lenovo\Desktop\NewBranch\branch-backend\node_modules\router\lib\layer.js:152:17)[39m
[31m    at trimPrefix (C:\Users\Lenovo\Desktop\NewBranch\branch-backend\node_modules\router\index.js:342:13)[39m
[31m    at C:\Users\Lenovo\Desktop\NewBranch\branch-backend\node_modules\router\index.js:297:9[39m
[31m    at processParams (C:\Users\Lenovo\Desktop\NewBranch\branch-backend\node_modules\router\index.js:582:12)[39m
[31m    at next (C:\Users\Lenovo\Desktop\NewBranch\branch-backend\node_modules\router\index.js:291:5)[39m
[31m    at Function.handle (C:\Users\Lenovo\Desktop\NewBranch\branch-backend\node_modules\router\index.js:186:3)[39m
[31m    at router (C:\Users\Lenovo\Desktop\NewBranch\branch-backend\node_modules\router\index.js:60:12)[39m
[31m    at Layer.handleRequest (C:\Users\Lenovo\Desktop\NewBranch\branch-backend\node_modules\router\lib\layer.js:152:17)[39m
[31m    at trimPrefix (C:\Users\Lenovo\Desktop\NewBranch\branch-backend\node_modules\router\index.js:342:13)[39m
[2026-09-23 15:18:49:1849] [[31merror[39m]: [31mError: Invalid or expired authentication token.[39m
[31m    at auth (C:\Users\Lenovo\Desktop\NewBranch\branch-backend\src\middleware\auth.middleware.ts:44:13)[39m
[31m    at Layer.handleRequest (C:\Users\Lenovo\Desktop\NewBranch\branch-backend\node_modules\router\lib\layer.js:152:17)[39m
[31m    at trimPrefix (C:\Users\Lenovo\Desktop\NewBranch\branch-backend\node_modules\router\index.js:342:13)[39m
[31m    at C:\Users\Lenovo\Desktop\NewBranch\branch-backend\node_modules\router\index.js:297:9[39m
[31m    at processParams (C:\Users\Lenovo\Desktop\NewBranch\branch-backend\node_modules\router\index.js:582:12)[39m
[31m    at next (C:\Users\Lenovo\Desktop\NewBranch\branch-backend\node_modules\router\index.js:291:5)[39m
[31m    at Function.handle (C:\Users\Lenovo\Desktop\NewBranch\branch-backend\node_modules\router\index.js:186:3)[39m
[31m    at router (C:\Users\Lenovo\Desktop\NewBranch\branch-backend\node_modules\router\index.js:60:12)[39m
[31m    at Layer.handleRequest (C:\Users\Lenovo\Desktop\NewBranch\branch-backend\node_modules\router\lib\layer.js:152:17)[39m
[31m    at trimPrefix (C:\Users\Lenovo\Desktop\NewBranch\branch-backend\node_modules\router\index.js:342:13)[39m
[2026-09-23 15:18:49:1849] [[31merror[39m]: [31mError: Invalid or expired authentication token.[39m
[31m    at auth (C:\Users\Lenovo\Desktop\NewBranch\branch-backend\src\middleware\auth.middleware.ts:44:13)[39m
[31m    at Layer.handleRequest (C:\Users\Lenovo\Desktop\NewBranch\branch-backend\node_modules\router\lib\layer.js:152:17)[39m
[31m    at trimPrefix (C:\Users\Lenovo\Desktop\NewBranch\branch-backend\node_modules\router\index.js:342:13)[39m
[31m    at C:\Users\Lenovo\Desktop\NewBranch\branch-backend\node_modules\router\index.js:297:9[39m
[31m    at processParams (C:\Users\Lenovo\Desktop\NewBranch\branch-backend\node_modules\router\index.js:582:12)[39m
[31m    at next (C:\Users\Lenovo\Desktop\NewBranch\branch-backend\node_modules\router\index.js:291:5)[39m
[31m    at Function.handle (C:\Users\Lenovo\Desktop\NewBranch\branch-backend\node_modules\router\index.js:186:3)[39m
[31m    at router (C:\Users\Lenovo\Desktop\NewBranch\branch-backend\node_modules\router\index.js:60:12)[39m
[31m    at Layer.handleRequest (C:\Users\Lenovo\Desktop\NewBranch\branch-backend\node_modules\router\lib\layer.js:152:17)[39m
[31m    at trimPrefix (C:\Users\Lenovo\Desktop\NewBranch\branch-backend\node_modules\router\index.js:342:13)[39m
[2026-09-23 15:54:48:5448] [[31merror[39m]: [31mError: Invalid or expired authentication token.[39m
[31m    at auth (C:\Users\Lenovo\Desktop\NewBranch\branch-backend\src\middleware\auth.middleware.ts:44:13)[39m
[31m    at Layer.handleRequest (C:\Users\Lenovo\Desktop\NewBranch\branch-backend\node_modules\router\lib\layer.js:152:17)[39m
[31m    at trimPrefix (C:\Users\Lenovo\Desktop\NewBranch\branch-backend\node_modules\router\index.js:342:13)[39m
[31m    at C:\Users\Lenovo\Desktop\NewBranch\branch-backend\node_modules\router\index.js:297:9[39m
[31m    at processParams (C:\Users\Lenovo\Desktop\NewBranch\branch-backend\node_modules\router\index.js:582:12)[39m
[31m    at next (C:\Users\Lenovo\Desktop\NewBranch\branch-backend\node_modules\router\index.js:291:5)[39m
[31m    at Function.handle (C:\Users\Lenovo\Desktop\NewBranch\branch-backend\node_modules\router\index.js:186:3)[39m
[31m    at router (C:\Users\Lenovo\Desktop\NewBranch\branch-backend\node_modules\router\index.js:60:12)[39m
[31m    at Layer.handleRequest (C:\Users\Lenovo\Desktop\NewBranch\branch-backend\node_modules\router\lib\layer.js:152:17)[39m
[31m    at trimPrefix (C:\Users\Lenovo\Desktop\NewBranch\branch-backend\node_modules\router\index.js:342:13)[39m
[2026-09-23 16:16:10:1610] [[31merror[39m]: [31mError: Invalid or expired authentication token.[39m
[31m    at auth (C:\Users\Lenovo\Desktop\NewBranch\branch-backend\src\middleware\auth.middleware.ts:44:13)[39m
[31m    at Layer.handleRequest (C:\Users\Lenovo\Desktop\NewBranch\branch-backend\node_modules\router\lib\layer.js:152:17)[39m
[31m    at trimPrefix (C:\Users\Lenovo\Desktop\NewBranch\branch-backend\node_modules\router\index.js:342:13)[39m
[31m    at C:\Users\Lenovo\Desktop\NewBranch\branch-backend\node_modules\router\index.js:297:9[39m
[31m    at processParams (C:\Users\Lenovo\Desktop\NewBranch\branch-backend\node_modules\router\index.js:582:12)[39m
[31m    at next (C:\Users\Lenovo\Desktop\NewBranch\branch-backend\node_modules\router\index.js:291:5)[39m
[31m    at Function.handle (C:\Users\Lenovo\Desktop\NewBranch\branch-backend\node_modules\router\index.js:186:3)[39m
[31m    at router (C:\Users\Lenovo\Desktop\NewBranch\branch-backend\node_modules\router\index.js:60:12)[39m
[31m    at Layer.handleRequest (C:\Users\Lenovo\Desktop\NewBranch\branch-backend\node_modules\router\lib\layer.js:152:17)[39m
[31m    at trimPrefix (C:\Users\Lenovo\Desktop\NewBranch\branch-backend\node_modules\router\index.js:342:13)[39m
[2026-09-23 16:26:17:2617] [[31merror[39m]: [31mError: Invalid email or password.[39m
[31m    at AuthService.login (C:\Users\Lenovo\Desktop\NewBranch\branch-backend\src\modules\auth\auth.service.ts:79:13)[39m
[31m    at async login (C:\Users\Lenovo\Desktop\NewBranch\branch-backend\src\modules\auth\auth.controller.ts:37:51)[39m
[2026-09-23 16:26:17:2617] [[31merror[39m]: [31mError: Refresh token is missing.[39m
[31m    at AuthService.refresh (C:\Users\Lenovo\Desktop\NewBranch\branch-backend\src\modules\auth\auth.service.ts:127:13)[39m
[31m    at refresh (C:\Users\Lenovo\Desktop\NewBranch\branch-backend\src\modules\auth\auth.controller.ts:55:63)[39m
[31m    at Layer.handleRequest (C:\Users\Lenovo\Desktop\NewBranch\branch-backend\node_modules\router\lib\layer.js:152:17)[39m
[31m    at next (C:\Users\Lenovo\Desktop\NewBranch\branch-backend\node_modules\router\lib\route.js:157:13)[39m
[31m    at Route.dispatch (C:\Users\Lenovo\Desktop\NewBranch\branch-backend\node_modules\router\lib\route.js:117:3)[39m
[31m    at handle (C:\Users\Lenovo\Desktop\NewBranch\branch-backend\node_modules\router\index.js:435:11)[39m
[31m    at Layer.handleRequest (C:\Users\Lenovo\Desktop\NewBranch\branch-backend\node_modules\router\lib\layer.js:152:17)[39m
[31m    at C:\Users\Lenovo\Desktop\NewBranch\branch-backend\node_modules\router\index.js:295:15[39m
[31m    at processParams (C:\Users\Lenovo\Desktop\NewBranch\branch-backend\node_modules\router\index.js:582:12)[39m
[31m    at next (C:\Users\Lenovo\Desktop\NewBranch\branch-backend\node_modules\router\index.js:291:5)[39m
[2026-09-23 16:26:50:2650] [[31merror[39m]: [31mError: Invalid email or password.[39m
[31m    at AuthService.login (C:\Users\Lenovo\Desktop\NewBranch\branch-backend\src\modules\auth\auth.service.ts:79:13)[39m
[31m    at async login (C:\Users\Lenovo\Desktop\NewBranch\branch-backend\src\modules\auth\auth.controller.ts:37:51)[39m
[2026-09-23 16:26:50:2650] [[31merror[39m]: [31mError: Refresh token is missing.[39m
[31m    at AuthService.refresh (C:\Users\Lenovo\Desktop\NewBranch\branch-backend\src\modules\auth\auth.service.ts:127:13)[39m
[31m    at refresh (C:\Users\Lenovo\Desktop\NewBranch\branch-backend\src\modules\auth\auth.controller.ts:55:63)[39m
[31m    at Layer.handleRequest (C:\Users\Lenovo\Desktop\NewBranch\branch-backend\node_modules\router\lib\layer.js:152:17)[39m
[31m    at next (C:\Users\Lenovo\Desktop\NewBranch\branch-backend\node_modules\router\lib\route.js:157:13)[39m
[31m    at Route.dispatch (C:\Users\Lenovo\Desktop\NewBranch\branch-backend\node_modules\router\lib\route.js:117:3)[39m
[31m    at handle (C:\Users\Lenovo\Desktop\NewBranch\branch-backend\node_modules\router\index.js:435:11)[39m
[31m    at Layer.handleRequest (C:\Users\Lenovo\Desktop\NewBranch\branch-backend\node_modules\router\lib\layer.js:152:17)[39m
[31m    at C:\Users\Lenovo\Desktop\NewBranch\branch-backend\node_modules\router\index.js:295:15[39m
[31m    at processParams (C:\Users\Lenovo\Desktop\NewBranch\branch-backend\node_modules\router\index.js:582:12)[39m
[31m    at next (C:\Users\Lenovo\Desktop\NewBranch\branch-backend\node_modules\router\index.js:291:5)[39m
[2026-09-23 16:38:24:3824] [[31merror[39m]: [31mZodError: [[39m
[31m  {[39m
[31m    "origin": "string",[39m
[31m    "code": "invalid_format",[39m
[31m    "format": "email",[39m
[31m    "pattern": "/^(?!\\.)(?!.*\\.\\.)([A-Za-z0-9_'+\\-\\.]*)[A-Za-z0-9_+-]@([A-Za-z0-9][A-Za-z0-9\\-]*\\.)+[A-Za-z]{2,}$/",[39m
[31m    "path": [[39m
[31m      "body",[39m
[31m      "email"[39m
[31m    ],[39m
[31m    "message": "Invalid email address"[39m
[31m  }[39m
[31m][39m
[31m    at <anonymous> (C:\Users\Lenovo\Desktop\NewBranch\branch-backend\src\middleware\validate.middleware.ts:7:35)[39m
[31m    at Layer.handleRequest (C:\Users\Lenovo\Desktop\NewBranch\branch-backend\node_modules\router\lib\layer.js:152:17)[39m
[31m    at next (C:\Users\Lenovo\Desktop\NewBranch\branch-backend\node_modules\router\lib\route.js:157:13)[39m
[31m    at file:///C:/Users/Lenovo/Desktop/NewBranch/branch-backend/node_modules/express-rate-limit/dist/index.mjs:970:7[39m
[31m    at process.processTicksAndRejections (node:internal/process/task_queues:105:5)[39m
[31m    at async file:///C:/Users/Lenovo/Desktop/NewBranch/branch-backend/node_modules/express-rate-limit/dist/index.mjs:825:5[39m
[2026-09-23 16:38:37:3837] [[31merror[39m]: [31mError: Invalid email or password.[39m
[31m    at AuthService.login (C:\Users\Lenovo\Desktop\NewBranch\branch-backend\src\modules\auth\auth.service.ts:79:13)[39m
[31m    at async login (C:\Users\Lenovo\Desktop\NewBranch\branch-backend\src\modules\auth\auth.controller.ts:37:51)[39m
[2026-09-23 16:54:55:5455] [[31merror[39m]: [31mError: Invalid or expired authentication token.[39m
[31m    at auth (C:\Users\Lenovo\Desktop\NewBranch\branch-backend\src\middleware\auth.middleware.ts:44:13)[39m
[31m    at Layer.handleRequest (C:\Users\Lenovo\Desktop\NewBranch\branch-backend\node_modules\router\lib\layer.js:152:17)[39m
[31m    at trimPrefix (C:\Users\Lenovo\Desktop\NewBranch\branch-backend\node_modules\router\index.js:342:13)[39m
[31m    at C:\Users\Lenovo\Desktop\NewBranch\branch-backend\node_modules\router\index.js:297:9[39m
[31m    at processParams (C:\Users\Lenovo\Desktop\NewBranch\branch-backend\node_modules\router\index.js:582:12)[39m
[31m    at next (C:\Users\Lenovo\Desktop\NewBranch\branch-backend\node_modules\router\index.js:291:5)[39m
[31m    at Function.handle (C:\Users\Lenovo\Desktop\NewBranch\branch-backend\node_modules\router\index.js:186:3)[39m
[31m    at router (C:\Users\Lenovo\Desktop\NewBranch\branch-backend\node_modules\router\index.js:60:12)[39m
[31m    at Layer.handleRequest (C:\Users\Lenovo\Desktop\NewBranch\branch-backend\node_modules\router\lib\layer.js:152:17)[39m
[31m    at trimPrefix (C:\Users\Lenovo\Desktop\NewBranch\branch-backend\node_modules\router\index.js:342:13)[39m
[2026-09-23 17:10:00:100] [[31merror[39m]: [31mError: Invalid or expired authentication token.[39m
[31m    at auth (C:\Users\Lenovo\Desktop\NewBranch\branch-backend\src\middleware\auth.middleware.ts:44:13)[39m
[31m    at Layer.handleRequest (C:\Users\Lenovo\Desktop\NewBranch\branch-backend\node_modules\router\lib\layer.js:152:17)[39m
[31m    at trimPrefix (C:\Users\Lenovo\Desktop\NewBranch\branch-backend\node_modules\router\index.js:342:13)[39m
[31m    at C:\Users\Lenovo\Desktop\NewBranch\branch-backend\node_modules\router\index.js:297:9[39m
[31m    at processParams (C:\Users\Lenovo\Desktop\NewBranch\branch-backend\node_modules\router\index.js:582:12)[39m
[31m    at next (C:\Users\Lenovo\Desktop\NewBranch\branch-backend\node_modules\router\index.js:291:5)[39m
[31m    at Function.handle (C:\Users\Lenovo\Desktop\NewBranch\branch-backend\node_modules\router\index.js:186:3)[39m
[31m    at router (C:\Users\Lenovo\Desktop\NewBranch\branch-backend\node_modules\router\index.js:60:12)[39m
[31m    at Layer.handleRequest (C:\Users\Lenovo\Desktop\NewBranch\branch-backend\node_modules\router\lib\layer.js:152:17)[39m
[31m    at trimPrefix (C:\Users\Lenovo\Desktop\NewBranch\branch-backend\node_modules\router\index.js:342:13)[39m
[2026-09-23 17:23:27:2327] [[32minfo[39m]: [32mServer is running in development mode on port 8000[39m
[2026-09-25 10:27:20:2720] [[32minfo[39m]: [32mServer is running in development mode on port 8000[39m
[2026-09-28 10:05:38:538] [[32minfo[39m]: [32mServer is running in development mode on port 8000[39m
[2026-09-28 10:12:58:1258] [[31merror[39m]: [31mError: Authentication token is missing.[39m
[31m    at auth (C:\Users\Lenovo\Desktop\NewBranch\branch-backend\src\middleware\auth.middleware.ts:36:13)[39m
[31m    at Layer.handleRequest (C:\Users\Lenovo\Desktop\NewBranch\branch-backend\node_modules\router\lib\layer.js:152:17)[39m
[31m    at trimPrefix (C:\Users\Lenovo\Desktop\NewBranch\branch-backend\node_modules\router\index.js:342:13)[39m
[31m    at C:\Users\Lenovo\Desktop\NewBranch\branch-backend\node_modules\router\index.js:297:9[39m
[31m    at processParams (C:\Users\Lenovo\Desktop\NewBranch\branch-backend\node_modules\router\index.js:582:12)[39m
[31m    at next (C:\Users\Lenovo\Desktop\NewBranch\branch-backend\node_modules\router\index.js:291:5)[39m
[31m    at Function.handle (C:\Users\Lenovo\Desktop\NewBranch\branch-backend\node_modules\router\index.js:186:3)[39m
[31m    at router (C:\Users\Lenovo\Desktop\NewBranch\branch-backend\node_modules\router\index.js:60:12)[39m
[31m    at Layer.handleRequest (C:\Users\Lenovo\Desktop\NewBranch\branch-backend\node_modules\router\lib\layer.js:152:17)[39m
[31m    at trimPrefix (C:\Users\Lenovo\Desktop\NewBranch\branch-backend\node_modules\router\index.js:342:13)[39m
[2026-09-28 10:12:58:1258] [[31merror[39m]: [31mError: Refresh token is missing.[39m
[31m    at AuthService.refresh (C:\Users\Lenovo\Desktop\NewBranch\branch-backend\src\modules\auth\auth.service.ts:127:13)[39m
[31m    at refresh (C:\Users\Lenovo\Desktop\NewBranch\branch-backend\src\modules\auth\auth.controller.ts:55:63)[39m
[31m    at Layer.handleRequest (C:\Users\Lenovo\Desktop\NewBranch\branch-backend\node_modules\router\lib\layer.js:152:17)[39m
[31m    at next (C:\Users\Lenovo\Desktop\NewBranch\branch-backend\node_modules\router\lib\route.js:157:13)[39m
[31m    at Route.dispatch (C:\Users\Lenovo\Desktop\NewBranch\branch-backend\node_modules\router\lib\route.js:117:3)[39m
[31m    at handle (C:\Users\Lenovo\Desktop\NewBranch\branch-backend\node_modules\router\index.js:435:11)[39m
[31m    at Layer.handleRequest (C:\Users\Lenovo\Desktop\NewBranch\branch-backend\node_modules\router\lib\layer.js:152:17)[39m
[31m    at C:\Users\Lenovo\Desktop\NewBranch\branch-backend\node_modules\router\index.js:295:15[39m
[31m    at processParams (C:\Users\Lenovo\Desktop\NewBranch\branch-backend\node_modules\router\index.js:582:12)[39m
[31m    at next (C:\Users\Lenovo\Desktop\NewBranch\branch-backend\node_modules\router\index.js:291:5)[39m
[2026-09-28 12:35:20:3520] [[32minfo[39m]: [32mServer is running in development mode on port 8000[39m
[2026-09-28 12:35:54:3554] [[31merror[39m]: [31mError: Authentication token is missing.[39m
[31m    at auth (C:\Users\Lenovo\Desktop\NewBranch\branch-backend\src\middleware\auth.middleware.ts:36:13)[39m
[31m    at Layer.handleRequest (C:\Users\Lenovo\Desktop\NewBranch\branch-backend\node_modules\router\lib\layer.js:152:17)[39m
[31m    at trimPrefix (C:\Users\Lenovo\Desktop\NewBranch\branch-backend\node_modules\router\index.js:342:13)[39m
[31m    at C:\Users\Lenovo\Desktop\NewBranch\branch-backend\node_modules\router\index.js:297:9[39m
[31m    at processParams (C:\Users\Lenovo\Desktop\NewBranch\branch-backend\node_modules\router\index.js:582:12)[39m
[31m    at next (C:\Users\Lenovo\Desktop\NewBranch\branch-backend\node_modules\router\index.js:291:5)[39m
[31m    at Function.handle (C:\Users\Lenovo\Desktop\NewBranch\branch-backend\node_modules\router\index.js:186:3)[39m
[31m    at router (C:\Users\Lenovo\Desktop\NewBranch\branch-backend\node_modules\router\index.js:60:12)[39m
[31m    at Layer.handleRequest (C:\Users\Lenovo\Desktop\NewBranch\branch-backend\node_modules\router\lib\layer.js:152:17)[39m
[31m    at trimPrefix (C:\Users\Lenovo\Desktop\NewBranch\branch-backend\node_modules\router\index.js:342:13)[39m
[2026-09-28 12:53:42:5342] [[31merror[39m]: [31mError: Invalid or expired authentication token.[39m
[31m    at auth (C:\Users\Lenovo\Desktop\NewBranch\branch-backend\src\middleware\auth.middleware.ts:44:13)[39m
[31m    at Layer.handleRequest (C:\Users\Lenovo\Desktop\NewBranch\branch-backend\node_modules\router\lib\layer.js:152:17)[39m
[31m    at trimPrefix (C:\Users\Lenovo\Desktop\NewBranch\branch-backend\node_modules\router\index.js:342:13)[39m
[31m    at C:\Users\Lenovo\Desktop\NewBranch\branch-backend\node_modules\router\index.js:297:9[39m
[31m    at processParams (C:\Users\Lenovo\Desktop\NewBranch\branch-backend\node_modules\router\index.js:582:12)[39m
[31m    at next (C:\Users\Lenovo\Desktop\NewBranch\branch-backend\node_modules\router\index.js:291:5)[39m
[31m    at Function.handle (C:\Users\Lenovo\Desktop\NewBranch\branch-backend\node_modules\router\index.js:186:3)[39m
[31m    at router (C:\Users\Lenovo\Desktop\NewBranch\branch-backend\node_modules\router\index.js:60:12)[39m
[31m    at Layer.handleRequest (C:\Users\Lenovo\Desktop\NewBranch\branch-backend\node_modules\router\lib\layer.js:152:17)[39m
[31m    at trimPrefix (C:\Users\Lenovo\Desktop\NewBranch\branch-backend\node_modules\router\index.js:342:13)[39m
[2026-09-28 12:53:42:5342] [[31merror[39m]: [31mError: Invalid or expired authentication token.[39m
[31m    at auth (C:\Users\Lenovo\Desktop\NewBranch\branch-backend\src\middleware\auth.middleware.ts:44:13)[39m
[31m    at Layer.handleRequest (C:\Users\Lenovo\Desktop\NewBranch\branch-backend\node_modules\router\lib\layer.js:152:17)[39m
[31m    at trimPrefix (C:\Users\Lenovo\Desktop\NewBranch\branch-backend\node_modules\router\index.js:342:13)[39m
[31m    at C:\Users\Lenovo\Desktop\NewBranch\branch-backend\node_modules\router\index.js:297:9[39m
[31m    at processParams (C:\Users\Lenovo\Desktop\NewBranch\branch-backend\node_modules\router\index.js:582:12)[39m
[31m    at next (C:\Users\Lenovo\Desktop\NewBranch\branch-backend\node_modules\router\index.js:291:5)[39m
[31m    at Function.handle (C:\Users\Lenovo\Desktop\NewBranch\branch-backend\node_modules\router\index.js:186:3)[39m
[31m    at router (C:\Users\Lenovo\Desktop\NewBranch\branch-backend\node_modules\router\index.js:60:12)[39m
[31m    at Layer.handleRequest (C:\Users\Lenovo\Desktop\NewBranch\branch-backend\node_modules\router\lib\layer.js:152:17)[39m
[31m    at trimPrefix (C:\Users\Lenovo\Desktop\NewBranch\branch-backend\node_modules\router\index.js:342:13)[39m
[2026-09-28 12:53:42:5342] [[31merror[39m]: [31mError: Invalid or expired authentication token.[39m
[31m    at auth (C:\Users\Lenovo\Desktop\NewBranch\branch-backend\src\middleware\auth.middleware.ts:44:13)[39m
[31m    at Layer.handleRequest (C:\Users\Lenovo\Desktop\NewBranch\branch-backend\node_modules\router\lib\layer.js:152:17)[39m
[31m    at trimPrefix (C:\Users\Lenovo\Desktop\NewBranch\branch-backend\node_modules\router\index.js:342:13)[39m
[31m    at C:\Users\Lenovo\Desktop\NewBranch\branch-backend\node_modules\router\index.js:297:9[39m
[31m    at processParams (C:\Users\Lenovo\Desktop\NewBranch\branch-backend\node_modules\router\index.js:582:12)[39m
[31m    at next (C:\Users\Lenovo\Desktop\NewBranch\branch-backend\node_modules\router\index.js:291:5)[39m
[31m    at Function.handle (C:\Users\Lenovo\Desktop\NewBranch\branch-backend\node_modules\router\index.js:186:3)[39m
[31m    at router (C:\Users\Lenovo\Desktop\NewBranch\branch-backend\node_modules\router\index.js:60:12)[39m
[31m    at Layer.handleRequest (C:\Users\Lenovo\Desktop\NewBranch\branch-backend\node_modules\router\lib\layer.js:152:17)[39m
[31m    at trimPrefix (C:\Users\Lenovo\Desktop\NewBranch\branch-backend\node_modules\router\index.js:342:13)[39m
[2026-09-28 12:53:42:5342] [[31merror[39m]: [31mError: Invalid or expired authentication token.[39m
[31m    at auth (C:\Users\Lenovo\Desktop\NewBranch\branch-backend\src\middleware\auth.middleware.ts:44:13)[39m
[31m    at Layer.handleRequest (C:\Users\Lenovo\Desktop\NewBranch\branch-backend\node_modules\router\lib\layer.js:152:17)[39m
[31m    at trimPrefix (C:\Users\Lenovo\Desktop\NewBranch\branch-backend\node_modules\router\index.js:342:13)[39m
[31m    at C:\Users\Lenovo\Desktop\NewBranch\branch-backend\node_modules\router\index.js:297:9[39m
[31m    at processParams (C:\Users\Lenovo\Desktop\NewBranch\branch-backend\node_modules\router\index.js:582:12)[39m
[31m    at next (C:\Users\Lenovo\Desktop\NewBranch\branch-backend\node_modules\router\index.js:291:5)[39m
[31m    at Function.handle (C:\Users\Lenovo\Desktop\NewBranch\branch-backend\node_modules\router\index.js:186:3)[39m
[31m    at router (C:\Users\Lenovo\Desktop\NewBranch\branch-backend\node_modules\router\index.js:60:12)[39m
[31m    at Layer.handleRequest (C:\Users\Lenovo\Desktop\NewBranch\branch-backend\node_modules\router\lib\layer.js:152:17)[39m
[31m    at trimPrefix (C:\Users\Lenovo\Desktop\NewBranch\branch-backend\node_modules\router\index.js:342:13)[39m
[2026-09-28 12:53:42:5342] [[31merror[39m]: [31mError: Invalid or expired authentication token.[39m
[31m    at auth (C:\Users\Lenovo\Desktop\NewBranch\branch-backend\src\middleware\auth.middleware.ts:44:13)[39m
[31m    at Layer.handleRequest (C:\Users\Lenovo\Desktop\NewBranch\branch-backend\node_modules\router\lib\layer.js:152:17)[39m
[31m    at trimPrefix (C:\Users\Lenovo\Desktop\NewBranch\branch-backend\node_modules\router\index.js:342:13)[39m
[31m    at C:\Users\Lenovo\Desktop\NewBranch\branch-backend\node_modules\router\index.js:297:9[39m
[31m    at processParams (C:\Users\Lenovo\Desktop\NewBranch\branch-backend\node_modules\router\index.js:582:12)[39m
[31m    at next (C:\Users\Lenovo\Desktop\NewBranch\branch-backend\node_modules\router\index.js:291:5)[39m
[31m    at Function.handle (C:\Users\Lenovo\Desktop\NewBranch\branch-backend\node_modules\router\index.js:186:3)[39m
[31m    at router (C:\Users\Lenovo\Desktop\NewBranch\branch-backend\node_modules\router\index.js:60:12)[39m
[31m    at Layer.handleRequest (C:\Users\Lenovo\Desktop\NewBranch\branch-backend\node_modules\router\lib\layer.js:152:17)[39m
[31m    at trimPrefix (C:\Users\Lenovo\Desktop\NewBranch\branch-backend\node_modules\router\index.js:342:13)[39m
[2026-09-28 12:53:42:5342] [[31merror[39m]: [31mError: Invalid or expired authentication token.[39m
[31m    at auth (C:\Users\Lenovo\Desktop\NewBranch\branch-backend\src\middleware\auth.middleware.ts:44:13)[39m
[31m    at Layer.handleRequest (C:\Users\Lenovo\Desktop\NewBranch\branch-backend\node_modules\router\lib\layer.js:152:17)[39m
[31m    at trimPrefix (C:\Users\Lenovo\Desktop\NewBranch\branch-backend\node_modules\router\index.js:342:13)[39m
[31m    at C:\Users\Lenovo\Desktop\NewBranch\branch-backend\node_modules\router\index.js:297:9[39m
[31m    at processParams (C:\Users\Lenovo\Desktop\NewBranch\branch-backend\node_modules\router\index.js:582:12)[39m
[31m    at next (C:\Users\Lenovo\Desktop\NewBranch\branch-backend\node_modules\router\index.js:291:5)[39m
[31m    at Function.handle (C:\Users\Lenovo\Desktop\NewBranch\branch-backend\node_modules\router\index.js:186:3)[39m
[31m    at router (C:\Users\Lenovo\Desktop\NewBranch\branch-backend\node_modules\router\index.js:60:12)[39m
[31m    at Layer.handleRequest (C:\Users\Lenovo\Desktop\NewBranch\branch-backend\node_modules\router\lib\layer.js:152:17)[39m
[31m    at trimPrefix (C:\Users\Lenovo\Desktop\NewBranch\branch-backend\node_modules\router\index.js:342:13)[39m
[2026-09-28 14:12:18:1218] [[31merror[39m]: [31mError: Invalid or expired authentication token.[39m
[31m    at auth (C:\Users\Lenovo\Desktop\NewBranch\branch-backend\src\middleware\auth.middleware.ts:44:13)[39m
[31m    at Layer.handleRequest (C:\Users\Lenovo\Desktop\NewBranch\branch-backend\node_modules\router\lib\layer.js:152:17)[39m
[31m    at trimPrefix (C:\Users\Lenovo\Desktop\NewBranch\branch-backend\node_modules\router\index.js:342:13)[39m
[31m    at C:\Users\Lenovo\Desktop\NewBranch\branch-backend\node_modules\router\index.js:297:9[39m
[31m    at processParams (C:\Users\Lenovo\Desktop\NewBranch\branch-backend\node_modules\router\index.js:582:12)[39m
[31m    at next (C:\Users\Lenovo\Desktop\NewBranch\branch-backend\node_modules\router\index.js:291:5)[39m
[31m    at Function.handle (C:\Users\Lenovo\Desktop\NewBranch\branch-backend\node_modules\router\index.js:186:3)[39m
[31m    at router (C:\Users\Lenovo\Desktop\NewBranch\branch-backend\node_modules\router\index.js:60:12)[39m
[31m    at Layer.handleRequest (C:\Users\Lenovo\Desktop\NewBranch\branch-backend\node_modules\router\lib\layer.js:152:17)[39m
[31m    at trimPrefix (C:\Users\Lenovo\Desktop\NewBranch\branch-backend\node_modules\router\index.js:342:13)[39m
[2026-09-28 14:12:18:1218] [[31merror[39m]: [31mError: Invalid or expired authentication token.[39m
[31m    at auth (C:\Users\Lenovo\Desktop\NewBranch\branch-backend\src\middleware\auth.middleware.ts:44:13)[39m
[31m    at Layer.handleRequest (C:\Users\Lenovo\Desktop\NewBranch\branch-backend\node_modules\router\lib\layer.js:152:17)[39m
[31m    at trimPrefix (C:\Users\Lenovo\Desktop\NewBranch\branch-backend\node_modules\router\index.js:342:13)[39m
[31m    at C:\Users\Lenovo\Desktop\NewBranch\branch-backend\node_modules\router\index.js:297:9[39m
[31m    at processParams (C:\Users\Lenovo\Desktop\NewBranch\branch-backend\node_modules\router\index.js:582:12)[39m
[31m    at next (C:\Users\Lenovo\Desktop\NewBranch\branch-backend\node_modules\router\index.js:291:5)[39m
[31m    at Function.handle (C:\Users\Lenovo\Desktop\NewBranch\branch-backend\node_modules\router\index.js:186:3)[39m
[31m    at router (C:\Users\Lenovo\Desktop\NewBranch\branch-backend\node_modules\router\index.js:60:12)[39m
[31m    at Layer.handleRequest (C:\Users\Lenovo\Desktop\NewBranch\branch-backend\node_modules\router\lib\layer.js:152:17)[39m
[31m    at trimPrefix (C:\Users\Lenovo\Desktop\NewBranch\branch-backend\node_modules\router\index.js:342:13)[39m
[2026-09-28 14:12:18:1218] [[31merror[39m]: [31mError: Invalid or expired authentication token.[39m
[31m    at auth (C:\Users\Lenovo\Desktop\NewBranch\branch-backend\src\middleware\auth.middleware.ts:44:13)[39m
[31m    at Layer.handleRequest (C:\Users\Lenovo\Desktop\NewBranch\branch-backend\node_modules\router\lib\layer.js:152:17)[39m
[31m    at trimPrefix (C:\Users\Lenovo\Desktop\NewBranch\branch-backend\node_modules\router\index.js:342:13)[39m
[31m    at C:\Users\Lenovo\Desktop\NewBranch\branch-backend\node_modules\router\index.js:297:9[39m
[31m    at processParams (C:\Users\Lenovo\Desktop\NewBranch\branch-backend\node_modules\router\index.js:582:12)[39m
[31m    at next (C:\Users\Lenovo\Desktop\NewBranch\branch-backend\node_modules\router\index.js:291:5)[39m
[31m    at Function.handle (C:\Users\Lenovo\Desktop\NewBranch\branch-backend\node_modules\router\index.js:186:3)[39m
[31m    at router (C:\Users\Lenovo\Desktop\NewBranch\branch-backend\node_modules\router\index.js:60:12)[39m
[31m    at Layer.handleRequest (C:\Users\Lenovo\Desktop\NewBranch\branch-backend\node_modules\router\lib\layer.js:152:17)[39m
[31m    at trimPrefix (C:\Users\Lenovo\Desktop\NewBranch\branch-backend\node_modules\router\index.js:342:13)[39m
[2026-09-28 14:12:18:1218] [[31merror[39m]: [31mError: Invalid or expired authentication token.[39m
[31m    at auth (C:\Users\Lenovo\Desktop\NewBranch\branch-backend\src\middleware\auth.middleware.ts:44:13)[39m
[31m    at Layer.handleRequest (C:\Users\Lenovo\Desktop\NewBranch\branch-backend\node_modules\router\lib\layer.js:152:17)[39m
[31m    at trimPrefix (C:\Users\Lenovo\Desktop\NewBranch\branch-backend\node_modules\router\index.js:342:13)[39m
[31m    at C:\Users\Lenovo\Desktop\NewBranch\branch-backend\node_modules\router\index.js:297:9[39m
[31m    at processParams (C:\Users\Lenovo\Desktop\NewBranch\branch-backend\node_modules\router\index.js:582:12)[39m
[31m    at next (C:\Users\Lenovo\Desktop\NewBranch\branch-backend\node_modules\router\index.js:291:5)[39m
[31m    at Function.handle (C:\Users\Lenovo\Desktop\NewBranch\branch-backend\node_modules\router\index.js:186:3)[39m
[31m    at router (C:\Users\Lenovo\Desktop\NewBranch\branch-backend\node_modules\router\index.js:60:12)[39m
[31m    at Layer.handleRequest (C:\Users\Lenovo\Desktop\NewBranch\branch-backend\node_modules\router\lib\layer.js:152:17)[39m
[31m    at trimPrefix (C:\Users\Lenovo\Desktop\NewBranch\branch-backend\node_modules\router\index.js:342:13)[39m
[2026-09-28 14:12:18:1218] [[31merror[39m]: [31mError: Invalid or expired authentication token.[39m
[31m    at auth (C:\Users\Lenovo\Desktop\NewBranch\branch-backend\src\middleware\auth.middleware.ts:44:13)[39m
[31m    at Layer.handleRequest (C:\Users\Lenovo\Desktop\NewBranch\branch-backend\node_modules\router\lib\layer.js:152:17)[39m
[31m    at trimPrefix (C:\Users\Lenovo\Desktop\NewBranch\branch-backend\node_modules\router\index.js:342:13)[39m
[31m    at C:\Users\Lenovo\Desktop\NewBranch\branch-backend\node_modules\router\index.js:297:9[39m
[31m    at processParams (C:\Users\Lenovo\Desktop\NewBranch\branch-backend\node_modules\router\index.js:582:12)[39m
[31m    at next (C:\Users\Lenovo\Desktop\NewBranch\branch-backend\node_modules\router\index.js:291:5)[39m
[31m    at Function.handle (C:\Users\Lenovo\Desktop\NewBranch\branch-backend\node_modules\router\index.js:186:3)[39m
[31m    at router (C:\Users\Lenovo\Desktop\NewBranch\branch-backend\node_modules\router\index.js:60:12)[39m
[31m    at Layer.handleRequest (C:\Users\Lenovo\Desktop\NewBranch\branch-backend\node_modules\router\lib\layer.js:152:17)[39m
[31m    at trimPrefix (C:\Users\Lenovo\Desktop\NewBranch\branch-backend\node_modules\router\index.js:342:13)[39m
[2026-09-28 14:12:18:1218] [[31merror[39m]: [31mError: Invalid or expired authentication token.[39m
[31m    at auth (C:\Users\Lenovo\Desktop\NewBranch\branch-backend\src\middleware\auth.middleware.ts:44:13)[39m
[31m    at Layer.handleRequest (C:\Users\Lenovo\Desktop\NewBranch\branch-backend\node_modules\router\lib\layer.js:152:17)[39m
[31m    at trimPrefix (C:\Users\Lenovo\Desktop\NewBranch\branch-backend\node_modules\router\index.js:342:13)[39m
[31m    at C:\Users\Lenovo\Desktop\NewBranch\branch-backend\node_modules\router\index.js:297:9[39m
[31m    at processParams (C:\Users\Lenovo\Desktop\NewBranch\branch-backend\node_modules\router\index.js:582:12)[39m
[31m    at next (C:\Users\Lenovo\Desktop\NewBranch\branch-backend\node_modules\router\index.js:291:5)[39m
[31m    at Function.handle (C:\Users\Lenovo\Desktop\NewBranch\branch-backend\node_modules\router\index.js:186:3)[39m
[31m    at router (C:\Users\Lenovo\Desktop\NewBranch\branch-backend\node_modules\router\index.js:60:12)[39m
[31m    at Layer.handleRequest (C:\Users\Lenovo\Desktop\NewBranch\branch-backend\node_modules\router\lib\layer.js:152:17)[39m
[31m    at trimPrefix (C:\Users\Lenovo\Desktop\NewBranch\branch-backend\node_modules\router\index.js:342:13)[39m
[2026-09-28 14:27:38:2738] [[31merror[39m]: [31mError: Invalid or expired authentication token.[39m
[31m    at auth (C:\Users\Lenovo\Desktop\NewBranch\branch-backend\src\middleware\auth.middleware.ts:44:13)[39m
[31m    at Layer.handleRequest (C:\Users\Lenovo\Desktop\NewBranch\branch-backend\node_modules\router\lib\layer.js:152:17)[39m
[31m    at trimPrefix (C:\Users\Lenovo\Desktop\NewBranch\branch-backend\node_modules\router\index.js:342:13)[39m
[31m    at C:\Users\Lenovo\Desktop\NewBranch\branch-backend\node_modules\router\index.js:297:9[39m
[31m    at processParams (C:\Users\Lenovo\Desktop\NewBranch\branch-backend\node_modules\router\index.js:582:12)[39m
[31m    at next (C:\Users\Lenovo\Desktop\NewBranch\branch-backend\node_modules\router\index.js:291:5)[39m
[31m    at Function.handle (C:\Users\Lenovo\Desktop\NewBranch\branch-backend\node_modules\router\index.js:186:3)[39m
[31m    at router (C:\Users\Lenovo\Desktop\NewBranch\branch-backend\node_modules\router\index.js:60:12)[39m
[31m    at Layer.handleRequest (C:\Users\Lenovo\Desktop\NewBranch\branch-backend\node_modules\router\lib\layer.js:152:17)[39m
[31m    at trimPrefix (C:\Users\Lenovo\Desktop\NewBranch\branch-backend\node_modules\router\index.js:342:13)[39m
[2026-09-28 14:58:57:5857] [[31merror[39m]: [31mError: Invalid or expired authentication token.[39m
[31m    at auth (C:\Users\Lenovo\Desktop\NewBranch\branch-backend\src\middleware\auth.middleware.ts:44:13)[39m
[31m    at Layer.handleRequest (C:\Users\Lenovo\Desktop\NewBranch\branch-backend\node_modules\router\lib\layer.js:152:17)[39m
[31m    at trimPrefix (C:\Users\Lenovo\Desktop\NewBranch\branch-backend\node_modules\router\index.js:342:13)[39m
[31m    at C:\Users\Lenovo\Desktop\NewBranch\branch-backend\node_modules\router\index.js:297:9[39m
[31m    at processParams (C:\Users\Lenovo\Desktop\NewBranch\branch-backend\node_modules\router\index.js:582:12)[39m
[31m    at next (C:\Users\Lenovo\Desktop\NewBranch\branch-backend\node_modules\router\index.js:291:5)[39m
[31m    at Function.handle (C:\Users\Lenovo\Desktop\NewBranch\branch-backend\node_modules\router\index.js:186:3)[39m
[31m    at router (C:\Users\Lenovo\Desktop\NewBranch\branch-backend\node_modules\router\index.js:60:12)[39m
[31m    at Layer.handleRequest (C:\Users\Lenovo\Desktop\NewBranch\branch-backend\node_modules\router\lib\layer.js:152:17)[39m
[31m    at trimPrefix (C:\Users\Lenovo\Desktop\NewBranch\branch-backend\node_modules\router\index.js:342:13)[39m
[2026-09-28 14:58:57:5857] [[31merror[39m]: [31mError: Invalid or expired authentication token.[39m
[31m    at auth (C:\Users\Lenovo\Desktop\NewBranch\branch-backend\src\middleware\auth.middleware.ts:44:13)[39m
[31m    at Layer.handleRequest (C:\Users\Lenovo\Desktop\NewBranch\branch-backend\node_modules\router\lib\layer.js:152:17)[39m
[31m    at trimPrefix (C:\Users\Lenovo\Desktop\NewBranch\branch-backend\node_modules\router\index.js:342:13)[39m
[31m    at C:\Users\Lenovo\Desktop\NewBranch\branch-backend\node_modules\router\index.js:297:9[39m
[31m    at processParams (C:\Users\Lenovo\Desktop\NewBranch\branch-backend\node_modules\router\index.js:582:12)[39m
[31m    at next (C:\Users\Lenovo\Desktop\NewBranch\branch-backend\node_modules\router\index.js:291:5)[39m
[31m    at Function.handle (C:\Users\Lenovo\Desktop\NewBranch\branch-backend\node_modules\router\index.js:186:3)[39m
[31m    at router (C:\Users\Lenovo\Desktop\NewBranch\branch-backend\node_modules\router\index.js:60:12)[39m
[31m    at Layer.handleRequest (C:\Users\Lenovo\Desktop\NewBranch\branch-backend\node_modules\router\lib\layer.js:152:17)[39m
[31m    at trimPrefix (C:\Users\Lenovo\Desktop\NewBranch\branch-backend\node_modules\router\index.js:342:13)[39m
[2026-09-28 14:58:57:5857] [[31merror[39m]: [31mError: Invalid or expired authentication token.[39m
[31m    at auth (C:\Users\Lenovo\Desktop\NewBranch\branch-backend\src\middleware\auth.middleware.ts:44:13)[39m
[31m    at Layer.handleRequest (C:\Users\Lenovo\Desktop\NewBranch\branch-backend\node_modules\router\lib\layer.js:152:17)[39m
[31m    at trimPrefix (C:\Users\Lenovo\Desktop\NewBranch\branch-backend\node_modules\router\index.js:342:13)[39m
[31m    at C:\Users\Lenovo\Desktop\NewBranch\branch-backend\node_modules\router\index.js:297:9[39m
[31m    at processParams (C:\Users\Lenovo\Desktop\NewBranch\branch-backend\node_modules\router\index.js:582:12)[39m
[31m    at next (C:\Users\Lenovo\Desktop\NewBranch\branch-backend\node_modules\router\index.js:291:5)[39m
[31m    at Function.handle (C:\Users\Lenovo\Desktop\NewBranch\branch-backend\node_modules\router\index.js:186:3)[39m
[31m    at router (C:\Users\Lenovo\Desktop\NewBranch\branch-backend\node_modules\router\index.js:60:12)[39m
[31m    at Layer.handleRequest (C:\Users\Lenovo\Desktop\NewBranch\branch-backend\node_modules\router\lib\layer.js:152:17)[39m
[31m    at trimPrefix (C:\Users\Lenovo\Desktop\NewBranch\branch-backend\node_modules\router\index.js:342:13)[39m
[2026-09-28 14:58:57:5857] [[31merror[39m]: [31mError: Invalid or expired authentication token.[39m
[31m    at auth (C:\Users\Lenovo\Desktop\NewBranch\branch-backend\src\middleware\auth.middleware.ts:44:13)[39m
[31m    at Layer.handleRequest (C:\Users\Lenovo\Desktop\NewBranch\branch-backend\node_modules\router\lib\layer.js:152:17)[39m
[31m    at trimPrefix (C:\Users\Lenovo\Desktop\NewBranch\branch-backend\node_modules\router\index.js:342:13)[39m
[31m    at C:\Users\Lenovo\Desktop\NewBranch\branch-backend\node_modules\router\index.js:297:9[39m
[31m    at processParams (C:\Users\Lenovo\Desktop\NewBranch\branch-backend\node_modules\router\index.js:582:12)[39m
[31m    at next (C:\Users\Lenovo\Desktop\NewBranch\branch-backend\node_modules\router\index.js:291:5)[39m
[31m    at Function.handle (C:\Users\Lenovo\Desktop\NewBranch\branch-backend\node_modules\router\index.js:186:3)[39m
[31m    at router (C:\Users\Lenovo\Desktop\NewBranch\branch-backend\node_modules\router\index.js:60:12)[39m
[31m    at Layer.handleRequest (C:\Users\Lenovo\Desktop\NewBranch\branch-backend\node_modules\router\lib\layer.js:152:17)[39m
[31m    at trimPrefix (C:\Users\Lenovo\Desktop\NewBranch\branch-backend\node_modules\router\index.js:342:13)[39m
[2026-09-28 14:58:57:5857] [[31merror[39m]: [31mError: Invalid or expired authentication token.[39m
[31m    at auth (C:\Users\Lenovo\Desktop\NewBranch\branch-backend\src\middleware\auth.middleware.ts:44:13)[39m
[31m    at Layer.handleRequest (C:\Users\Lenovo\Desktop\NewBranch\branch-backend\node_modules\router\lib\layer.js:152:17)[39m
[31m    at trimPrefix (C:\Users\Lenovo\Desktop\NewBranch\branch-backend\node_modules\router\index.js:342:13)[39m
[31m    at C:\Users\Lenovo\Desktop\NewBranch\branch-backend\node_modules\router\index.js:297:9[39m
[31m    at processParams (C:\Users\Lenovo\Desktop\NewBranch\branch-backend\node_modules\router\index.js:582:12)[39m
[31m    at next (C:\Users\Lenovo\Desktop\NewBranch\branch-backend\node_modules\router\index.js:291:5)[39m
[31m    at Function.handle (C:\Users\Lenovo\Desktop\NewBranch\branch-backend\node_modules\router\index.js:186:3)[39m
[31m    at router (C:\Users\Lenovo\Desktop\NewBranch\branch-backend\node_modules\router\index.js:60:12)[39m
[31m    at Layer.handleRequest (C:\Users\Lenovo\Desktop\NewBranch\branch-backend\node_modules\router\lib\layer.js:152:17)[39m
[31m    at trimPrefix (C:\Users\Lenovo\Desktop\NewBranch\branch-backend\node_modules\router\index.js:342:13)[39m
[2026-09-28 14:58:57:5857] [[31merror[39m]: [31mError: Invalid or expired authentication token.[39m
[31m    at auth (C:\Users\Lenovo\Desktop\NewBranch\branch-backend\src\middleware\auth.middleware.ts:44:13)[39m
[31m    at Layer.handleRequest (C:\Users\Lenovo\Desktop\NewBranch\branch-backend\node_modules\router\lib\layer.js:152:17)[39m
[31m    at trimPrefix (C:\Users\Lenovo\Desktop\NewBranch\branch-backend\node_modules\router\index.js:342:13)[39m
[31m    at C:\Users\Lenovo\Desktop\NewBranch\branch-backend\node_modules\router\index.js:297:9[39m
[31m    at processParams (C:\Users\Lenovo\Desktop\NewBranch\branch-backend\node_modules\router\index.js:582:12)[39m
[31m    at next (C:\Users\Lenovo\Desktop\NewBranch\branch-backend\node_modules\router\index.js:291:5)[39m
[31m    at Function.handle (C:\Users\Lenovo\Desktop\NewBranch\branch-backend\node_modules\router\index.js:186:3)[39m
[31m    at router (C:\Users\Lenovo\Desktop\NewBranch\branch-backend\node_modules\router\index.js:60:12)[39m
[31m    at Layer.handleRequest (C:\Users\Lenovo\Desktop\NewBranch\branch-backend\node_modules\router\lib\layer.js:152:17)[39m
[31m    at trimPrefix (C:\Users\Lenovo\Desktop\NewBranch\branch-backend\node_modules\router\index.js:342:13)[39m
[2026-09-28 15:52:34:5234] [[31merror[39m]: [31mError: Invalid or expired authentication token.[39m
[31m    at auth (C:\Users\Lenovo\Desktop\NewBranch\branch-backend\src\middleware\auth.middleware.ts:44:13)[39m
[31m    at Layer.handleRequest (C:\Users\Lenovo\Desktop\NewBranch\branch-backend\node_modules\router\lib\layer.js:152:17)[39m
[31m    at trimPrefix (C:\Users\Lenovo\Desktop\NewBranch\branch-backend\node_modules\router\index.js:342:13)[39m
[31m    at C:\Users\Lenovo\Desktop\NewBranch\branch-backend\node_modules\router\index.js:297:9[39m
[31m    at processParams (C:\Users\Lenovo\Desktop\NewBranch\branch-backend\node_modules\router\index.js:582:12)[39m
[31m    at next (C:\Users\Lenovo\Desktop\NewBranch\branch-backend\node_modules\router\index.js:291:5)[39m
[31m    at Function.handle (C:\Users\Lenovo\Desktop\NewBranch\branch-backend\node_modules\router\index.js:186:3)[39m
[31m    at router (C:\Users\Lenovo\Desktop\NewBranch\branch-backend\node_modules\router\index.js:60:12)[39m
[31m    at Layer.handleRequest (C:\Users\Lenovo\Desktop\NewBranch\branch-backend\node_modules\router\lib\layer.js:152:17)[39m
[31m    at trimPrefix (C:\Users\Lenovo\Desktop\NewBranch\branch-backend\node_modules\router\index.js:342:13)[39m
[2026-09-28 16:10:08:108] [[31merror[39m]: [31mError: Invalid or expired authentication token.[39m
[31m    at auth (C:\Users\Lenovo\Desktop\NewBranch\branch-backend\src\middleware\auth.middleware.ts:44:13)[39m
[31m    at Layer.handleRequest (C:\Users\Lenovo\Desktop\NewBranch\branch-backend\node_modules\router\lib\layer.js:152:17)[39m
[31m    at trimPrefix (C:\Users\Lenovo\Desktop\NewBranch\branch-backend\node_modules\router\index.js:342:13)[39m
[31m    at C:\Users\Lenovo\Desktop\NewBranch\branch-backend\node_modules\router\index.js:297:9[39m
[31m    at processParams (C:\Users\Lenovo\Desktop\NewBranch\branch-backend\node_modules\router\index.js:582:12)[39m
[31m    at next (C:\Users\Lenovo\Desktop\NewBranch\branch-backend\node_modules\router\index.js:291:5)[39m
[31m    at Function.handle (C:\Users\Lenovo\Desktop\NewBranch\branch-backend\node_modules\router\index.js:186:3)[39m
[31m    at router (C:\Users\Lenovo\Desktop\NewBranch\branch-backend\node_modules\router\index.js:60:12)[39m
[31m    at Layer.handleRequest (C:\Users\Lenovo\Desktop\NewBranch\branch-backend\node_modules\router\lib\layer.js:152:17)[39m
[31m    at trimPrefix (C:\Users\Lenovo\Desktop\NewBranch\branch-backend\node_modules\router\index.js:342:13)[39m
[2026-09-28 16:10:08:108] [[31merror[39m]: [31mError: Invalid or expired authentication token.[39m
[31m    at auth (C:\Users\Lenovo\Desktop\NewBranch\branch-backend\src\middleware\auth.middleware.ts:44:13)[39m
[31m    at Layer.handleRequest (C:\Users\Lenovo\Desktop\NewBranch\branch-backend\node_modules\router\lib\layer.js:152:17)[39m
[31m    at trimPrefix (C:\Users\Lenovo\Desktop\NewBranch\branch-backend\node_modules\router\index.js:342:13)[39m
[31m    at C:\Users\Lenovo\Desktop\NewBranch\branch-backend\node_modules\router\index.js:297:9[39m
[31m    at processParams (C:\Users\Lenovo\Desktop\NewBranch\branch-backend\node_modules\router\index.js:582:12)[39m
[31m    at next (C:\Users\Lenovo\Desktop\NewBranch\branch-backend\node_modules\router\index.js:291:5)[39m
[31m    at Function.handle (C:\Users\Lenovo\Desktop\NewBranch\branch-backend\node_modules\router\index.js:186:3)[39m
[31m    at router (C:\Users\Lenovo\Desktop\NewBranch\branch-backend\node_modules\router\index.js:60:12)[39m
[31m    at Layer.handleRequest (C:\Users\Lenovo\Desktop\NewBranch\branch-backend\node_modules\router\lib\layer.js:152:17)[39m
[31m    at trimPrefix (C:\Users\Lenovo\Desktop\NewBranch\branch-backend\node_modules\router\index.js:342:13)[39m
[2026-09-28 16:10:08:108] [[31merror[39m]: [31mError: Invalid or expired authentication token.[39m
[31m    at auth (C:\Users\Lenovo\Desktop\NewBranch\branch-backend\src\middleware\auth.middleware.ts:44:13)[39m
[31m    at Layer.handleRequest (C:\Users\Lenovo\Desktop\NewBranch\branch-backend\node_modules\router\lib\layer.js:152:17)[39m
[31m    at trimPrefix (C:\Users\Lenovo\Desktop\NewBranch\branch-backend\node_modules\router\index.js:342:13)[39m
[31m    at C:\Users\Lenovo\Desktop\NewBranch\branch-backend\node_modules\router\index.js:297:9[39m
[31m    at processParams (C:\Users\Lenovo\Desktop\NewBranch\branch-backend\node_modules\router\index.js:582:12)[39m
[31m    at next (C:\Users\Lenovo\Desktop\NewBranch\branch-backend\node_modules\router\index.js:291:5)[39m
[31m    at Function.handle (C:\Users\Lenovo\Desktop\NewBranch\branch-backend\node_modules\router\index.js:186:3)[39m
[31m    at router (C:\Users\Lenovo\Desktop\NewBranch\branch-backend\node_modules\router\index.js:60:12)[39m
[31m    at Layer.handleRequest (C:\Users\Lenovo\Desktop\NewBranch\branch-backend\node_modules\router\lib\layer.js:152:17)[39m
[31m    at trimPrefix (C:\Users\Lenovo\Desktop\NewBranch\branch-backend\node_modules\router\index.js:342:13)[39m
[2026-09-28 16:10:08:108] [[31merror[39m]: [31mError: Invalid or expired authentication token.[39m
[31m    at auth (C:\Users\Lenovo\Desktop\NewBranch\branch-backend\src\middleware\auth.middleware.ts:44:13)[39m
[31m    at Layer.handleRequest (C:\Users\Lenovo\Desktop\NewBranch\branch-backend\node_modules\router\lib\layer.js:152:17)[39m
[31m    at trimPrefix (C:\Users\Lenovo\Desktop\NewBranch\branch-backend\node_modules\router\index.js:342:13)[39m
[31m    at C:\Users\Lenovo\Desktop\NewBranch\branch-backend\node_modules\router\index.js:297:9[39m
[31m    at processParams (C:\Users\Lenovo\Desktop\NewBranch\branch-backend\node_modules\router\index.js:582:12)[39m
[31m    at next (C:\Users\Lenovo\Desktop\NewBranch\branch-backend\node_modules\router\index.js:291:5)[39m
[31m    at Function.handle (C:\Users\Lenovo\Desktop\NewBranch\branch-backend\node_modules\router\index.js:186:3)[39m
[31m    at router (C:\Users\Lenovo\Desktop\NewBranch\branch-backend\node_modules\router\index.js:60:12)[39m
[31m    at Layer.handleRequest (C:\Users\Lenovo\Desktop\NewBranch\branch-backend\node_modules\router\lib\layer.js:152:17)[39m
[31m    at trimPrefix (C:\Users\Lenovo\Desktop\NewBranch\branch-backend\node_modules\router\index.js:342:13)[39m
[2026-09-28 16:10:08:108] [[31merror[39m]: [31mError: Invalid or expired authentication token.[39m
[31m    at auth (C:\Users\Lenovo\Desktop\NewBranch\branch-backend\src\middleware\auth.middleware.ts:44:13)[39m
[31m    at Layer.handleRequest (C:\Users\Lenovo\Desktop\NewBranch\branch-backend\node_modules\router\lib\layer.js:152:17)[39m
[31m    at trimPrefix (C:\Users\Lenovo\Desktop\NewBranch\branch-backend\node_modules\router\index.js:342:13)[39m
[31m    at C:\Users\Lenovo\Desktop\NewBranch\branch-backend\node_modules\router\index.js:297:9[39m
[31m    at processParams (C:\Users\Lenovo\Desktop\NewBranch\branch-backend\node_modules\router\index.js:582:12)[39m
[31m    at next (C:\Users\Lenovo\Desktop\NewBranch\branch-backend\node_modules\router\index.js:291:5)[39m
[31m    at Function.handle (C:\Users\Lenovo\Desktop\NewBranch\branch-backend\node_modules\router\index.js:186:3)[39m
[31m    at router (C:\Users\Lenovo\Desktop\NewBranch\branch-backend\node_modules\router\index.js:60:12)[39m
[31m    at Layer.handleRequest (C:\Users\Lenovo\Desktop\NewBranch\branch-backend\node_modules\router\lib\layer.js:152:17)[39m
[31m    at trimPrefix (C:\Users\Lenovo\Desktop\NewBranch\branch-backend\node_modules\router\index.js:342:13)[39m
[2026-09-28 16:10:08:108] [[31merror[39m]: [31mError: Invalid or expired authentication token.[39m
[31m    at auth (C:\Users\Lenovo\Desktop\NewBranch\branch-backend\src\middleware\auth.middleware.ts:44:13)[39m
[31m    at Layer.handleRequest (C:\Users\Lenovo\Desktop\NewBranch\branch-backend\node_modules\router\lib\layer.js:152:17)[39m
[31m    at trimPrefix (C:\Users\Lenovo\Desktop\NewBranch\branch-backend\node_modules\router\index.js:342:13)[39m
[31m    at C:\Users\Lenovo\Desktop\NewBranch\branch-backend\node_modules\router\index.js:297:9[39m
[31m    at processParams (C:\Users\Lenovo\Desktop\NewBranch\branch-backend\node_modules\router\index.js:582:12)[39m
[31m    at next (C:\Users\Lenovo\Desktop\NewBranch\branch-backend\node_modules\router\index.js:291:5)[39m
[31m    at Function.handle (C:\Users\Lenovo\Desktop\NewBranch\branch-backend\node_modules\router\index.js:186:3)[39m
[31m    at router (C:\Users\Lenovo\Desktop\NewBranch\branch-backend\node_modules\router\index.js:60:12)[39m
[31m    at Layer.handleRequest (C:\Users\Lenovo\Desktop\NewBranch\branch-backend\node_modules\router\lib\layer.js:152:17)[39m
[31m    at trimPrefix (C:\Users\Lenovo\Desktop\NewBranch\branch-backend\node_modules\router\index.js:342:13)[39m
[2026-09-28 16:10:08:108] [[31merror[39m]: [31mError: Invalid or expired authentication token.[39m
[31m    at auth (C:\Users\Lenovo\Desktop\NewBranch\branch-backend\src\middleware\auth.middleware.ts:44:13)[39m
[31m    at Layer.handleRequest (C:\Users\Lenovo\Desktop\NewBranch\branch-backend\node_modules\router\lib\layer.js:152:17)[39m
[31m    at trimPrefix (C:\Users\Lenovo\Desktop\NewBranch\branch-backend\node_modules\router\index.js:342:13)[39m
[31m    at C:\Users\Lenovo\Desktop\NewBranch\branch-backend\node_modules\router\index.js:297:9[39m
[31m    at processParams (C:\Users\Lenovo\Desktop\NewBranch\branch-backend\node_modules\router\index.js:582:12)[39m
[31m    at next (C:\Users\Lenovo\Desktop\NewBranch\branch-backend\node_modules\router\index.js:291:5)[39m
[31m    at Function.handle (C:\Users\Lenovo\Desktop\NewBranch\branch-backend\node_modules\router\index.js:186:3)[39m
[31m    at router (C:\Users\Lenovo\Desktop\NewBranch\branch-backend\node_modules\router\index.js:60:12)[39m
[31m    at Layer.handleRequest (C:\Users\Lenovo\Desktop\NewBranch\branch-backend\node_modules\router\lib\layer.js:152:17)[39m
[31m    at trimPrefix (C:\Users\Lenovo\Desktop\NewBranch\branch-backend\node_modules\router\index.js:342:13)[39m
[2026-09-28 16:35:59:3559] [[31merror[39m]: [31mError: Invalid or expired authentication token.[39m
[31m    at auth (C:\Users\Lenovo\Desktop\NewBranch\branch-backend\src\middleware\auth.middleware.ts:44:13)[39m
[31m    at Layer.handleRequest (C:\Users\Lenovo\Desktop\NewBranch\branch-backend\node_modules\router\lib\layer.js:152:17)[39m
[31m    at trimPrefix (C:\Users\Lenovo\Desktop\NewBranch\branch-backend\node_modules\router\index.js:342:13)[39m
[31m    at C:\Users\Lenovo\Desktop\NewBranch\branch-backend\node_modules\router\index.js:297:9[39m
[31m    at processParams (C:\Users\Lenovo\Desktop\NewBranch\branch-backend\node_modules\router\index.js:582:12)[39m
[31m    at next (C:\Users\Lenovo\Desktop\NewBranch\branch-backend\node_modules\router\index.js:291:5)[39m
[31m    at Function.handle (C:\Users\Lenovo\Desktop\NewBranch\branch-backend\node_modules\router\index.js:186:3)[39m
[31m    at router (C:\Users\Lenovo\Desktop\NewBranch\branch-backend\node_modules\router\index.js:60:12)[39m
[31m    at Layer.handleRequest (C:\Users\Lenovo\Desktop\NewBranch\branch-backend\node_modules\router\lib\layer.js:152:17)[39m
[31m    at trimPrefix (C:\Users\Lenovo\Desktop\NewBranch\branch-backend\node_modules\router\index.js:342:13)[39m
[2026-09-28 16:35:59:3559] [[31merror[39m]: [31mError: Invalid or expired authentication token.[39m
[31m    at auth (C:\Users\Lenovo\Desktop\NewBranch\branch-backend\src\middleware\auth.middleware.ts:44:13)[39m
[31m    at Layer.handleRequest (C:\Users\Lenovo\Desktop\NewBranch\branch-backend\node_modules\router\lib\layer.js:152:17)[39m
[31m    at trimPrefix (C:\Users\Lenovo\Desktop\NewBranch\branch-backend\node_modules\router\index.js:342:13)[39m
[31m    at C:\Users\Lenovo\Desktop\NewBranch\branch-backend\node_modules\router\index.js:297:9[39m
[31m    at processParams (C:\Users\Lenovo\Desktop\NewBranch\branch-backend\node_modules\router\index.js:582:12)[39m
[31m    at next (C:\Users\Lenovo\Desktop\NewBranch\branch-backend\node_modules\router\index.js:291:5)[39m
[31m    at Function.handle (C:\Users\Lenovo\Desktop\NewBranch\branch-backend\node_modules\router\index.js:186:3)[39m
[31m    at router (C:\Users\Lenovo\Desktop\NewBranch\branch-backend\node_modules\router\index.js:60:12)[39m
[31m    at Layer.handleRequest (C:\Users\Lenovo\Desktop\NewBranch\branch-backend\node_modules\router\lib\layer.js:152:17)[39m
[31m    at trimPrefix (C:\Users\Lenovo\Desktop\NewBranch\branch-backend\node_modules\router\index.js:342:13)[39m
[2026-09-28 16:35:59:3559] [[31merror[39m]: [31mError: Invalid or expired authentication token.[39m
[31m    at auth (C:\Users\Lenovo\Desktop\NewBranch\branch-backend\src\middleware\auth.middleware.ts:44:13)[39m
[31m    at Layer.handleRequest (C:\Users\Lenovo\Desktop\NewBranch\branch-backend\node_modules\router\lib\layer.js:152:17)[39m
[31m    at trimPrefix (C:\Users\Lenovo\Desktop\NewBranch\branch-backend\node_modules\router\index.js:342:13)[39m
[31m    at C:\Users\Lenovo\Desktop\NewBranch\branch-backend\node_modules\router\index.js:297:9[39m
[31m    at processParams (C:\Users\Lenovo\Desktop\NewBranch\branch-backend\node_modules\router\index.js:582:12)[39m
[31m    at next (C:\Users\Lenovo\Desktop\NewBranch\branch-backend\node_modules\router\index.js:291:5)[39m
[31m    at Function.handle (C:\Users\Lenovo\Desktop\NewBranch\branch-backend\node_modules\router\index.js:186:3)[39m
[31m    at router (C:\Users\Lenovo\Desktop\NewBranch\branch-backend\node_modules\router\index.js:60:12)[39m
[31m    at Layer.handleRequest (C:\Users\Lenovo\Desktop\NewBranch\branch-backend\node_modules\router\lib\layer.js:152:17)[39m
[31m    at trimPrefix (C:\Users\Lenovo\Desktop\NewBranch\branch-backend\node_modules\router\index.js:342:13)[39m
[2026-09-28 16:35:59:3559] [[31merror[39m]: [31mError: Invalid or expired authentication token.[39m
[31m    at auth (C:\Users\Lenovo\Desktop\NewBranch\branch-backend\src\middleware\auth.middleware.ts:44:13)[39m
[31m    at Layer.handleRequest (C:\Users\Lenovo\Desktop\NewBranch\branch-backend\node_modules\router\lib\layer.js:152:17)[39m
[31m    at trimPrefix (C:\Users\Lenovo\Desktop\NewBranch\branch-backend\node_modules\router\index.js:342:13)[39m
[31m    at C:\Users\Lenovo\Desktop\NewBranch\branch-backend\node_modules\router\index.js:297:9[39m
[31m    at processParams (C:\Users\Lenovo\Desktop\NewBranch\branch-backend\node_modules\router\index.js:582:12)[39m
[31m    at next (C:\Users\Lenovo\Desktop\NewBranch\branch-backend\node_modules\router\index.js:291:5)[39m
[31m    at Function.handle (C:\Users\Lenovo\Desktop\NewBranch\branch-backend\node_modules\router\index.js:186:3)[39m
[31m    at router (C:\Users\Lenovo\Desktop\NewBranch\branch-backend\node_modules\router\index.js:60:12)[39m
[31m    at Layer.handleRequest (C:\Users\Lenovo\Desktop\NewBranch\branch-backend\node_modules\router\lib\layer.js:152:17)[39m
[31m    at trimPrefix (C:\Users\Lenovo\Desktop\NewBranch\branch-backend\node_modules\router\index.js:342:13)[39m
[2026-09-28 16:35:59:3559] [[31merror[39m]: [31mError: Invalid or expired authentication token.[39m
[31m    at auth (C:\Users\Lenovo\Desktop\NewBranch\branch-backend\src\middleware\auth.middleware.ts:44:13)[39m
[31m    at Layer.handleRequest (C:\Users\Lenovo\Desktop\NewBranch\branch-backend\node_modules\router\lib\layer.js:152:17)[39m
[31m    at trimPrefix (C:\Users\Lenovo\Desktop\NewBranch\branch-backend\node_modules\router\index.js:342:13)[39m
[31m    at C:\Users\Lenovo\Desktop\NewBranch\branch-backend\node_modules\router\index.js:297:9[39m
[31m    at processParams (C:\Users\Lenovo\Desktop\NewBranch\branch-backend\node_modules\router\index.js:582:12)[39m
[31m    at next (C:\Users\Lenovo\Desktop\NewBranch\branch-backend\node_modules\router\index.js:291:5)[39m
[31m    at Function.handle (C:\Users\Lenovo\Desktop\NewBranch\branch-backend\node_modules\router\index.js:186:3)[39m
[31m    at router (C:\Users\Lenovo\Desktop\NewBranch\branch-backend\node_modules\router\index.js:60:12)[39m
[31m    at Layer.handleRequest (C:\Users\Lenovo\Desktop\NewBranch\branch-backend\node_modules\router\lib\layer.js:152:17)[39m
[31m    at trimPrefix (C:\Users\Lenovo\Desktop\NewBranch\branch-backend\node_modules\router\index.js:342:13)[39m
[2026-09-28 16:35:59:3559] [[31merror[39m]: [31mError: Invalid or expired authentication token.[39m
[31m    at auth (C:\Users\Lenovo\Desktop\NewBranch\branch-backend\src\middleware\auth.middleware.ts:44:13)[39m
[31m    at Layer.handleRequest (C:\Users\Lenovo\Desktop\NewBranch\branch-backend\node_modules\router\lib\layer.js:152:17)[39m
[31m    at trimPrefix (C:\Users\Lenovo\Desktop\NewBranch\branch-backend\node_modules\router\index.js:342:13)[39m
[31m    at C:\Users\Lenovo\Desktop\NewBranch\branch-backend\node_modules\router\index.js:297:9[39m
[31m    at processParams (C:\Users\Lenovo\Desktop\NewBranch\branch-backend\node_modules\router\index.js:582:12)[39m
[31m    at next (C:\Users\Lenovo\Desktop\NewBranch\branch-backend\node_modules\router\index.js:291:5)[39m
[31m    at Function.handle (C:\Users\Lenovo\Desktop\NewBranch\branch-backend\node_modules\router\index.js:186:3)[39m
[31m    at router (C:\Users\Lenovo\Desktop\NewBranch\branch-backend\node_modules\router\index.js:60:12)[39m
[31m    at Layer.handleRequest (C:\Users\Lenovo\Desktop\NewBranch\branch-backend\node_modules\router\lib\layer.js:152:17)[39m
[31m    at trimPrefix (C:\Users\Lenovo\Desktop\NewBranch\branch-backend\node_modules\router\index.js:342:13)[39m
[2026-09-28 16:35:59:3559] [[31merror[39m]: [31mError: Invalid or expired authentication token.[39m
[31m    at auth (C:\Users\Lenovo\Desktop\NewBranch\branch-backend\src\middleware\auth.middleware.ts:44:13)[39m
[31m    at Layer.handleRequest (C:\Users\Lenovo\Desktop\NewBranch\branch-backend\node_modules\router\lib\layer.js:152:17)[39m
[31m    at trimPrefix (C:\Users\Lenovo\Desktop\NewBranch\branch-backend\node_modules\router\index.js:342:13)[39m
[31m    at C:\Users\Lenovo\Desktop\NewBranch\branch-backend\node_modules\router\index.js:297:9[39m
[31m    at processParams (C:\Users\Lenovo\Desktop\NewBranch\branch-backend\node_modules\router\index.js:582:12)[39m
[31m    at next (C:\Users\Lenovo\Desktop\NewBranch\branch-backend\node_modules\router\index.js:291:5)[39m
[31m    at Function.handle (C:\Users\Lenovo\Desktop\NewBranch\branch-backend\node_modules\router\index.js:186:3)[39m
[31m    at router (C:\Users\Lenovo\Desktop\NewBranch\branch-backend\node_modules\router\index.js:60:12)[39m
[31m    at Layer.handleRequest (C:\Users\Lenovo\Desktop\NewBranch\branch-backend\node_modules\router\lib\layer.js:152:17)[39m
[31m    at trimPrefix (C:\Users\Lenovo\Desktop\NewBranch\branch-backend\node_modules\router\index.js:342:13)[39m
[2026-09-28 16:35:59:3559] [[31merror[39m]: [31mError: Invalid or expired authentication token.[39m
[31m    at auth (C:\Users\Lenovo\Desktop\NewBranch\branch-backend\src\middleware\auth.middleware.ts:44:13)[39m
[31m    at Layer.handleRequest (C:\Users\Lenovo\Desktop\NewBranch\branch-backend\node_modules\router\lib\layer.js:152:17)[39m
[31m    at trimPrefix (C:\Users\Lenovo\Desktop\NewBranch\branch-backend\node_modules\router\index.js:342:13)[39m
[31m    at C:\Users\Lenovo\Desktop\NewBranch\branch-backend\node_modules\router\index.js:297:9[39m
[31m    at processParams (C:\Users\Lenovo\Desktop\NewBranch\branch-backend\node_modules\router\index.js:582:12)[39m
[31m    at next (C:\Users\Lenovo\Desktop\NewBranch\branch-backend\node_modules\router\index.js:291:5)[39m
[31m    at Function.handle (C:\Users\Lenovo\Desktop\NewBranch\branch-backend\node_modules\router\index.js:186:3)[39m
[31m    at router (C:\Users\Lenovo\Desktop\NewBranch\branch-backend\node_modules\router\index.js:60:12)[39m
[31m    at Layer.handleRequest (C:\Users\Lenovo\Desktop\NewBranch\branch-backend\node_modules\router\lib\layer.js:152:17)[39m
[31m    at trimPrefix (C:\Users\Lenovo\Desktop\NewBranch\branch-backend\node_modules\router\index.js:342:13)[39m
[2026-09-28 16:58:10:5810] [[31merror[39m]: [31mError: Invalid or expired authentication token.[39m
[31m    at auth (C:\Users\Lenovo\Desktop\NewBranch\branch-backend\src\middleware\auth.middleware.ts:44:13)[39m
[31m    at Layer.handleRequest (C:\Users\Lenovo\Desktop\NewBranch\branch-backend\node_modules\router\lib\layer.js:152:17)[39m
[31m    at trimPrefix (C:\Users\Lenovo\Desktop\NewBranch\branch-backend\node_modules\router\index.js:342:13)[39m
[31m    at C:\Users\Lenovo\Desktop\NewBranch\branch-backend\node_modules\router\index.js:297:9[39m
[31m    at processParams (C:\Users\Lenovo\Desktop\NewBranch\branch-backend\node_modules\router\index.js:582:12)[39m
[31m    at next (C:\Users\Lenovo\Desktop\NewBranch\branch-backend\node_modules\router\index.js:291:5)[39m
[31m    at Function.handle (C:\Users\Lenovo\Desktop\NewBranch\branch-backend\node_modules\router\index.js:186:3)[39m
[31m    at router (C:\Users\Lenovo\Desktop\NewBranch\branch-backend\node_modules\router\index.js:60:12)[39m
[31m    at Layer.handleRequest (C:\Users\Lenovo\Desktop\NewBranch\branch-backend\node_modules\router\lib\layer.js:152:17)[39m
[31m    at trimPrefix (C:\Users\Lenovo\Desktop\NewBranch\branch-backend\node_modules\router\index.js:342:13)[39m
[2026-09-28 16:58:10:5810] [[31merror[39m]: [31mError: Invalid or expired authentication token.[39m
[31m    at auth (C:\Users\Lenovo\Desktop\NewBranch\branch-backend\src\middleware\auth.middleware.ts:44:13)[39m
[31m    at Layer.handleRequest (C:\Users\Lenovo\Desktop\NewBranch\branch-backend\node_modules\router\lib\layer.js:152:17)[39m
[31m    at trimPrefix (C:\Users\Lenovo\Desktop\NewBranch\branch-backend\node_modules\router\index.js:342:13)[39m
[31m    at C:\Users\Lenovo\Desktop\NewBranch\branch-backend\node_modules\router\index.js:297:9[39m
[31m    at processParams (C:\Users\Lenovo\Desktop\NewBranch\branch-backend\node_modules\router\index.js:582:12)[39m
[31m    at next (C:\Users\Lenovo\Desktop\NewBranch\branch-backend\node_modules\router\index.js:291:5)[39m
[31m    at Function.handle (C:\Users\Lenovo\Desktop\NewBranch\branch-backend\node_modules\router\index.js:186:3)[39m
[31m    at router (C:\Users\Lenovo\Desktop\NewBranch\branch-backend\node_modules\router\index.js:60:12)[39m
[31m    at Layer.handleRequest (C:\Users\Lenovo\Desktop\NewBranch\branch-backend\node_modules\router\lib\layer.js:152:17)[39m
[31m    at trimPrefix (C:\Users\Lenovo\Desktop\NewBranch\branch-backend\node_modules\router\index.js:342:13)[39m
[2026-09-28 16:58:10:5810] [[31merror[39m]: [31mError: Invalid or expired authentication token.[39m
[31m    at auth (C:\Users\Lenovo\Desktop\NewBranch\branch-backend\src\middleware\auth.middleware.ts:44:13)[39m
[31m    at Layer.handleRequest (C:\Users\Lenovo\Desktop\NewBranch\branch-backend\node_modules\router\lib\layer.js:152:17)[39m
[31m    at trimPrefix (C:\Users\Lenovo\Desktop\NewBranch\branch-backend\node_modules\router\index.js:342:13)[39m
[31m    at C:\Users\Lenovo\Desktop\NewBranch\branch-backend\node_modules\router\index.js:297:9[39m
[31m    at processParams (C:\Users\Lenovo\Desktop\NewBranch\branch-backend\node_modules\router\index.js:582:12)[39m
[31m    at next (C:\Users\Lenovo\Desktop\NewBranch\branch-backend\node_modules\router\index.js:291:5)[39m
[31m    at Function.handle (C:\Users\Lenovo\Desktop\NewBranch\branch-backend\node_modules\router\index.js:186:3)[39m
[31m    at router (C:\Users\Lenovo\Desktop\NewBranch\branch-backend\node_modules\router\index.js:60:12)[39m
[31m    at Layer.handleRequest (C:\Users\Lenovo\Desktop\NewBranch\branch-backend\node_modules\router\lib\layer.js:152:17)[39m
[31m    at trimPrefix (C:\Users\Lenovo\Desktop\NewBranch\branch-backend\node_modules\router\index.js:342:13)[39m
[2026-09-28 16:58:10:5810] [[31merror[39m]: [31mError: Invalid or expired authentication token.[39m
[31m    at auth (C:\Users\Lenovo\Desktop\NewBranch\branch-backend\src\middleware\auth.middleware.ts:44:13)[39m
[31m    at Layer.handleRequest (C:\Users\Lenovo\Desktop\NewBranch\branch-backend\node_modules\router\lib\layer.js:152:17)[39m
[31m    at trimPrefix (C:\Users\Lenovo\Desktop\NewBranch\branch-backend\node_modules\router\index.js:342:13)[39m
[31m    at C:\Users\Lenovo\Desktop\NewBranch\branch-backend\node_modules\router\index.js:297:9[39m
[31m    at processParams (C:\Users\Lenovo\Desktop\NewBranch\branch-backend\node_modules\router\index.js:582:12)[39m
[31m    at next (C:\Users\Lenovo\Desktop\NewBranch\branch-backend\node_modules\router\index.js:291:5)[39m
[31m    at Function.handle (C:\Users\Lenovo\Desktop\NewBranch\branch-backend\node_modules\router\index.js:186:3)[39m
[31m    at router (C:\Users\Lenovo\Desktop\NewBranch\branch-backend\node_modules\router\index.js:60:12)[39m
[31m    at Layer.handleRequest (C:\Users\Lenovo\Desktop\NewBranch\branch-backend\node_modules\router\lib\layer.js:152:17)[39m
[31m    at trimPrefix (C:\Users\Lenovo\Desktop\NewBranch\branch-backend\node_modules\router\index.js:342:13)[39m
[2026-09-28 16:58:10:5810] [[31merror[39m]: [31mError: Invalid or expired authentication token.[39m
[31m    at auth (C:\Users\Lenovo\Desktop\NewBranch\branch-backend\src\middleware\auth.middleware.ts:44:13)[39m
[31m    at Layer.handleRequest (C:\Users\Lenovo\Desktop\NewBranch\branch-backend\node_modules\router\lib\layer.js:152:17)[39m
[31m    at trimPrefix (C:\Users\Lenovo\Desktop\NewBranch\branch-backend\node_modules\router\index.js:342:13)[39m
[31m    at C:\Users\Lenovo\Desktop\NewBranch\branch-backend\node_modules\router\index.js:297:9[39m
[31m    at processParams (C:\Users\Lenovo\Desktop\NewBranch\branch-backend\node_modules\router\index.js:582:12)[39m
[31m    at next (C:\Users\Lenovo\Desktop\NewBranch\branch-backend\node_modules\router\index.js:291:5)[39m
[31m    at Function.handle (C:\Users\Lenovo\Desktop\NewBranch\branch-backend\node_modules\router\index.js:186:3)[39m
[31m    at router (C:\Users\Lenovo\Desktop\NewBranch\branch-backend\node_modules\router\index.js:60:12)[39m
[31m    at Layer.handleRequest (C:\Users\Lenovo\Desktop\NewBranch\branch-backend\node_modules\router\lib\layer.js:152:17)[39m
[31m    at trimPrefix (C:\Users\Lenovo\Desktop\NewBranch\branch-backend\node_modules\router\index.js:342:13)[39m
[2026-09-28 16:58:10:5810] [[31merror[39m]: [31mError: Invalid or expired authentication token.[39m
[31m    at auth (C:\Users\Lenovo\Desktop\NewBranch\branch-backend\src\middleware\auth.middleware.ts:44:13)[39m
[31m    at Layer.handleRequest (C:\Users\Lenovo\Desktop\NewBranch\branch-backend\node_modules\router\lib\layer.js:152:17)[39m
[31m    at trimPrefix (C:\Users\Lenovo\Desktop\NewBranch\branch-backend\node_modules\router\index.js:342:13)[39m
[31m    at C:\Users\Lenovo\Desktop\NewBranch\branch-backend\node_modules\router\index.js:297:9[39m
[31m    at processParams (C:\Users\Lenovo\Desktop\NewBranch\branch-backend\node_modules\router\index.js:582:12)[39m
[31m    at next (C:\Users\Lenovo\Desktop\NewBranch\branch-backend\node_modules\router\index.js:291:5)[39m
[31m    at Function.handle (C:\Users\Lenovo\Desktop\NewBranch\branch-backend\node_modules\router\index.js:186:3)[39m
[31m    at router (C:\Users\Lenovo\Desktop\NewBranch\branch-backend\node_modules\router\index.js:60:12)[39m
[31m    at Layer.handleRequest (C:\Users\Lenovo\Desktop\NewBranch\branch-backend\node_modules\router\lib\layer.js:152:17)[39m
[31m    at trimPrefix (C:\Users\Lenovo\Desktop\NewBranch\branch-backend\node_modules\router\index.js:342:13)[39m
[2026-09-28 16:58:10:5810] [[31merror[39m]: [31mError: Invalid or expired authentication token.[39m
[31m    at auth (C:\Users\Lenovo\Desktop\NewBranch\branch-backend\src\middleware\auth.middleware.ts:44:13)[39m
[31m    at Layer.handleRequest (C:\Users\Lenovo\Desktop\NewBranch\branch-backend\node_modules\router\lib\layer.js:152:17)[39m
[31m    at trimPrefix (C:\Users\Lenovo\Desktop\NewBranch\branch-backend\node_modules\router\index.js:342:13)[39m
[31m    at C:\Users\Lenovo\Desktop\NewBranch\branch-backend\node_modules\router\index.js:297:9[39m
[31m    at processParams (C:\Users\Lenovo\Desktop\NewBranch\branch-backend\node_modules\router\index.js:582:12)[39m
[31m    at next (C:\Users\Lenovo\Desktop\NewBranch\branch-backend\node_modules\router\index.js:291:5)[39m
[31m    at Function.handle (C:\Users\Lenovo\Desktop\NewBranch\branch-backend\node_modules\router\index.js:186:3)[39m
[31m    at router (C:\Users\Lenovo\Desktop\NewBranch\branch-backend\node_modules\router\index.js:60:12)[39m
[31m    at Layer.handleRequest (C:\Users\Lenovo\Desktop\NewBranch\branch-backend\node_modules\router\lib\layer.js:152:17)[39m
[31m    at trimPrefix (C:\Users\Lenovo\Desktop\NewBranch\branch-backend\node_modules\router\index.js:342:13)[39m
[2026-09-28 16:58:10:5810] [[31merror[39m]: [31mError: Invalid or expired authentication token.[39m
[31m    at auth (C:\Users\Lenovo\Desktop\NewBranch\branch-backend\src\middleware\auth.middleware.ts:44:13)[39m
[31m    at Layer.handleRequest (C:\Users\Lenovo\Desktop\NewBranch\branch-backend\node_modules\router\lib\layer.js:152:17)[39m
[31m    at trimPrefix (C:\Users\Lenovo\Desktop\NewBranch\branch-backend\node_modules\router\index.js:342:13)[39m
[31m    at C:\Users\Lenovo\Desktop\NewBranch\branch-backend\node_modules\router\index.js:297:9[39m
[31m    at processParams (C:\Users\Lenovo\Desktop\NewBranch\branch-backend\node_modules\router\index.js:582:12)[39m
[31m    at next (C:\Users\Lenovo\Desktop\NewBranch\branch-backend\node_modules\router\index.js:291:5)[39m
[31m    at Function.handle (C:\Users\Lenovo\Desktop\NewBranch\branch-backend\node_modules\router\index.js:186:3)[39m
[31m    at router (C:\Users\Lenovo\Desktop\NewBranch\branch-backend\node_modules\router\index.js:60:12)[39m
[31m    at Layer.handleRequest (C:\Users\Lenovo\Desktop\NewBranch\branch-backend\node_modules\router\lib\layer.js:152:17)[39m
[31m    at trimPrefix (C:\Users\Lenovo\Desktop\NewBranch\branch-backend\node_modules\router\index.js:342:13)[39m
[2026-09-28 17:34:01:341] [[31merror[39m]: [31mError: Invalid or expired authentication token.[39m
[31m    at auth (C:\Users\Lenovo\Desktop\NewBranch\branch-backend\src\middleware\auth.middleware.ts:44:13)[39m
[31m    at Layer.handleRequest (C:\Users\Lenovo\Desktop\NewBranch\branch-backend\node_modules\router\lib\layer.js:152:17)[39m
[31m    at trimPrefix (C:\Users\Lenovo\Desktop\NewBranch\branch-backend\node_modules\router\index.js:342:13)[39m
[31m    at C:\Users\Lenovo\Desktop\NewBranch\branch-backend\node_modules\router\index.js:297:9[39m
[31m    at processParams (C:\Users\Lenovo\Desktop\NewBranch\branch-backend\node_modules\router\index.js:582:12)[39m
[31m    at next (C:\Users\Lenovo\Desktop\NewBranch\branch-backend\node_modules\router\index.js:291:5)[39m
[31m    at Function.handle (C:\Users\Lenovo\Desktop\NewBranch\branch-backend\node_modules\router\index.js:186:3)[39m
[31m    at router (C:\Users\Lenovo\Desktop\NewBranch\branch-backend\node_modules\router\index.js:60:12)[39m
[31m    at Layer.handleRequest (C:\Users\Lenovo\Desktop\NewBranch\branch-backend\node_modules\router\lib\layer.js:152:17)[39m
[31m    at trimPrefix (C:\Users\Lenovo\Desktop\NewBranch\branch-backend\node_modules\router\index.js:342:13)[39m
[2026-09-29 17:12:58:1258] [[32minfo[39m]: [32mServer is running in development mode on port 8000[39m
[2026-09-29 17:15:22:1522] [[31merror[39m]: [31mError: Invalid or expired authentication token.[39m
[31m    at auth (C:\Users\Lenovo\Desktop\NewBranch\branch-backend\src\middleware\auth.middleware.ts:44:13)[39m
[31m    at Layer.handleRequest (C:\Users\Lenovo\Desktop\NewBranch\branch-backend\node_modules\router\lib\layer.js:152:17)[39m
[31m    at trimPrefix (C:\Users\Lenovo\Desktop\NewBranch\branch-backend\node_modules\router\index.js:342:13)[39m
[31m    at C:\Users\Lenovo\Desktop\NewBranch\branch-backend\node_modules\router\index.js:297:9[39m
[31m    at processParams (C:\Users\Lenovo\Desktop\NewBranch\branch-backend\node_modules\router\index.js:582:12)[39m
[31m    at next (C:\Users\Lenovo\Desktop\NewBranch\branch-backend\node_modules\router\index.js:291:5)[39m
[31m    at Function.handle (C:\Users\Lenovo\Desktop\NewBranch\branch-backend\node_modules\router\index.js:186:3)[39m
[31m    at router (C:\Users\Lenovo\Desktop\NewBranch\branch-backend\node_modules\router\index.js:60:12)[39m
[31m    at Layer.handleRequest (C:\Users\Lenovo\Desktop\NewBranch\branch-backend\node_modules\router\lib\layer.js:152:17)[39m
[31m    at trimPrefix (C:\Users\Lenovo\Desktop\NewBranch\branch-backend\node_modules\router\index.js:342:13)[39m
[2026-09-29 17:31:04:314] [[31merror[39m]: [31mError: Invalid or expired authentication token.[39m
[31m    at auth (C:\Users\Lenovo\Desktop\NewBranch\branch-backend\src\middleware\auth.middleware.ts:44:13)[39m
[31m    at Layer.handleRequest (C:\Users\Lenovo\Desktop\NewBranch\branch-backend\node_modules\router\lib\layer.js:152:17)[39m
[31m    at trimPrefix (C:\Users\Lenovo\Desktop\NewBranch\branch-backend\node_modules\router\index.js:342:13)[39m
[31m    at C:\Users\Lenovo\Desktop\NewBranch\branch-backend\node_modules\router\index.js:297:9[39m
[31m    at processParams (C:\Users\Lenovo\Desktop\NewBranch\branch-backend\node_modules\router\index.js:582:12)[39m
[31m    at next (C:\Users\Lenovo\Desktop\NewBranch\branch-backend\node_modules\router\index.js:291:5)[39m
[31m    at Function.handle (C:\Users\Lenovo\Desktop\NewBranch\branch-backend\node_modules\router\index.js:186:3)[39m
[31m    at router (C:\Users\Lenovo\Desktop\NewBranch\branch-backend\node_modules\router\index.js:60:12)[39m
[31m    at Layer.handleRequest (C:\Users\Lenovo\Desktop\NewBranch\branch-backend\node_modules\router\lib\layer.js:152:17)[39m
[31m    at trimPrefix (C:\Users\Lenovo\Desktop\NewBranch\branch-backend\node_modules\router\index.js:342:13)[39m
[2026-09-29 18:05:04:54] [[31merror[39m]: [31mError: Invalid or expired authentication token.[39m
[31m    at auth (C:\Users\Lenovo\Desktop\NewBranch\branch-backend\src\middleware\auth.middleware.ts:44:13)[39m
[31m    at Layer.handleRequest (C:\Users\Lenovo\Desktop\NewBranch\branch-backend\node_modules\router\lib\layer.js:152:17)[39m
[31m    at trimPrefix (C:\Users\Lenovo\Desktop\NewBranch\branch-backend\node_modules\router\index.js:342:13)[39m
[31m    at C:\Users\Lenovo\Desktop\NewBranch\branch-backend\node_modules\router\index.js:297:9[39m
[31m    at processParams (C:\Users\Lenovo\Desktop\NewBranch\branch-backend\node_modules\router\index.js:582:12)[39m
[31m    at next (C:\Users\Lenovo\Desktop\NewBranch\branch-backend\node_modules\router\index.js:291:5)[39m
[31m    at Function.handle (C:\Users\Lenovo\Desktop\NewBranch\branch-backend\node_modules\router\index.js:186:3)[39m
[31m    at router (C:\Users\Lenovo\Desktop\NewBranch\branch-backend\node_modules\router\index.js:60:12)[39m
[31m    at Layer.handleRequest (C:\Users\Lenovo\Desktop\NewBranch\branch-backend\node_modules\router\lib\layer.js:152:17)[39m
[31m    at trimPrefix (C:\Users\Lenovo\Desktop\NewBranch\branch-backend\node_modules\router\index.js:342:13)[39m
[2026-09-29 18:21:08:218] [[31merror[39m]: [31mError: Invalid or expired authentication token.[39m
[31m    at auth (C:\Users\Lenovo\Desktop\NewBranch\branch-backend\src\middleware\auth.middleware.ts:44:13)[39m
[31m    at Layer.handleRequest (C:\Users\Lenovo\Desktop\NewBranch\branch-backend\node_modules\router\lib\layer.js:152:17)[39m
[31m    at trimPrefix (C:\Users\Lenovo\Desktop\NewBranch\branch-backend\node_modules\router\index.js:342:13)[39m
[31m    at C:\Users\Lenovo\Desktop\NewBranch\branch-backend\node_modules\router\index.js:297:9[39m
[31m    at processParams (C:\Users\Lenovo\Desktop\NewBranch\branch-backend\node_modules\router\index.js:582:12)[39m
[31m    at next (C:\Users\Lenovo\Desktop\NewBranch\branch-backend\node_modules\router\index.js:291:5)[39m
[31m    at Function.handle (C:\Users\Lenovo\Desktop\NewBranch\branch-backend\node_modules\router\index.js:186:3)[39m
[31m    at router (C:\Users\Lenovo\Desktop\NewBranch\branch-backend\node_modules\router\index.js:60:12)[39m
[31m    at Layer.handleRequest (C:\Users\Lenovo\Desktop\NewBranch\branch-backend\node_modules\router\lib\layer.js:152:17)[39m
[31m    at trimPrefix (C:\Users\Lenovo\Desktop\NewBranch\branch-backend\node_modules\router\index.js:342:13)[39m
[2026-09-29 18:21:08:218] [[31merror[39m]: [31mError: Invalid or expired authentication token.[39m
[31m    at auth (C:\Users\Lenovo\Desktop\NewBranch\branch-backend\src\middleware\auth.middleware.ts:44:13)[39m
[31m    at Layer.handleRequest (C:\Users\Lenovo\Desktop\NewBranch\branch-backend\node_modules\router\lib\layer.js:152:17)[39m
[31m    at trimPrefix (C:\Users\Lenovo\Desktop\NewBranch\branch-backend\node_modules\router\index.js:342:13)[39m
[31m    at C:\Users\Lenovo\Desktop\NewBranch\branch-backend\node_modules\router\index.js:297:9[39m
[31m    at processParams (C:\Users\Lenovo\Desktop\NewBranch\branch-backend\node_modules\router\index.js:582:12)[39m
[31m    at next (C:\Users\Lenovo\Desktop\NewBranch\branch-backend\node_modules\router\index.js:291:5)[39m
[31m    at Function.handle (C:\Users\Lenovo\Desktop\NewBranch\branch-backend\node_modules\router\index.js:186:3)[39m
[31m    at router (C:\Users\Lenovo\Desktop\NewBranch\branch-backend\node_modules\router\index.js:60:12)[39m
[31m    at Layer.handleRequest (C:\Users\Lenovo\Desktop\NewBranch\branch-backend\node_modules\router\lib\layer.js:152:17)[39m
[31m    at trimPrefix (C:\Users\Lenovo\Desktop\NewBranch\branch-backend\node_modules\router\index.js:342:13)[39m
[2026-09-29 18:21:08:218] [[31merror[39m]: [31mError: Invalid or expired authentication token.[39m
[31m    at auth (C:\Users\Lenovo\Desktop\NewBranch\branch-backend\src\middleware\auth.middleware.ts:44:13)[39m
[31m    at Layer.handleRequest (C:\Users\Lenovo\Desktop\NewBranch\branch-backend\node_modules\router\lib\layer.js:152:17)[39m
[31m    at trimPrefix (C:\Users\Lenovo\Desktop\NewBranch\branch-backend\node_modules\router\index.js:342:13)[39m
[31m    at C:\Users\Lenovo\Desktop\NewBranch\branch-backend\node_modules\router\index.js:297:9[39m
[31m    at processParams (C:\Users\Lenovo\Desktop\NewBranch\branch-backend\node_modules\router\index.js:582:12)[39m
[31m    at next (C:\Users\Lenovo\Desktop\NewBranch\branch-backend\node_modules\router\index.js:291:5)[39m
[31m    at Function.handle (C:\Users\Lenovo\Desktop\NewBranch\branch-backend\node_modules\router\index.js:186:3)[39m
[31m    at router (C:\Users\Lenovo\Desktop\NewBranch\branch-backend\node_modules\router\index.js:60:12)[39m
[31m    at Layer.handleRequest (C:\Users\Lenovo\Desktop\NewBranch\branch-backend\node_modules\router\lib\layer.js:152:17)[39m
[31m    at trimPrefix (C:\Users\Lenovo\Desktop\NewBranch\branch-backend\node_modules\router\index.js:342:13)[39m
[2026-09-29 18:21:08:218] [[31merror[39m]: [31mError: Invalid or expired authentication token.[39m
[31m    at auth (C:\Users\Lenovo\Desktop\NewBranch\branch-backend\src\middleware\auth.middleware.ts:44:13)[39m
[31m    at Layer.handleRequest (C:\Users\Lenovo\Desktop\NewBranch\branch-backend\node_modules\router\lib\layer.js:152:17)[39m
[31m    at trimPrefix (C:\Users\Lenovo\Desktop\NewBranch\branch-backend\node_modules\router\index.js:342:13)[39m
[31m    at C:\Users\Lenovo\Desktop\NewBranch\branch-backend\node_modules\router\index.js:297:9[39m
[31m    at processParams (C:\Users\Lenovo\Desktop\NewBranch\branch-backend\node_modules\router\index.js:582:12)[39m
[31m    at next (C:\Users\Lenovo\Desktop\NewBranch\branch-backend\node_modules\router\index.js:291:5)[39m
[31m    at Function.handle (C:\Users\Lenovo\Desktop\NewBranch\branch-backend\node_modules\router\index.js:186:3)[39m
[31m    at router (C:\Users\Lenovo\Desktop\NewBranch\branch-backend\node_modules\router\index.js:60:12)[39m
[31m    at Layer.handleRequest (C:\Users\Lenovo\Desktop\NewBranch\branch-backend\node_modules\router\lib\layer.js:152:17)[39m
[31m    at trimPrefix (C:\Users\Lenovo\Desktop\NewBranch\branch-backend\node_modules\router\index.js:342:13)[39m
[2026-09-29 18:21:08:218] [[31merror[39m]: [31mError: Invalid or expired authentication token.[39m
[31m    at auth (C:\Users\Lenovo\Desktop\NewBranch\branch-backend\src\middleware\auth.middleware.ts:44:13)[39m
[31m    at Layer.handleRequest (C:\Users\Lenovo\Desktop\NewBranch\branch-backend\node_modules\router\lib\layer.js:152:17)[39m
[31m    at trimPrefix (C:\Users\Lenovo\Desktop\NewBranch\branch-backend\node_modules\router\index.js:342:13)[39m
[31m    at C:\Users\Lenovo\Desktop\NewBranch\branch-backend\node_modules\router\index.js:297:9[39m
[31m    at processParams (C:\Users\Lenovo\Desktop\NewBranch\branch-backend\node_modules\router\index.js:582:12)[39m
[31m    at next (C:\Users\Lenovo\Desktop\NewBranch\branch-backend\node_modules\router\index.js:291:5)[39m
[31m    at Function.handle (C:\Users\Lenovo\Desktop\NewBranch\branch-backend\node_modules\router\index.js:186:3)[39m
[31m    at router (C:\Users\Lenovo\Desktop\NewBranch\branch-backend\node_modules\router\index.js:60:12)[39m
[31m    at Layer.handleRequest (C:\Users\Lenovo\Desktop\NewBranch\branch-backend\node_modules\router\lib\layer.js:152:17)[39m
[31m    at trimPrefix (C:\Users\Lenovo\Desktop\NewBranch\branch-backend\node_modules\router\index.js:342:13)[39m
[2026-09-29 18:21:08:218] [[31merror[39m]: [31mError: Invalid or expired authentication token.[39m
[31m    at auth (C:\Users\Lenovo\Desktop\NewBranch\branch-backend\src\middleware\auth.middleware.ts:44:13)[39m
[31m    at Layer.handleRequest (C:\Users\Lenovo\Desktop\NewBranch\branch-backend\node_modules\router\lib\layer.js:152:17)[39m
[31m    at trimPrefix (C:\Users\Lenovo\Desktop\NewBranch\branch-backend\node_modules\router\index.js:342:13)[39m
[31m    at C:\Users\Lenovo\Desktop\NewBranch\branch-backend\node_modules\router\index.js:297:9[39m
[31m    at processParams (C:\Users\Lenovo\Desktop\NewBranch\branch-backend\node_modules\router\index.js:582:12)[39m
[31m    at next (C:\Users\Lenovo\Desktop\NewBranch\branch-backend\node_modules\router\index.js:291:5)[39m
[31m    at Function.handle (C:\Users\Lenovo\Desktop\NewBranch\branch-backend\node_modules\router\index.js:186:3)[39m
[31m    at router (C:\Users\Lenovo\Desktop\NewBranch\branch-backend\node_modules\router\index.js:60:12)[39m
[31m    at Layer.handleRequest (C:\Users\Lenovo\Desktop\NewBranch\branch-backend\node_modules\router\lib\layer.js:152:17)[39m
[31m    at trimPrefix (C:\Users\Lenovo\Desktop\NewBranch\branch-backend\node_modules\router\index.js:342:13)[39m
[2026-09-29 18:21:08:218] [[31merror[39m]: [31mError: Invalid or expired authentication token.[39m
[31m    at auth (C:\Users\Lenovo\Desktop\NewBranch\branch-backend\src\middleware\auth.middleware.ts:44:13)[39m
[31m    at Layer.handleRequest (C:\Users\Lenovo\Desktop\NewBranch\branch-backend\node_modules\router\lib\layer.js:152:17)[39m
[31m    at trimPrefix (C:\Users\Lenovo\Desktop\NewBranch\branch-backend\node_modules\router\index.js:342:13)[39m
[31m    at C:\Users\Lenovo\Desktop\NewBranch\branch-backend\node_modules\router\index.js:297:9[39m
[31m    at processParams (C:\Users\Lenovo\Desktop\NewBranch\branch-backend\node_modules\router\index.js:582:12)[39m
[31m    at next (C:\Users\Lenovo\Desktop\NewBranch\branch-backend\node_modules\router\index.js:291:5)[39m
[31m    at Function.handle (C:\Users\Lenovo\Desktop\NewBranch\branch-backend\node_modules\router\index.js:186:3)[39m
[31m    at router (C:\Users\Lenovo\Desktop\NewBranch\branch-backend\node_modules\router\index.js:60:12)[39m
[31m    at Layer.handleRequest (C:\Users\Lenovo\Desktop\NewBranch\branch-backend\node_modules\router\lib\layer.js:152:17)[39m
[31m    at trimPrefix (C:\Users\Lenovo\Desktop\NewBranch\branch-backend\node_modules\router\index.js:342:13)[39m
[2026-09-29 18:21:08:218] [[31merror[39m]: [31mError: Invalid or expired authentication token.[39m
[31m    at auth (C:\Users\Lenovo\Desktop\NewBranch\branch-backend\src\middleware\auth.middleware.ts:44:13)[39m
[31m    at Layer.handleRequest (C:\Users\Lenovo\Desktop\NewBranch\branch-backend\node_modules\router\lib\layer.js:152:17)[39m
[31m    at trimPrefix (C:\Users\Lenovo\Desktop\NewBranch\branch-backend\node_modules\router\index.js:342:13)[39m
[31m    at C:\Users\Lenovo\Desktop\NewBranch\branch-backend\node_modules\router\index.js:297:9[39m
[31m    at processParams (C:\Users\Lenovo\Desktop\NewBranch\branch-backend\node_modules\router\index.js:582:12)[39m
[31m    at next (C:\Users\Lenovo\Desktop\NewBranch\branch-backend\node_modules\router\index.js:291:5)[39m
[31m    at Function.handle (C:\Users\Lenovo\Desktop\NewBranch\branch-backend\node_modules\router\index.js:186:3)[39m
[31m    at router (C:\Users\Lenovo\Desktop\NewBranch\branch-backend\node_modules\router\index.js:60:12)[39m
[31m    at Layer.handleRequest (C:\Users\Lenovo\Desktop\NewBranch\branch-backend\node_modules\router\lib\layer.js:152:17)[39m
[31m    at trimPrefix (C:\Users\Lenovo\Desktop\NewBranch\branch-backend\node_modules\router\index.js:342:13)[39m
[2026-09-29 18:21:08:218] [[31merror[39m]: [31mError: Invalid or expired authentication token.[39m
[31m    at auth (C:\Users\Lenovo\Desktop\NewBranch\branch-backend\src\middleware\auth.middleware.ts:44:13)[39m
[31m    at Layer.handleRequest (C:\Users\Lenovo\Desktop\NewBranch\branch-backend\node_modules\router\lib\layer.js:152:17)[39m
[31m    at trimPrefix (C:\Users\Lenovo\Desktop\NewBranch\branch-backend\node_modules\router\index.js:342:13)[39m
[31m    at C:\Users\Lenovo\Desktop\NewBranch\branch-backend\node_modules\router\index.js:297:9[39m
[31m    at processParams (C:\Users\Lenovo\Desktop\NewBranch\branch-backend\node_modules\router\index.js:582:12)[39m
[31m    at next (C:\Users\Lenovo\Desktop\NewBranch\branch-backend\node_modules\router\index.js:291:5)[39m
[31m    at Function.handle (C:\Users\Lenovo\Desktop\NewBranch\branch-backend\node_modules\router\index.js:186:3)[39m
[31m    at router (C:\Users\Lenovo\Desktop\NewBranch\branch-backend\node_modules\router\index.js:60:12)[39m
[31m    at Layer.handleRequest (C:\Users\Lenovo\Desktop\NewBranch\branch-backend\node_modules\router\lib\layer.js:152:17)[39m
[31m    at trimPrefix (C:\Users\Lenovo\Desktop\NewBranch\branch-backend\node_modules\router\index.js:342:13)[39m
[2026-09-29 18:21:08:218] [[31merror[39m]: [31mError: Invalid or expired authentication token.[39m
[31m    at auth (C:\Users\Lenovo\Desktop\NewBranch\branch-backend\src\middleware\auth.middleware.ts:44:13)[39m
[31m    at Layer.handleRequest (C:\Users\Lenovo\Desktop\NewBranch\branch-backend\node_modules\router\lib\layer.js:152:17)[39m
[31m    at trimPrefix (C:\Users\Lenovo\Desktop\NewBranch\branch-backend\node_modules\router\index.js:342:13)[39m
[31m    at C:\Users\Lenovo\Desktop\NewBranch\branch-backend\node_modules\router\index.js:297:9[39m
[31m    at processParams (C:\Users\Lenovo\Desktop\NewBranch\branch-backend\node_modules\router\index.js:582:12)[39m
[31m    at next (C:\Users\Lenovo\Desktop\NewBranch\branch-backend\node_modules\router\index.js:291:5)[39m
[31m    at Function.handle (C:\Users\Lenovo\Desktop\NewBranch\branch-backend\node_modules\router\index.js:186:3)[39m
[31m    at router (C:\Users\Lenovo\Desktop\NewBranch\branch-backend\node_modules\router\index.js:60:12)[39m
[31m    at Layer.handleRequest (C:\Users\Lenovo\Desktop\NewBranch\branch-backend\node_modules\router\lib\layer.js:152:17)[39m
[31m    at trimPrefix (C:\Users\Lenovo\Desktop\NewBranch\branch-backend\node_modules\router\index.js:342:13)[39m
[2026-09-30 10:58:28:5828] [[31merror[39m]: [31mError: Invalid or expired authentication token.[39m
[31m    at auth (C:\Users\Lenovo\Desktop\NewBranch\branch-backend\src\middleware\auth.middleware.ts:44:13)[39m
[31m    at Layer.handleRequest (C:\Users\Lenovo\Desktop\NewBranch\branch-backend\node_modules\router\lib\layer.js:152:17)[39m
[31m    at trimPrefix (C:\Users\Lenovo\Desktop\NewBranch\branch-backend\node_modules\router\index.js:342:13)[39m
[31m    at C:\Users\Lenovo\Desktop\NewBranch\branch-backend\node_modules\router\index.js:297:9[39m
[31m    at processParams (C:\Users\Lenovo\Desktop\NewBranch\branch-backend\node_modules\router\index.js:582:12)[39m
[31m    at next (C:\Users\Lenovo\Desktop\NewBranch\branch-backend\node_modules\router\index.js:291:5)[39m
[31m    at Function.handle (C:\Users\Lenovo\Desktop\NewBranch\branch-backend\node_modules\router\index.js:186:3)[39m
[31m    at router (C:\Users\Lenovo\Desktop\NewBranch\branch-backend\node_modules\router\index.js:60:12)[39m
[31m    at Layer.handleRequest (C:\Users\Lenovo\Desktop\NewBranch\branch-backend\node_modules\router\lib\layer.js:152:17)[39m
[31m    at trimPrefix (C:\Users\Lenovo\Desktop\NewBranch\branch-backend\node_modules\router\index.js:342:13)[39m
[2026-09-30 10:58:28:5828] [[31merror[39m]: [31mError: Invalid or expired authentication token.[39m
[31m    at auth (C:\Users\Lenovo\Desktop\NewBranch\branch-backend\src\middleware\auth.middleware.ts:44:13)[39m
[31m    at Layer.handleRequest (C:\Users\Lenovo\Desktop\NewBranch\branch-backend\node_modules\router\lib\layer.js:152:17)[39m
[31m    at trimPrefix (C:\Users\Lenovo\Desktop\NewBranch\branch-backend\node_modules\router\index.js:342:13)[39m
[31m    at C:\Users\Lenovo\Desktop\NewBranch\branch-backend\node_modules\router\index.js:297:9[39m
[31m    at processParams (C:\Users\Lenovo\Desktop\NewBranch\branch-backend\node_modules\router\index.js:582:12)[39m
[31m    at next (C:\Users\Lenovo\Desktop\NewBranch\branch-backend\node_modules\router\index.js:291:5)[39m
[31m    at Function.handle (C:\Users\Lenovo\Desktop\NewBranch\branch-backend\node_modules\router\index.js:186:3)[39m
[31m    at router (C:\Users\Lenovo\Desktop\NewBranch\branch-backend\node_modules\router\index.js:60:12)[39m
[31m    at Layer.handleRequest (C:\Users\Lenovo\Desktop\NewBranch\branch-backend\node_modules\router\lib\layer.js:152:17)[39m
[31m    at trimPrefix (C:\Users\Lenovo\Desktop\NewBranch\branch-backend\node_modules\router\index.js:342:13)[39m
[2026-09-30 10:58:28:5828] [[31merror[39m]: [31mError: Invalid or expired authentication token.[39m
[31m    at auth (C:\Users\Lenovo\Desktop\NewBranch\branch-backend\src\middleware\auth.middleware.ts:44:13)[39m
[31m    at Layer.handleRequest (C:\Users\Lenovo\Desktop\NewBranch\branch-backend\node_modules\router\lib\layer.js:152:17)[39m
[31m    at trimPrefix (C:\Users\Lenovo\Desktop\NewBranch\branch-backend\node_modules\router\index.js:342:13)[39m
[31m    at C:\Users\Lenovo\Desktop\NewBranch\branch-backend\node_modules\router\index.js:297:9[39m
[31m    at processParams (C:\Users\Lenovo\Desktop\NewBranch\branch-backend\node_modules\router\index.js:582:12)[39m
[31m    at next (C:\Users\Lenovo\Desktop\NewBranch\branch-backend\node_modules\router\index.js:291:5)[39m
[31m    at Function.handle (C:\Users\Lenovo\Desktop\NewBranch\branch-backend\node_modules\router\index.js:186:3)[39m
[31m    at router (C:\Users\Lenovo\Desktop\NewBranch\branch-backend\node_modules\router\index.js:60:12)[39m
[31m    at Layer.handleRequest (C:\Users\Lenovo\Desktop\NewBranch\branch-backend\node_modules\router\lib\layer.js:152:17)[39m
[31m    at trimPrefix (C:\Users\Lenovo\Desktop\NewBranch\branch-backend\node_modules\router\index.js:342:13)[39m
[2026-09-30 10:58:28:5828] [[31merror[39m]: [31mError: Invalid or expired authentication token.[39m
[31m    at auth (C:\Users\Lenovo\Desktop\NewBranch\branch-backend\src\middleware\auth.middleware.ts:44:13)[39m
[31m    at Layer.handleRequest (C:\Users\Lenovo\Desktop\NewBranch\branch-backend\node_modules\router\lib\layer.js:152:17)[39m
[31m    at trimPrefix (C:\Users\Lenovo\Desktop\NewBranch\branch-backend\node_modules\router\index.js:342:13)[39m
[31m    at C:\Users\Lenovo\Desktop\NewBranch\branch-backend\node_modules\router\index.js:297:9[39m
[31m    at processParams (C:\Users\Lenovo\Desktop\NewBranch\branch-backend\node_modules\router\index.js:582:12)[39m
[31m    at next (C:\Users\Lenovo\Desktop\NewBranch\branch-backend\node_modules\router\index.js:291:5)[39m
[31m    at Function.handle (C:\Users\Lenovo\Desktop\NewBranch\branch-backend\node_modules\router\index.js:186:3)[39m
[31m    at router (C:\Users\Lenovo\Desktop\NewBranch\branch-backend\node_modules\router\index.js:60:12)[39m
[31m    at Layer.handleRequest (C:\Users\Lenovo\Desktop\NewBranch\branch-backend\node_modules\router\lib\layer.js:152:17)[39m
[31m    at trimPrefix (C:\Users\Lenovo\Desktop\NewBranch\branch-backend\node_modules\router\index.js:342:13)[39m
[2026-09-30 10:58:28:5828] [[31merror[39m]: [31mError: Invalid or expired authentication token.[39m
[31m    at auth (C:\Users\Lenovo\Desktop\NewBranch\branch-backend\src\middleware\auth.middleware.ts:44:13)[39m
[31m    at Layer.handleRequest (C:\Users\Lenovo\Desktop\NewBranch\branch-backend\node_modules\router\lib\layer.js:152:17)[39m
[31m    at trimPrefix (C:\Users\Lenovo\Desktop\NewBranch\branch-backend\node_modules\router\index.js:342:13)[39m
[31m    at C:\Users\Lenovo\Desktop\NewBranch\branch-backend\node_modules\router\index.js:297:9[39m
[31m    at processParams (C:\Users\Lenovo\Desktop\NewBranch\branch-backend\node_modules\router\index.js:582:12)[39m
[31m    at next (C:\Users\Lenovo\Desktop\NewBranch\branch-backend\node_modules\router\index.js:291:5)[39m
[31m    at Function.handle (C:\Users\Lenovo\Desktop\NewBranch\branch-backend\node_modules\router\index.js:186:3)[39m
[31m    at router (C:\Users\Lenovo\Desktop\NewBranch\branch-backend\node_modules\router\index.js:60:12)[39m
[31m    at Layer.handleRequest (C:\Users\Lenovo\Desktop\NewBranch\branch-backend\node_modules\router\lib\layer.js:152:17)[39m
[31m    at trimPrefix (C:\Users\Lenovo\Desktop\NewBranch\branch-backend\node_modules\router\index.js:342:13)[39m
[2026-09-30 10:58:28:5828] [[31merror[39m]: [31mError: Invalid or expired authentication token.[39m
[31m    at auth (C:\Users\Lenovo\Desktop\NewBranch\branch-backend\src\middleware\auth.middleware.ts:44:13)[39m
[31m    at Layer.handleRequest (C:\Users\Lenovo\Desktop\NewBranch\branch-backend\node_modules\router\lib\layer.js:152:17)[39m
[31m    at trimPrefix (C:\Users\Lenovo\Desktop\NewBranch\branch-backend\node_modules\router\index.js:342:13)[39m
[31m    at C:\Users\Lenovo\Desktop\NewBranch\branch-backend\node_modules\router\index.js:297:9[39m
[31m    at processParams (C:\Users\Lenovo\Desktop\NewBranch\branch-backend\node_modules\router\index.js:582:12)[39m
[31m    at next (C:\Users\Lenovo\Desktop\NewBranch\branch-backend\node_modules\router\index.js:291:5)[39m
[31m    at Function.handle (C:\Users\Lenovo\Desktop\NewBranch\branch-backend\node_modules\router\index.js:186:3)[39m
[31m    at router (C:\Users\Lenovo\Desktop\NewBranch\branch-backend\node_modules\router\index.js:60:12)[39m
[31m    at Layer.handleRequest (C:\Users\Lenovo\Desktop\NewBranch\branch-backend\node_modules\router\lib\layer.js:152:17)[39m
[31m    at trimPrefix (C:\Users\Lenovo\Desktop\NewBranch\branch-backend\node_modules\router\index.js:342:13)[39m
[2026-09-30 10:58:28:5828] [[31merror[39m]: [31mError: Invalid or expired authentication token.[39m
[31m    at auth (C:\Users\Lenovo\Desktop\NewBranch\branch-backend\src\middleware\auth.middleware.ts:44:13)[39m
[31m    at Layer.handleRequest (C:\Users\Lenovo\Desktop\NewBranch\branch-backend\node_modules\router\lib\layer.js:152:17)[39m
[31m    at trimPrefix (C:\Users\Lenovo\Desktop\NewBranch\branch-backend\node_modules\router\index.js:342:13)[39m
[31m    at C:\Users\Lenovo\Desktop\NewBranch\branch-backend\node_modules\router\index.js:297:9[39m
[31m    at processParams (C:\Users\Lenovo\Desktop\NewBranch\branch-backend\node_modules\router\index.js:582:12)[39m
[31m    at next (C:\Users\Lenovo\Desktop\NewBranch\branch-backend\node_modules\router\index.js:291:5)[39m
[31m    at Function.handle (C:\Users\Lenovo\Desktop\NewBranch\branch-backend\node_modules\router\index.js:186:3)[39m
[31m    at router (C:\Users\Lenovo\Desktop\NewBranch\branch-backend\node_modules\router\index.js:60:12)[39m
[31m    at Layer.handleRequest (C:\Users\Lenovo\Desktop\NewBranch\branch-backend\node_modules\router\lib\layer.js:152:17)[39m
[31m    at trimPrefix (C:\Users\Lenovo\Desktop\NewBranch\branch-backend\node_modules\router\index.js:342:13)[39m
[2026-09-30 10:58:28:5828] [[31merror[39m]: [31mError: Invalid or expired authentication token.[39m
[31m    at auth (C:\Users\Lenovo\Desktop\NewBranch\branch-backend\src\middleware\auth.middleware.ts:44:13)[39m
[31m    at Layer.handleRequest (C:\Users\Lenovo\Desktop\NewBranch\branch-backend\node_modules\router\lib\layer.js:152:17)[39m
[31m    at trimPrefix (C:\Users\Lenovo\Desktop\NewBranch\branch-backend\node_modules\router\index.js:342:13)[39m
[31m    at C:\Users\Lenovo\Desktop\NewBranch\branch-backend\node_modules\router\index.js:297:9[39m
[31m    at processParams (C:\Users\Lenovo\Desktop\NewBranch\branch-backend\node_modules\router\index.js:582:12)[39m
[31m    at next (C:\Users\Lenovo\Desktop\NewBranch\branch-backend\node_modules\router\index.js:291:5)[39m
[31m    at Function.handle (C:\Users\Lenovo\Desktop\NewBranch\branch-backend\node_modules\router\index.js:186:3)[39m
[31m    at router (C:\Users\Lenovo\Desktop\NewBranch\branch-backend\node_modules\router\index.js:60:12)[39m
[31m    at Layer.handleRequest (C:\Users\Lenovo\Desktop\NewBranch\branch-backend\node_modules\router\lib\layer.js:152:17)[39m
[31m    at trimPrefix (C:\Users\Lenovo\Desktop\NewBranch\branch-backend\node_modules\router\index.js:342:13)[39m
[2026-09-30 10:58:28:5828] [[31merror[39m]: [31mError: Invalid or expired authentication token.[39m
[31m    at auth (C:\Users\Lenovo\Desktop\NewBranch\branch-backend\src\middleware\auth.middleware.ts:44:13)[39m
[31m    at Layer.handleRequest (C:\Users\Lenovo\Desktop\NewBranch\branch-backend\node_modules\router\lib\layer.js:152:17)[39m
[31m    at trimPrefix (C:\Users\Lenovo\Desktop\NewBranch\branch-backend\node_modules\router\index.js:342:13)[39m
[31m    at C:\Users\Lenovo\Desktop\NewBranch\branch-backend\node_modules\router\index.js:297:9[39m
[31m    at processParams (C:\Users\Lenovo\Desktop\NewBranch\branch-backend\node_modules\router\index.js:582:12)[39m
[31m    at next (C:\Users\Lenovo\Desktop\NewBranch\branch-backend\node_modules\router\index.js:291:5)[39m
[31m    at Function.handle (C:\Users\Lenovo\Desktop\NewBranch\branch-backend\node_modules\router\index.js:186:3)[39m
[31m    at router (C:\Users\Lenovo\Desktop\NewBranch\branch-backend\node_modules\router\index.js:60:12)[39m
[31m    at Layer.handleRequest (C:\Users\Lenovo\Desktop\NewBranch\branch-backend\node_modules\router\lib\layer.js:152:17)[39m
[31m    at trimPrefix (C:\Users\Lenovo\Desktop\NewBranch\branch-backend\node_modules\router\index.js:342:13)[39m
[2026-09-30 10:58:28:5828] [[31merror[39m]: [31mError: Invalid or expired authentication token.[39m
[31m    at auth (C:\Users\Lenovo\Desktop\NewBranch\branch-backend\src\middleware\auth.middleware.ts:44:13)[39m
[31m    at Layer.handleRequest (C:\Users\Lenovo\Desktop\NewBranch\branch-backend\node_modules\router\lib\layer.js:152:17)[39m
[31m    at trimPrefix (C:\Users\Lenovo\Desktop\NewBranch\branch-backend\node_modules\router\index.js:342:13)[39m
[31m    at C:\Users\Lenovo\Desktop\NewBranch\branch-backend\node_modules\router\index.js:297:9[39m
[31m    at processParams (C:\Users\Lenovo\Desktop\NewBranch\branch-backend\node_modules\router\index.js:582:12)[39m
[31m    at next (C:\Users\Lenovo\Desktop\NewBranch\branch-backend\node_modules\router\index.js:291:5)[39m
[31m    at Function.handle (C:\Users\Lenovo\Desktop\NewBranch\branch-backend\node_modules\router\index.js:186:3)[39m
[31m    at router (C:\Users\Lenovo\Desktop\NewBranch\branch-backend\node_modules\router\index.js:60:12)[39m
[31m    at Layer.handleRequest (C:\Users\Lenovo\Desktop\NewBranch\branch-backend\node_modules\router\lib\layer.js:152:17)[39m
[31m    at trimPrefix (C:\Users\Lenovo\Desktop\NewBranch\branch-backend\node_modules\router\index.js:342:13)[39m
[2026-09-30 11:17:46:1746] [[31merror[39m]: [31mError: Invalid or expired authentication token.[39m
[31m    at auth (C:\Users\Lenovo\Desktop\NewBranch\branch-backend\src\middleware\auth.middleware.ts:44:13)[39m
[31m    at Layer.handleRequest (C:\Users\Lenovo\Desktop\NewBranch\branch-backend\node_modules\router\lib\layer.js:152:17)[39m
[31m    at trimPrefix (C:\Users\Lenovo\Desktop\NewBranch\branch-backend\node_modules\router\index.js:342:13)[39m
[31m    at C:\Users\Lenovo\Desktop\NewBranch\branch-backend\node_modules\router\index.js:297:9[39m
[31m    at processParams (C:\Users\Lenovo\Desktop\NewBranch\branch-backend\node_modules\router\index.js:582:12)[39m
[31m    at next (C:\Users\Lenovo\Desktop\NewBranch\branch-backend\node_modules\router\index.js:291:5)[39m
[31m    at Function.handle (C:\Users\Lenovo\Desktop\NewBranch\branch-backend\node_modules\router\index.js:186:3)[39m
[31m    at router (C:\Users\Lenovo\Desktop\NewBranch\branch-backend\node_modules\router\index.js:60:12)[39m
[31m    at Layer.handleRequest (C:\Users\Lenovo\Desktop\NewBranch\branch-backend\node_modules\router\lib\layer.js:152:17)[39m
[31m    at trimPrefix (C:\Users\Lenovo\Desktop\NewBranch\branch-backend\node_modules\router\index.js:342:13)[39m
[2026-09-30 11:35:03:353] [[31merror[39m]: [31mError: Invalid or expired authentication token.[39m
[31m    at auth (C:\Users\Lenovo\Desktop\NewBranch\branch-backend\src\middleware\auth.middleware.ts:44:13)[39m
[31m    at Layer.handleRequest (C:\Users\Lenovo\Desktop\NewBranch\branch-backend\node_modules\router\lib\layer.js:152:17)[39m
[31m    at trimPrefix (C:\Users\Lenovo\Desktop\NewBranch\branch-backend\node_modules\router\index.js:342:13)[39m
[31m    at C:\Users\Lenovo\Desktop\NewBranch\branch-backend\node_modules\router\index.js:297:9[39m
[31m    at processParams (C:\Users\Lenovo\Desktop\NewBranch\branch-backend\node_modules\router\index.js:582:12)[39m
[31m    at next (C:\Users\Lenovo\Desktop\NewBranch\branch-backend\node_modules\router\index.js:291:5)[39m
[31m    at Function.handle (C:\Users\Lenovo\Desktop\NewBranch\branch-backend\node_modules\router\index.js:186:3)[39m
[31m    at router (C:\Users\Lenovo\Desktop\NewBranch\branch-backend\node_modules\router\index.js:60:12)[39m
[31m    at Layer.handleRequest (C:\Users\Lenovo\Desktop\NewBranch\branch-backend\node_modules\router\lib\layer.js:152:17)[39m
[31m    at trimPrefix (C:\Users\Lenovo\Desktop\NewBranch\branch-backend\node_modules\router\index.js:342:13)[39m
[2026-09-30 11:35:03:353] [[31merror[39m]: [31mError: Invalid or expired authentication token.[39m
[31m    at auth (C:\Users\Lenovo\Desktop\NewBranch\branch-backend\src\middleware\auth.middleware.ts:44:13)[39m
[31m    at Layer.handleRequest (C:\Users\Lenovo\Desktop\NewBranch\branch-backend\node_modules\router\lib\layer.js:152:17)[39m
[31m    at trimPrefix (C:\Users\Lenovo\Desktop\NewBranch\branch-backend\node_modules\router\index.js:342:13)[39m
[31m    at C:\Users\Lenovo\Desktop\NewBranch\branch-backend\node_modules\router\index.js:297:9[39m
[31m    at processParams (C:\Users\Lenovo\Desktop\NewBranch\branch-backend\node_modules\router\index.js:582:12)[39m
[31m    at next (C:\Users\Lenovo\Desktop\NewBranch\branch-backend\node_modules\router\index.js:291:5)[39m
[31m    at Function.handle (C:\Users\Lenovo\Desktop\NewBranch\branch-backend\node_modules\router\index.js:186:3)[39m
[31m    at router (C:\Users\Lenovo\Desktop\NewBranch\branch-backend\node_modules\router\index.js:60:12)[39m
[31m    at Layer.handleRequest (C:\Users\Lenovo\Desktop\NewBranch\branch-backend\node_modules\router\lib\layer.js:152:17)[39m
[31m    at trimPrefix (C:\Users\Lenovo\Desktop\NewBranch\branch-backend\node_modules\router\index.js:342:13)[39m
[2026-09-30 11:35:03:353] [[31merror[39m]: [31mError: Invalid or expired authentication token.[39m
[31m    at auth (C:\Users\Lenovo\Desktop\NewBranch\branch-backend\src\middleware\auth.middleware.ts:44:13)[39m
[31m    at Layer.handleRequest (C:\Users\Lenovo\Desktop\NewBranch\branch-backend\node_modules\router\lib\layer.js:152:17)[39m
[31m    at trimPrefix (C:\Users\Lenovo\Desktop\NewBranch\branch-backend\node_modules\router\index.js:342:13)[39m
[31m    at C:\Users\Lenovo\Desktop\NewBranch\branch-backend\node_modules\router\index.js:297:9[39m
[31m    at processParams (C:\Users\Lenovo\Desktop\NewBranch\branch-backend\node_modules\router\index.js:582:12)[39m
[31m    at next (C:\Users\Lenovo\Desktop\NewBranch\branch-backend\node_modules\router\index.js:291:5)[39m
[31m    at Function.handle (C:\Users\Lenovo\Desktop\NewBranch\branch-backend\node_modules\router\index.js:186:3)[39m
[31m    at router (C:\Users\Lenovo\Desktop\NewBranch\branch-backend\node_modules\router\index.js:60:12)[39m
[31m    at Layer.handleRequest (C:\Users\Lenovo\Desktop\NewBranch\branch-backend\node_modules\router\lib\layer.js:152:17)[39m
[31m    at trimPrefix (C:\Users\Lenovo\Desktop\NewBranch\branch-backend\node_modules\router\index.js:342:13)[39m
[2026-09-30 11:35:03:353] [[31merror[39m]: [31mError: Invalid or expired authentication token.[39m
[31m    at auth (C:\Users\Lenovo\Desktop\NewBranch\branch-backend\src\middleware\auth.middleware.ts:44:13)[39m
[31m    at Layer.handleRequest (C:\Users\Lenovo\Desktop\NewBranch\branch-backend\node_modules\router\lib\layer.js:152:17)[39m
[31m    at trimPrefix (C:\Users\Lenovo\Desktop\NewBranch\branch-backend\node_modules\router\index.js:342:13)[39m
[31m    at C:\Users\Lenovo\Desktop\NewBranch\branch-backend\node_modules\router\index.js:297:9[39m
[31m    at processParams (C:\Users\Lenovo\Desktop\NewBranch\branch-backend\node_modules\router\index.js:582:12)[39m
[31m    at next (C:\Users\Lenovo\Desktop\NewBranch\branch-backend\node_modules\router\index.js:291:5)[39m
[31m    at Function.handle (C:\Users\Lenovo\Desktop\NewBranch\branch-backend\node_modules\router\index.js:186:3)[39m
[31m    at router (C:\Users\Lenovo\Desktop\NewBranch\branch-backend\node_modules\router\index.js:60:12)[39m
[31m    at Layer.handleRequest (C:\Users\Lenovo\Desktop\NewBranch\branch-backend\node_modules\router\lib\layer.js:152:17)[39m
[31m    at trimPrefix (C:\Users\Lenovo\Desktop\NewBranch\branch-backend\node_modules\router\index.js:342:13)[39m
[2026-09-30 11:35:03:353] [[31merror[39m]: [31mError: Invalid or expired authentication token.[39m
[31m    at auth (C:\Users\Lenovo\Desktop\NewBranch\branch-backend\src\middleware\auth.middleware.ts:44:13)[39m
[31m    at Layer.handleRequest (C:\Users\Lenovo\Desktop\NewBranch\branch-backend\node_modules\router\lib\layer.js:152:17)[39m
[31m    at trimPrefix (C:\Users\Lenovo\Desktop\NewBranch\branch-backend\node_modules\router\index.js:342:13)[39m
[31m    at C:\Users\Lenovo\Desktop\NewBranch\branch-backend\node_modules\router\index.js:297:9[39m
[31m    at processParams (C:\Users\Lenovo\Desktop\NewBranch\branch-backend\node_modules\router\index.js:582:12)[39m
[31m    at next (C:\Users\Lenovo\Desktop\NewBranch\branch-backend\node_modules\router\index.js:291:5)[39m
[31m    at Function.handle (C:\Users\Lenovo\Desktop\NewBranch\branch-backend\node_modules\router\index.js:186:3)[39m
[31m    at router (C:\Users\Lenovo\Desktop\NewBranch\branch-backend\node_modules\router\index.js:60:12)[39m
[31m    at Layer.handleRequest (C:\Users\Lenovo\Desktop\NewBranch\branch-backend\node_modules\router\lib\layer.js:152:17)[39m
[31m    at trimPrefix (C:\Users\Lenovo\Desktop\NewBranch\branch-backend\node_modules\router\index.js:342:13)[39m
[2026-09-30 11:35:03:353] [[31merror[39m]: [31mError: Invalid or expired authentication token.[39m
[31m    at auth (C:\Users\Lenovo\Desktop\NewBranch\branch-backend\src\middleware\auth.middleware.ts:44:13)[39m
[31m    at Layer.handleRequest (C:\Users\Lenovo\Desktop\NewBranch\branch-backend\node_modules\router\lib\layer.js:152:17)[39m
[31m    at trimPrefix (C:\Users\Lenovo\Desktop\NewBranch\branch-backend\node_modules\router\index.js:342:13)[39m
[31m    at C:\Users\Lenovo\Desktop\NewBranch\branch-backend\node_modules\router\index.js:297:9[39m
[31m    at processParams (C:\Users\Lenovo\Desktop\NewBranch\branch-backend\node_modules\router\index.js:582:12)[39m
[31m    at next (C:\Users\Lenovo\Desktop\NewBranch\branch-backend\node_modules\router\index.js:291:5)[39m
[31m    at Function.handle (C:\Users\Lenovo\Desktop\NewBranch\branch-backend\node_modules\router\index.js:186:3)[39m
[31m    at router (C:\Users\Lenovo\Desktop\NewBranch\branch-backend\node_modules\router\index.js:60:12)[39m
[31m    at Layer.handleRequest (C:\Users\Lenovo\Desktop\NewBranch\branch-backend\node_modules\router\lib\layer.js:152:17)[39m
[31m    at trimPrefix (C:\Users\Lenovo\Desktop\NewBranch\branch-backend\node_modules\router\index.js:342:13)[39m
[2026-09-30 11:35:03:353] [[31merror[39m]: [31mError: Invalid or expired authentication token.[39m
[31m    at auth (C:\Users\Lenovo\Desktop\NewBranch\branch-backend\src\middleware\auth.middleware.ts:44:13)[39m
[31m    at Layer.handleRequest (C:\Users\Lenovo\Desktop\NewBranch\branch-backend\node_modules\router\lib\layer.js:152:17)[39m
[31m    at trimPrefix (C:\Users\Lenovo\Desktop\NewBranch\branch-backend\node_modules\router\index.js:342:13)[39m
[31m    at C:\Users\Lenovo\Desktop\NewBranch\branch-backend\node_modules\router\index.js:297:9[39m
[31m    at processParams (C:\Users\Lenovo\Desktop\NewBranch\branch-backend\node_modules\router\index.js:582:12)[39m
[31m    at next (C:\Users\Lenovo\Desktop\NewBranch\branch-backend\node_modules\router\index.js:291:5)[39m
[31m    at Function.handle (C:\Users\Lenovo\Desktop\NewBranch\branch-backend\node_modules\router\index.js:186:3)[39m
[31m    at router (C:\Users\Lenovo\Desktop\NewBranch\branch-backend\node_modules\router\index.js:60:12)[39m
[31m    at Layer.handleRequest (C:\Users\Lenovo\Desktop\NewBranch\branch-backend\node_modules\router\lib\layer.js:152:17)[39m
[31m    at trimPrefix (C:\Users\Lenovo\Desktop\NewBranch\branch-backend\node_modules\router\index.js:342:13)[39m
[2026-09-30 11:35:03:353] [[31merror[39m]: [31mError: Invalid or expired authentication token.[39m
[31m    at auth (C:\Users\Lenovo\Desktop\NewBranch\branch-backend\src\middleware\auth.middleware.ts:44:13)[39m
[31m    at Layer.handleRequest (C:\Users\Lenovo\Desktop\NewBranch\branch-backend\node_modules\router\lib\layer.js:152:17)[39m
[31m    at trimPrefix (C:\Users\Lenovo\Desktop\NewBranch\branch-backend\node_modules\router\index.js:342:13)[39m
[31m    at C:\Users\Lenovo\Desktop\NewBranch\branch-backend\node_modules\router\index.js:297:9[39m
[31m    at processParams (C:\Users\Lenovo\Desktop\NewBranch\branch-backend\node_modules\router\index.js:582:12)[39m
[31m    at next (C:\Users\Lenovo\Desktop\NewBranch\branch-backend\node_modules\router\index.js:291:5)[39m
[31m    at Function.handle (C:\Users\Lenovo\Desktop\NewBranch\branch-backend\node_modules\router\index.js:186:3)[39m
[31m    at router (C:\Users\Lenovo\Desktop\NewBranch\branch-backend\node_modules\router\index.js:60:12)[39m
[31m    at Layer.handleRequest (C:\Users\Lenovo\Desktop\NewBranch\branch-backend\node_modules\router\lib\layer.js:152:17)[39m
[31m    at trimPrefix (C:\Users\Lenovo\Desktop\NewBranch\branch-backend\node_modules\router\index.js:342:13)[39m
[2026-09-30 11:50:10:5010] [[31merror[39m]: [31mError: Invalid or expired authentication token.[39m
[31m    at auth (C:\Users\Lenovo\Desktop\NewBranch\branch-backend\src\middleware\auth.middleware.ts:44:13)[39m
[31m    at Layer.handleRequest (C:\Users\Lenovo\Desktop\NewBranch\branch-backend\node_modules\router\lib\layer.js:152:17)[39m
[31m    at trimPrefix (C:\Users\Lenovo\Desktop\NewBranch\branch-backend\node_modules\router\index.js:342:13)[39m
[31m    at C:\Users\Lenovo\Desktop\NewBranch\branch-backend\node_modules\router\index.js:297:9[39m
[31m    at processParams (C:\Users\Lenovo\Desktop\NewBranch\branch-backend\node_modules\router\index.js:582:12)[39m
[31m    at next (C:\Users\Lenovo\Desktop\NewBranch\branch-backend\node_modules\router\index.js:291:5)[39m
[31m    at Function.handle (C:\Users\Lenovo\Desktop\NewBranch\branch-backend\node_modules\router\index.js:186:3)[39m
[31m    at router (C:\Users\Lenovo\Desktop\NewBranch\branch-backend\node_modules\router\index.js:60:12)[39m
[31m    at Layer.handleRequest (C:\Users\Lenovo\Desktop\NewBranch\branch-backend\node_modules\router\lib\layer.js:152:17)[39m
[31m    at trimPrefix (C:\Users\Lenovo\Desktop\NewBranch\branch-backend\node_modules\router\index.js:342:13)[39m
[2026-09-30 11:50:10:5010] [[31merror[39m]: [31mError: Invalid or expired authentication token.[39m
[31m    at auth (C:\Users\Lenovo\Desktop\NewBranch\branch-backend\src\middleware\auth.middleware.ts:44:13)[39m
[31m    at Layer.handleRequest (C:\Users\Lenovo\Desktop\NewBranch\branch-backend\node_modules\router\lib\layer.js:152:17)[39m
[31m    at trimPrefix (C:\Users\Lenovo\Desktop\NewBranch\branch-backend\node_modules\router\index.js:342:13)[39m
[31m    at C:\Users\Lenovo\Desktop\NewBranch\branch-backend\node_modules\router\index.js:297:9[39m
[31m    at processParams (C:\Users\Lenovo\Desktop\NewBranch\branch-backend\node_modules\router\index.js:582:12)[39m
[31m    at next (C:\Users\Lenovo\Desktop\NewBranch\branch-backend\node_modules\router\index.js:291:5)[39m
[31m    at Function.handle (C:\Users\Lenovo\Desktop\NewBranch\branch-backend\node_modules\router\index.js:186:3)[39m
[31m    at router (C:\Users\Lenovo\Desktop\NewBranch\branch-backend\node_modules\router\index.js:60:12)[39m
[31m    at Layer.handleRequest (C:\Users\Lenovo\Desktop\NewBranch\branch-backend\node_modules\router\lib\layer.js:152:17)[39m
[31m    at trimPrefix (C:\Users\Lenovo\Desktop\NewBranch\branch-backend\node_modules\router\index.js:342:13)[39m
[2026-09-30 11:50:10:5010] [[31merror[39m]: [31mError: Invalid or expired authentication token.[39m
[31m    at auth (C:\Users\Lenovo\Desktop\NewBranch\branch-backend\src\middleware\auth.middleware.ts:44:13)[39m
[31m    at Layer.handleRequest (C:\Users\Lenovo\Desktop\NewBranch\branch-backend\node_modules\router\lib\layer.js:152:17)[39m
[31m    at trimPrefix (C:\Users\Lenovo\Desktop\NewBranch\branch-backend\node_modules\router\index.js:342:13)[39m
[31m    at C:\Users\Lenovo\Desktop\NewBranch\branch-backend\node_modules\router\index.js:297:9[39m
[31m    at processParams (C:\Users\Lenovo\Desktop\NewBranch\branch-backend\node_modules\router\index.js:582:12)[39m
[31m    at next (C:\Users\Lenovo\Desktop\NewBranch\branch-backend\node_modules\router\index.js:291:5)[39m
[31m    at Function.handle (C:\Users\Lenovo\Desktop\NewBranch\branch-backend\node_modules\router\index.js:186:3)[39m
[31m    at router (C:\Users\Lenovo\Desktop\NewBranch\branch-backend\node_modules\router\index.js:60:12)[39m
[31m    at Layer.handleRequest (C:\Users\Lenovo\Desktop\NewBranch\branch-backend\node_modules\router\lib\layer.js:152:17)[39m
[31m    at trimPrefix (C:\Users\Lenovo\Desktop\NewBranch\branch-backend\node_modules\router\index.js:342:13)[39m
[2026-09-30 11:50:10:5010] [[31merror[39m]: [31mError: Invalid or expired authentication token.[39m
[31m    at auth (C:\Users\Lenovo\Desktop\NewBranch\branch-backend\src\middleware\auth.middleware.ts:44:13)[39m
[31m    at Layer.handleRequest (C:\Users\Lenovo\Desktop\NewBranch\branch-backend\node_modules\router\lib\layer.js:152:17)[39m
[31m    at trimPrefix (C:\Users\Lenovo\Desktop\NewBranch\branch-backend\node_modules\router\index.js:342:13)[39m
[31m    at C:\Users\Lenovo\Desktop\NewBranch\branch-backend\node_modules\router\index.js:297:9[39m
[31m    at processParams (C:\Users\Lenovo\Desktop\NewBranch\branch-backend\node_modules\router\index.js:582:12)[39m
[31m    at next (C:\Users\Lenovo\Desktop\NewBranch\branch-backend\node_modules\router\index.js:291:5)[39m
[31m    at Function.handle (C:\Users\Lenovo\Desktop\NewBranch\branch-backend\node_modules\router\index.js:186:3)[39m
[31m    at router (C:\Users\Lenovo\Desktop\NewBranch\branch-backend\node_modules\router\index.js:60:12)[39m
[31m    at Layer.handleRequest (C:\Users\Lenovo\Desktop\NewBranch\branch-backend\node_modules\router\lib\layer.js:152:17)[39m
[31m    at trimPrefix (C:\Users\Lenovo\Desktop\NewBranch\branch-backend\node_modules\router\index.js:342:13)[39m
[2026-09-30 11:50:10:5010] [[31merror[39m]: [31mError: Invalid or expired authentication token.[39m
[31m    at auth (C:\Users\Lenovo\Desktop\NewBranch\branch-backend\src\middleware\auth.middleware.ts:44:13)[39m
[31m    at Layer.handleRequest (C:\Users\Lenovo\Desktop\NewBranch\branch-backend\node_modules\router\lib\layer.js:152:17)[39m
[31m    at trimPrefix (C:\Users\Lenovo\Desktop\NewBranch\branch-backend\node_modules\router\index.js:342:13)[39m
[31m    at C:\Users\Lenovo\Desktop\NewBranch\branch-backend\node_modules\router\index.js:297:9[39m
[31m    at processParams (C:\Users\Lenovo\Desktop\NewBranch\branch-backend\node_modules\router\index.js:582:12)[39m
[31m    at next (C:\Users\Lenovo\Desktop\NewBranch\branch-backend\node_modules\router\index.js:291:5)[39m
[31m    at Function.handle (C:\Users\Lenovo\Desktop\NewBranch\branch-backend\node_modules\router\index.js:186:3)[39m
[31m    at router (C:\Users\Lenovo\Desktop\NewBranch\branch-backend\node_modules\router\index.js:60:12)[39m
[31m    at Layer.handleRequest (C:\Users\Lenovo\Desktop\NewBranch\branch-backend\node_modules\router\lib\layer.js:152:17)[39m
[31m    at trimPrefix (C:\Users\Lenovo\Desktop\NewBranch\branch-backend\node_modules\router\index.js:342:13)[39m
[2026-09-30 11:50:10:5010] [[31merror[39m]: [31mError: Invalid or expired authentication token.[39m
[31m    at auth (C:\Users\Lenovo\Desktop\NewBranch\branch-backend\src\middleware\auth.middleware.ts:44:13)[39m
[31m    at Layer.handleRequest (C:\Users\Lenovo\Desktop\NewBranch\branch-backend\node_modules\router\lib\layer.js:152:17)[39m
[31m    at trimPrefix (C:\Users\Lenovo\Desktop\NewBranch\branch-backend\node_modules\router\index.js:342:13)[39m
[31m    at C:\Users\Lenovo\Desktop\NewBranch\branch-backend\node_modules\router\index.js:297:9[39m
[31m    at processParams (C:\Users\Lenovo\Desktop\NewBranch\branch-backend\node_modules\router\index.js:582:12)[39m
[31m    at next (C:\Users\Lenovo\Desktop\NewBranch\branch-backend\node_modules\router\index.js:291:5)[39m
[31m    at Function.handle (C:\Users\Lenovo\Desktop\NewBranch\branch-backend\node_modules\router\index.js:186:3)[39m
[31m    at router (C:\Users\Lenovo\Desktop\NewBranch\branch-backend\node_modules\router\index.js:60:12)[39m
[31m    at Layer.handleRequest (C:\Users\Lenovo\Desktop\NewBranch\branch-backend\node_modules\router\lib\layer.js:152:17)[39m
[31m    at trimPrefix (C:\Users\Lenovo\Desktop\NewBranch\branch-backend\node_modules\router\index.js:342:13)[39m
[2026-09-30 12:07:03:73] [[31merror[39m]: [31mError: Invalid or expired authentication token.[39m
[31m    at auth (C:\Users\Lenovo\Desktop\NewBranch\branch-backend\src\middleware\auth.middleware.ts:44:13)[39m
[31m    at Layer.handleRequest (C:\Users\Lenovo\Desktop\NewBranch\branch-backend\node_modules\router\lib\layer.js:152:17)[39m
[31m    at trimPrefix (C:\Users\Lenovo\Desktop\NewBranch\branch-backend\node_modules\router\index.js:342:13)[39m
[31m    at C:\Users\Lenovo\Desktop\NewBranch\branch-backend\node_modules\router\index.js:297:9[39m
[31m    at processParams (C:\Users\Lenovo\Desktop\NewBranch\branch-backend\node_modules\router\index.js:582:12)[39m
[31m    at next (C:\Users\Lenovo\Desktop\NewBranch\branch-backend\node_modules\router\index.js:291:5)[39m
[31m    at Function.handle (C:\Users\Lenovo\Desktop\NewBranch\branch-backend\node_modules\router\index.js:186:3)[39m
[31m    at router (C:\Users\Lenovo\Desktop\NewBranch\branch-backend\node_modules\router\index.js:60:12)[39m
[31m    at Layer.handleRequest (C:\Users\Lenovo\Desktop\NewBranch\branch-backend\node_modules\router\lib\layer.js:152:17)[39m
[31m    at trimPrefix (C:\Users\Lenovo\Desktop\NewBranch\branch-backend\node_modules\router\index.js:342:13)[39m
[2026-09-30 12:07:03:73] [[31merror[39m]: [31mError: Invalid or expired authentication token.[39m
[31m    at auth (C:\Users\Lenovo\Desktop\NewBranch\branch-backend\src\middleware\auth.middleware.ts:44:13)[39m
[31m    at Layer.handleRequest (C:\Users\Lenovo\Desktop\NewBranch\branch-backend\node_modules\router\lib\layer.js:152:17)[39m
[31m    at trimPrefix (C:\Users\Lenovo\Desktop\NewBranch\branch-backend\node_modules\router\index.js:342:13)[39m
[31m    at C:\Users\Lenovo\Desktop\NewBranch\branch-backend\node_modules\router\index.js:297:9[39m
[31m    at processParams (C:\Users\Lenovo\Desktop\NewBranch\branch-backend\node_modules\router\index.js:582:12)[39m
[31m    at next (C:\Users\Lenovo\Desktop\NewBranch\branch-backend\node_modules\router\index.js:291:5)[39m
[31m    at Function.handle (C:\Users\Lenovo\Desktop\NewBranch\branch-backend\node_modules\router\index.js:186:3)[39m
[31m    at router (C:\Users\Lenovo\Desktop\NewBranch\branch-backend\node_modules\router\index.js:60:12)[39m
[31m    at Layer.handleRequest (C:\Users\Lenovo\Desktop\NewBranch\branch-backend\node_modules\router\lib\layer.js:152:17)[39m
[31m    at trimPrefix (C:\Users\Lenovo\Desktop\NewBranch\branch-backend\node_modules\router\index.js:342:13)[39m
[2026-09-30 12:07:03:73] [[31merror[39m]: [31mError: Invalid or expired authentication token.[39m
[31m    at auth (C:\Users\Lenovo\Desktop\NewBranch\branch-backend\src\middleware\auth.middleware.ts:44:13)[39m
[31m    at Layer.handleRequest (C:\Users\Lenovo\Desktop\NewBranch\branch-backend\node_modules\router\lib\layer.js:152:17)[39m
[31m    at trimPrefix (C:\Users\Lenovo\Desktop\NewBranch\branch-backend\node_modules\router\index.js:342:13)[39m
[31m    at C:\Users\Lenovo\Desktop\NewBranch\branch-backend\node_modules\router\index.js:297:9[39m
[31m    at processParams (C:\Users\Lenovo\Desktop\NewBranch\branch-backend\node_modules\router\index.js:582:12)[39m
[31m    at next (C:\Users\Lenovo\Desktop\NewBranch\branch-backend\node_modules\router\index.js:291:5)[39m
[31m    at Function.handle (C:\Users\Lenovo\Desktop\NewBranch\branch-backend\node_modules\router\index.js:186:3)[39m
[31m    at router (C:\Users\Lenovo\Desktop\NewBranch\branch-backend\node_modules\router\index.js:60:12)[39m
[31m    at Layer.handleRequest (C:\Users\Lenovo\Desktop\NewBranch\branch-backend\node_modules\router\lib\layer.js:152:17)[39m
[31m    at trimPrefix (C:\Users\Lenovo\Desktop\NewBranch\branch-backend\node_modules\router\index.js:342:13)[39m
[2026-09-30 12:07:03:73] [[31merror[39m]: [31mError: Invalid or expired authentication token.[39m
[31m    at auth (C:\Users\Lenovo\Desktop\NewBranch\branch-backend\src\middleware\auth.middleware.ts:44:13)[39m
[31m    at Layer.handleRequest (C:\Users\Lenovo\Desktop\NewBranch\branch-backend\node_modules\router\lib\layer.js:152:17)[39m
[31m    at trimPrefix (C:\Users\Lenovo\Desktop\NewBranch\branch-backend\node_modules\router\index.js:342:13)[39m
[31m    at C:\Users\Lenovo\Desktop\NewBranch\branch-backend\node_modules\router\index.js:297:9[39m
[31m    at processParams (C:\Users\Lenovo\Desktop\NewBranch\branch-backend\node_modules\router\index.js:582:12)[39m
[31m    at next (C:\Users\Lenovo\Desktop\NewBranch\branch-backend\node_modules\router\index.js:291:5)[39m
[31m    at Function.handle (C:\Users\Lenovo\Desktop\NewBranch\branch-backend\node_modules\router\index.js:186:3)[39m
[31m    at router (C:\Users\Lenovo\Desktop\NewBranch\branch-backend\node_modules\router\index.js:60:12)[39m
[31m    at Layer.handleRequest (C:\Users\Lenovo\Desktop\NewBranch\branch-backend\node_modules\router\lib\layer.js:152:17)[39m
[31m    at trimPrefix (C:\Users\Lenovo\Desktop\NewBranch\branch-backend\node_modules\router\index.js:342:13)[39m
[2026-09-30 12:07:03:73] [[31merror[39m]: [31mError: Invalid or expired authentication token.[39m
[31m    at auth (C:\Users\Lenovo\Desktop\NewBranch\branch-backend\src\middleware\auth.middleware.ts:44:13)[39m
[31m    at Layer.handleRequest (C:\Users\Lenovo\Desktop\NewBranch\branch-backend\node_modules\router\lib\layer.js:152:17)[39m
[31m    at trimPrefix (C:\Users\Lenovo\Desktop\NewBranch\branch-backend\node_modules\router\index.js:342:13)[39m
[31m    at C:\Users\Lenovo\Desktop\NewBranch\branch-backend\node_modules\router\index.js:297:9[39m
[31m    at processParams (C:\Users\Lenovo\Desktop\NewBranch\branch-backend\node_modules\router\index.js:582:12)[39m
[31m    at next (C:\Users\Lenovo\Desktop\NewBranch\branch-backend\node_modules\router\index.js:291:5)[39m
[31m    at Function.handle (C:\Users\Lenovo\Desktop\NewBranch\branch-backend\node_modules\router\index.js:186:3)[39m
[31m    at router (C:\Users\Lenovo\Desktop\NewBranch\branch-backend\node_modules\router\index.js:60:12)[39m
[31m    at Layer.handleRequest (C:\Users\Lenovo\Desktop\NewBranch\branch-backend\node_modules\router\lib\layer.js:152:17)[39m
[31m    at trimPrefix (C:\Users\Lenovo\Desktop\NewBranch\branch-backend\node_modules\router\index.js:342:13)[39m
[2026-09-30 12:07:03:73] [[31merror[39m]: [31mError: Invalid or expired authentication token.[39m
[31m    at auth (C:\Users\Lenovo\Desktop\NewBranch\branch-backend\src\middleware\auth.middleware.ts:44:13)[39m
[31m    at Layer.handleRequest (C:\Users\Lenovo\Desktop\NewBranch\branch-backend\node_modules\router\lib\layer.js:152:17)[39m
[31m    at trimPrefix (C:\Users\Lenovo\Desktop\NewBranch\branch-backend\node_modules\router\index.js:342:13)[39m
[31m    at C:\Users\Lenovo\Desktop\NewBranch\branch-backend\node_modules\router\index.js:297:9[39m
[31m    at processParams (C:\Users\Lenovo\Desktop\NewBranch\branch-backend\node_modules\router\index.js:582:12)[39m
[31m    at next (C:\Users\Lenovo\Desktop\NewBranch\branch-backend\node_modules\router\index.js:291:5)[39m
[31m    at Function.handle (C:\Users\Lenovo\Desktop\NewBranch\branch-backend\node_modules\router\index.js:186:3)[39m
[31m    at router (C:\Users\Lenovo\Desktop\NewBranch\branch-backend\node_modules\router\index.js:60:12)[39m
[31m    at Layer.handleRequest (C:\Users\Lenovo\Desktop\NewBranch\branch-backend\node_modules\router\lib\layer.js:152:17)[39m
[31m    at trimPrefix (C:\Users\Lenovo\Desktop\NewBranch\branch-backend\node_modules\router\index.js:342:13)[39m
[2026-09-30 12:07:03:73] [[31merror[39m]: [31mError: Invalid or expired authentication token.[39m
[31m    at auth (C:\Users\Lenovo\Desktop\NewBranch\branch-backend\src\middleware\auth.middleware.ts:44:13)[39m
[31m    at Layer.handleRequest (C:\Users\Lenovo\Desktop\NewBranch\branch-backend\node_modules\router\lib\layer.js:152:17)[39m
[31m    at trimPrefix (C:\Users\Lenovo\Desktop\NewBranch\branch-backend\node_modules\router\index.js:342:13)[39m
[31m    at C:\Users\Lenovo\Desktop\NewBranch\branch-backend\node_modules\router\index.js:297:9[39m
[31m    at processParams (C:\Users\Lenovo\Desktop\NewBranch\branch-backend\node_modules\router\index.js:582:12)[39m
[31m    at next (C:\Users\Lenovo\Desktop\NewBranch\branch-backend\node_modules\router\index.js:291:5)[39m
[31m    at Function.handle (C:\Users\Lenovo\Desktop\NewBranch\branch-backend\node_modules\router\index.js:186:3)[39m
[31m    at router (C:\Users\Lenovo\Desktop\NewBranch\branch-backend\node_modules\router\index.js:60:12)[39m
[31m    at Layer.handleRequest (C:\Users\Lenovo\Desktop\NewBranch\branch-backend\node_modules\router\lib\layer.js:152:17)[39m
[31m    at trimPrefix (C:\Users\Lenovo\Desktop\NewBranch\branch-backend\node_modules\router\index.js:342:13)[39m
[2026-09-30 12:07:03:73] [[31merror[39m]: [31mError: Invalid or expired authentication token.[39m
[31m    at auth (C:\Users\Lenovo\Desktop\NewBranch\branch-backend\src\middleware\auth.middleware.ts:44:13)[39m
[31m    at Layer.handleRequest (C:\Users\Lenovo\Desktop\NewBranch\branch-backend\node_modules\router\lib\layer.js:152:17)[39m
[31m    at trimPrefix (C:\Users\Lenovo\Desktop\NewBranch\branch-backend\node_modules\router\index.js:342:13)[39m
[31m    at C:\Users\Lenovo\Desktop\NewBranch\branch-backend\node_modules\router\index.js:297:9[39m
[31m    at processParams (C:\Users\Lenovo\Desktop\NewBranch\branch-backend\node_modules\router\index.js:582:12)[39m
[31m    at next (C:\Users\Lenovo\Desktop\NewBranch\branch-backend\node_modules\router\index.js:291:5)[39m
[31m    at Function.handle (C:\Users\Lenovo\Desktop\NewBranch\branch-backend\node_modules\router\index.js:186:3)[39m
[31m    at router (C:\Users\Lenovo\Desktop\NewBranch\branch-backend\node_modules\router\index.js:60:12)[39m
[31m    at Layer.handleRequest (C:\Users\Lenovo\Desktop\NewBranch\branch-backend\node_modules\router\lib\layer.js:152:17)[39m
[31m    at trimPrefix (C:\Users\Lenovo\Desktop\NewBranch\branch-backend\node_modules\router\index.js:342:13)[39m
[2026-09-30 12:55:16:5516] [[31merror[39m]: [31mError: Invalid or expired authentication token.[39m
[31m    at auth (C:\Users\Lenovo\Desktop\NewBranch\branch-backend\src\middleware\auth.middleware.ts:44:13)[39m
[31m    at Layer.handleRequest (C:\Users\Lenovo\Desktop\NewBranch\branch-backend\node_modules\router\lib\layer.js:152:17)[39m
[31m    at trimPrefix (C:\Users\Lenovo\Desktop\NewBranch\branch-backend\node_modules\router\index.js:342:13)[39m
[31m    at C:\Users\Lenovo\Desktop\NewBranch\branch-backend\node_modules\router\index.js:297:9[39m
[31m    at processParams (C:\Users\Lenovo\Desktop\NewBranch\branch-backend\node_modules\router\index.js:582:12)[39m
[31m    at next (C:\Users\Lenovo\Desktop\NewBranch\branch-backend\node_modules\router\index.js:291:5)[39m
[31m    at Function.handle (C:\Users\Lenovo\Desktop\NewBranch\branch-backend\node_modules\router\index.js:186:3)[39m
[31m    at router (C:\Users\Lenovo\Desktop\NewBranch\branch-backend\node_modules\router\index.js:60:12)[39m
[31m    at Layer.handleRequest (C:\Users\Lenovo\Desktop\NewBranch\branch-backend\node_modules\router\lib\layer.js:152:17)[39m
[31m    at trimPrefix (C:\Users\Lenovo\Desktop\NewBranch\branch-backend\node_modules\router\index.js:342:13)[39m
[2026-09-30 14:15:58:1558] [[31merror[39m]: [31mError: Invalid or expired authentication token.[39m
[31m    at auth (C:\Users\Lenovo\Desktop\NewBranch\branch-backend\src\middleware\auth.middleware.ts:44:13)[39m
[31m    at Layer.handleRequest (C:\Users\Lenovo\Desktop\NewBranch\branch-backend\node_modules\router\lib\layer.js:152:17)[39m
[31m    at trimPrefix (C:\Users\Lenovo\Desktop\NewBranch\branch-backend\node_modules\router\index.js:342:13)[39m
[31m    at C:\Users\Lenovo\Desktop\NewBranch\branch-backend\node_modules\router\index.js:297:9[39m
[31m    at processParams (C:\Users\Lenovo\Desktop\NewBranch\branch-backend\node_modules\router\index.js:582:12)[39m
[31m    at next (C:\Users\Lenovo\Desktop\NewBranch\branch-backend\node_modules\router\index.js:291:5)[39m
[31m    at Function.handle (C:\Users\Lenovo\Desktop\NewBranch\branch-backend\node_modules\router\index.js:186:3)[39m
[31m    at router (C:\Users\Lenovo\Desktop\NewBranch\branch-backend\node_modules\router\index.js:60:12)[39m
[31m    at Layer.handleRequest (C:\Users\Lenovo\Desktop\NewBranch\branch-backend\node_modules\router\lib\layer.js:152:17)[39m
[31m    at trimPrefix (C:\Users\Lenovo\Desktop\NewBranch\branch-backend\node_modules\router\index.js:342:13)[39m
[2026-09-30 14:15:58:1558] [[31merror[39m]: [31mError: Invalid or expired authentication token.[39m
[31m    at auth (C:\Users\Lenovo\Desktop\NewBranch\branch-backend\src\middleware\auth.middleware.ts:44:13)[39m
[31m    at Layer.handleRequest (C:\Users\Lenovo\Desktop\NewBranch\branch-backend\node_modules\router\lib\layer.js:152:17)[39m
[31m    at trimPrefix (C:\Users\Lenovo\Desktop\NewBranch\branch-backend\node_modules\router\index.js:342:13)[39m
[31m    at C:\Users\Lenovo\Desktop\NewBranch\branch-backend\node_modules\router\index.js:297:9[39m
[31m    at processParams (C:\Users\Lenovo\Desktop\NewBranch\branch-backend\node_modules\router\index.js:582:12)[39m
[31m    at next (C:\Users\Lenovo\Desktop\NewBranch\branch-backend\node_modules\router\index.js:291:5)[39m
[31m    at Function.handle (C:\Users\Lenovo\Desktop\NewBranch\branch-backend\node_modules\router\index.js:186:3)[39m
[31m    at router (C:\Users\Lenovo\Desktop\NewBranch\branch-backend\node_modules\router\index.js:60:12)[39m
[31m    at Layer.handleRequest (C:\Users\Lenovo\Desktop\NewBranch\branch-backend\node_modules\router\lib\layer.js:152:17)[39m
[31m    at trimPrefix (C:\Users\Lenovo\Desktop\NewBranch\branch-backend\node_modules\router\index.js:342:13)[39m
[2026-09-30 14:15:58:1558] [[31merror[39m]: [31mError: Invalid or expired authentication token.[39m
[31m    at auth (C:\Users\Lenovo\Desktop\NewBranch\branch-backend\src\middleware\auth.middleware.ts:44:13)[39m
[31m    at Layer.handleRequest (C:\Users\Lenovo\Desktop\NewBranch\branch-backend\node_modules\router\lib\layer.js:152:17)[39m
[31m    at trimPrefix (C:\Users\Lenovo\Desktop\NewBranch\branch-backend\node_modules\router\index.js:342:13)[39m
[31m    at C:\Users\Lenovo\Desktop\NewBranch\branch-backend\node_modules\router\index.js:297:9[39m
[31m    at processParams (C:\Users\Lenovo\Desktop\NewBranch\branch-backend\node_modules\router\index.js:582:12)[39m
[31m    at next (C:\Users\Lenovo\Desktop\NewBranch\branch-backend\node_modules\router\index.js:291:5)[39m
[31m    at Function.handle (C:\Users\Lenovo\Desktop\NewBranch\branch-backend\node_modules\router\index.js:186:3)[39m
[31m    at router (C:\Users\Lenovo\Desktop\NewBranch\branch-backend\node_modules\router\index.js:60:12)[39m
[31m    at Layer.handleRequest (C:\Users\Lenovo\Desktop\NewBranch\branch-backend\node_modules\router\lib\layer.js:152:17)[39m
[31m    at trimPrefix (C:\Users\Lenovo\Desktop\NewBranch\branch-backend\node_modules\router\index.js:342:13)[39m
[2026-09-30 14:15:58:1558] [[31merror[39m]: [31mError: Invalid or expired authentication token.[39m
[31m    at auth (C:\Users\Lenovo\Desktop\NewBranch\branch-backend\src\middleware\auth.middleware.ts:44:13)[39m
[31m    at Layer.handleRequest (C:\Users\Lenovo\Desktop\NewBranch\branch-backend\node_modules\router\lib\layer.js:152:17)[39m
[31m    at trimPrefix (C:\Users\Lenovo\Desktop\NewBranch\branch-backend\node_modules\router\index.js:342:13)[39m
[31m    at C:\Users\Lenovo\Desktop\NewBranch\branch-backend\node_modules\router\index.js:297:9[39m
[31m    at processParams (C:\Users\Lenovo\Desktop\NewBranch\branch-backend\node_modules\router\index.js:582:12)[39m
[31m    at next (C:\Users\Lenovo\Desktop\NewBranch\branch-backend\node_modules\router\index.js:291:5)[39m
[31m    at Function.handle (C:\Users\Lenovo\Desktop\NewBranch\branch-backend\node_modules\router\index.js:186:3)[39m
[31m    at router (C:\Users\Lenovo\Desktop\NewBranch\branch-backend\node_modules\router\index.js:60:12)[39m
[31m    at Layer.handleRequest (C:\Users\Lenovo\Desktop\NewBranch\branch-backend\node_modules\router\lib\layer.js:152:17)[39m
[31m    at trimPrefix (C:\Users\Lenovo\Desktop\NewBranch\branch-backend\node_modules\router\index.js:342:13)[39m
[2026-09-30 14:15:58:1558] [[31merror[39m]: [31mError: Invalid or expired authentication token.[39m
[31m    at auth (C:\Users\Lenovo\Desktop\NewBranch\branch-backend\src\middleware\auth.middleware.ts:44:13)[39m
[31m    at Layer.handleRequest (C:\Users\Lenovo\Desktop\NewBranch\branch-backend\node_modules\router\lib\layer.js:152:17)[39m
[31m    at trimPrefix (C:\Users\Lenovo\Desktop\NewBranch\branch-backend\node_modules\router\index.js:342:13)[39m
[31m    at C:\Users\Lenovo\Desktop\NewBranch\branch-backend\node_modules\router\index.js:297:9[39m
[31m    at processParams (C:\Users\Lenovo\Desktop\NewBranch\branch-backend\node_modules\router\index.js:582:12)[39m
[31m    at next (C:\Users\Lenovo\Desktop\NewBranch\branch-backend\node_modules\router\index.js:291:5)[39m
[31m    at Function.handle (C:\Users\Lenovo\Desktop\NewBranch\branch-backend\node_modules\router\index.js:186:3)[39m
[31m    at router (C:\Users\Lenovo\Desktop\NewBranch\branch-backend\node_modules\router\index.js:60:12)[39m
[31m    at Layer.handleRequest (C:\Users\Lenovo\Desktop\NewBranch\branch-backend\node_modules\router\lib\layer.js:152:17)[39m
[31m    at trimPrefix (C:\Users\Lenovo\Desktop\NewBranch\branch-backend\node_modules\router\index.js:342:13)[39m
[2026-09-30 14:25:49:2549] [[31merror[39m]: [31mPrismaClientValidationError: [39m
[31mInvalid `tx.quotations.update()` invocation in[39m
[31mC:\Users\Lenovo\Desktop\NewBranch\branch-backend\src\modules\purchase-quotation\purchase-quotation.service.ts:417:49[39m

[31m  414 const roundingVal = isRounding === 'Y' ? (data.RoundingAmnt !== undefined ? Number(data.RoundingAmnt) : Number(existing.RoundingAmnt || 0)) : 0;[39m
[31m  415 const finalDocTotal = baseAfterHeaderDisc + taxTotal + freightVal + roundingVal;[39m
[31m  416 [39m
[31m→ 417 const updatedHeader = await tx.quotations.update({[39m
[31m        where: {[39m
[31m          ID: 8[39m
[31m        },[39m
[31m        data: {[39m
[31m          CustCode: "C_000005",[39m
[31m          CustName: "Nasibu Abdul Juma",[39m
[31m          Address: "testing",[39m
[31m          CustRefNo: "",[39m
[31m          Currency: "USD",[39m
[31m          CurRate: 1,[39m
[31m          PostDate: new Date("2026-09-23T00:00:00.000Z"),[39m
[31m          DueDate: new Date("2026-10-23T00:00:00.000Z"),[39m
[31m          TaxDate: new Date("2026-09-23T00:00:00.000Z"),[39m
[31m          Remarks: "",[39m
[31m          Status: "O",[39m
[31m          DiscPrcnt: 0,[39m
[31m          TaxTotal: 238140,[39m
[31m          DocTotal: 1561140,[39m
[31m          TotalBefDisc: 1323000,[39m
[31m          Rounding: "N",[39m
[31m          RoundingAmnt: 0,[39m
[31m          Branch_id: null,[39m
[31m          RequestType: "Item",[39m
[31m          ~~~~~~~~~~~[39m
[31m          TypeRequest: "Item",[39m
[31m          PurchaseRequestId: null,[39m
[31m          Pr_ID: null,[39m
[31m          AprStatus: "Y",[39m
[31m          AprRemark: null,[39m
[31m          UpdatedBy: 2,[39m
[31m          UpdatedDate: new Date("2026-09-30T08:55:48.985Z"),[39m
[31m      ?   ContPerson?: Int | NullableIntFieldUpdateOperationsInput | Null,[39m
[31m      ?   DocTotalFC?: Decimal | NullableDecimalFieldUpdateOperationsInput | Null,[39m
[31m      ?   DocTotalSC?: Decimal | NullableDecimalFieldUpdateOperationsInput | Null,[39m
[31m      ?   SourceSeries?: Int | NullableIntFieldUpdateOperationsInput | Null,[39m
[31m      ?   SourceDocId?: String | NullableStringFieldUpdateOperationsInput | Null,[39m
[31m      ?   SourceDocType?: String | NullableStringFieldUpdateOperationsInput | Null,[39m
[31m      ?   SourceSystem?: String | NullableStringFieldUpdateOperationsInput | Null,[39m
[31m      ?   UserId?: Int | NullableIntFieldUpdateOperationsInput | Null,[39m
[31m      ?   OwnerCode?: Int | NullableIntFieldUpdateOperationsInput | Null,[39m
[31m      ?   ShiptoID?: String | NullableStringFieldUpdateOperationsInput | Null,[39m
[31m      ?   BilltoID?: String | NullableStringFieldUpdateOperationsInput | Null,[39m
[31m      ?   CreatedDate?: DateTime | DateTimeFieldUpdateOperationsInput,[39m
[31m      ?   CGuid?: String | StringFieldUpdateOperationsInput,[39m
[31m      ?   SignatureImg?: Bytes | NullableBytesFieldUpdateOperationsInput | Null,[39m
[31m      ?   DueDateString?: String | NullableStringFieldUpdateOperationsInput | Null,[39m
[31m      ?   IsNotesInfo?: Boolean | BoolFieldUpdateOperationsInput,[39m
[31m      ?   IsColor?: Boolean | BoolFieldUpdateOperationsInput,[39m
[31m      ?   SalesType?: Int | NullableIntFieldUpdateOperationsInput | Null,[39m
[31m      ?   SAPDocEntry?: Int | NullableIntFieldUpdateOperationsInput | Null,[39m
[31m      ?   AprBy?: String | NullableStringFieldUpdateOperationsInput | Null,[39m
[31m      ?   AprDate?: DateTime | NullableDateTimeFieldUpdateOperationsInput | Null,[39m
[31m      ?   DMLFlag?: Int | NullableIntFieldUpdateOperationsInput | Null,[39m
[31m      ?   OrderCode?: String | NullableStringFieldUpdateOperationsInput | Null,[39m
[31m      ?   QuotCode?: String | NullableStringFieldUpdateOperationsInput | Null,[39m
[31m      ?   SAPDocNum?: String | NullableStringFieldUpdateOperationsInput | Null,[39m
[31m      ?   ReqBy?: Int | NullableIntFieldUpdateOperationsInput | Null,[39m
[31m      ?   purchase_request?: purchase_requestUpdateOneWithoutQuotationsNestedInput,[39m
[31m      ?   purchase_orders?: purchase_orderUpdateManyWithoutQuotationNestedInput,[39m
[31m      ?   creator?: UsersUpdateOneWithoutCreated_QuotationsNestedInput,[39m
[31m      ?   items?: QuotationItemsUpdateManyWithoutQuotationsNestedInput,[39m
[31m      ?   attachments?: QuotationAttachmentsUpdateManyWithoutQuotationsNestedInput,[39m
[31m      ?   orders?: OrdersUpdateManyWithoutQuotationNestedInput,[39m
[31m      ?   ar_invoices?: ArInvoiceUpdateManyWithoutQuotationNestedInput[39m
[31m        }[39m
[31m      })[39m

[31mUnknown argument `RequestType`. Available options are marked with ?.[39m
[31m    at wn (C:\Users\Lenovo\Desktop\NewBranch\branch-backend\node_modules\@prisma\client\runtime\library.js:29:1363)[39m
[31m    at $n.handleRequestError (C:\Users\Lenovo\Desktop\NewBranch\branch-backend\node_modules\@prisma\client\runtime\library.js:121:6958)[39m
[31m    at $n.handleAndLogRequestError (C:\Users\Lenovo\Desktop\NewBranch\branch-backend\node_modules\@prisma\client\runtime\library.js:121:6623)[39m
[31m    at $n.request (C:\Users\Lenovo\Desktop\NewBranch\branch-backend\node_modules\@prisma\client\runtime\library.js:121:6307)[39m
[31m    at async l (C:\Users\Lenovo\Desktop\NewBranch\branch-backend\node_modules\@prisma\client\runtime\library.js:130:9633)[39m
[31m    at async <anonymous> (C:\Users\Lenovo\Desktop\NewBranch\branch-backend\src\modules\purchase-quotation\purchase-quotation.service.ts:417:29)[39m
[31m    at async Proxy._transactionWithCallback (C:\Users\Lenovo\Desktop\NewBranch\branch-backend\node_modules\@prisma\client\runtime\library.js:130:8000)[39m
[31m    at async PurchaseQuotationService.updatePurchaseQuotation (C:\Users\Lenovo\Desktop\NewBranch\branch-backend\src\modules\purchase-quotation\purchase-quotation.service.ts:335:20)[39m
[31m    at async update (C:\Users\Lenovo\Desktop\NewBranch\branch-backend\src\modules\purchase-quotation\purchase-quotation.controller.ts:80:25)[39m
[2026-09-30 14:31:03:313] [[31merror[39m]: [31mError: Invalid or expired authentication token.[39m
[31m    at auth (C:\Users\Lenovo\Desktop\NewBranch\branch-backend\src\middleware\auth.middleware.ts:44:13)[39m
[31m    at Layer.handleRequest (C:\Users\Lenovo\Desktop\NewBranch\branch-backend\node_modules\router\lib\layer.js:152:17)[39m
[31m    at trimPrefix (C:\Users\Lenovo\Desktop\NewBranch\branch-backend\node_modules\router\index.js:342:13)[39m
[31m    at C:\Users\Lenovo\Desktop\NewBranch\branch-backend\node_modules\router\index.js:297:9[39m
[31m    at processParams (C:\Users\Lenovo\Desktop\NewBranch\branch-backend\node_modules\router\index.js:582:12)[39m
[31m    at next (C:\Users\Lenovo\Desktop\NewBranch\branch-backend\node_modules\router\index.js:291:5)[39m
[31m    at Function.handle (C:\Users\Lenovo\Desktop\NewBranch\branch-backend\node_modules\router\index.js:186:3)[39m
[31m    at router (C:\Users\Lenovo\Desktop\NewBranch\branch-backend\node_modules\router\index.js:60:12)[39m
[31m    at Layer.handleRequest (C:\Users\Lenovo\Desktop\NewBranch\branch-backend\node_modules\router\lib\layer.js:152:17)[39m
[31m    at trimPrefix (C:\Users\Lenovo\Desktop\NewBranch\branch-backend\node_modules\router\index.js:342:13)[39m
[2026-09-30 16:17:34:1734] [[32minfo[39m]: [32mServer is running in development mode on port 8000[39m
[2026-09-30 16:17:40:1740] [[32minfo[39m]: [32mServer is running in development mode on port 8000[39m
[2026-09-30 16:17:50:1750] [[32minfo[39m]: [32mServer is running in development mode on port 8000[39m
[2026-09-30 16:18:01:181] [[32minfo[39m]: [32mServer is running in development mode on port 8000[39m
[2026-09-30 16:18:09:189] [[32minfo[39m]: [32mServer is running in development mode on port 8000[39m
[2026-09-30 16:18:25:1825] [[32minfo[39m]: [32mServer is running in development mode on port 8000[39m
[2026-09-30 16:18:32:1832] [[31merror[39m]: [31mError: Invalid or expired authentication token.[39m
[31m    at auth (C:\Users\Lenovo\Desktop\NewBranch\branch-backend\src\middleware\auth.middleware.ts:44:13)[39m
[31m    at Layer.handleRequest (C:\Users\Lenovo\Desktop\NewBranch\branch-backend\node_modules\router\lib\layer.js:152:17)[39m
[31m    at trimPrefix (C:\Users\Lenovo\Desktop\NewBranch\branch-backend\node_modules\router\index.js:342:13)[39m
[31m    at C:\Users\Lenovo\Desktop\NewBranch\branch-backend\node_modules\router\index.js:297:9[39m
[31m    at processParams (C:\Users\Lenovo\Desktop\NewBranch\branch-backend\node_modules\router\index.js:582:12)[39m
[31m    at next (C:\Users\Lenovo\Desktop\NewBranch\branch-backend\node_modules\router\index.js:291:5)[39m
[31m    at Function.handle (C:\Users\Lenovo\Desktop\NewBranch\branch-backend\node_modules\router\index.js:186:3)[39m
[31m    at router (C:\Users\Lenovo\Desktop\NewBranch\branch-backend\node_modules\router\index.js:60:12)[39m
[31m    at Layer.handleRequest (C:\Users\Lenovo\Desktop\NewBranch\branch-backend\node_modules\router\lib\layer.js:152:17)[39m
[31m    at trimPrefix (C:\Users\Lenovo\Desktop\NewBranch\branch-backend\node_modules\router\index.js:342:13)[39m
[2026-09-30 16:18:32:1832] [[31merror[39m]: [31mError: Invalid or expired authentication token.[39m
[31m    at auth (C:\Users\Lenovo\Desktop\NewBranch\branch-backend\src\middleware\auth.middleware.ts:44:13)[39m
[31m    at Layer.handleRequest (C:\Users\Lenovo\Desktop\NewBranch\branch-backend\node_modules\router\lib\layer.js:152:17)[39m
[31m    at trimPrefix (C:\Users\Lenovo\Desktop\NewBranch\branch-backend\node_modules\router\index.js:342:13)[39m
[31m    at C:\Users\Lenovo\Desktop\NewBranch\branch-backend\node_modules\router\index.js:297:9[39m
[31m    at processParams (C:\Users\Lenovo\Desktop\NewBranch\branch-backend\node_modules\router\index.js:582:12)[39m
[31m    at next (C:\Users\Lenovo\Desktop\NewBranch\branch-backend\node_modules\router\index.js:291:5)[39m
[31m    at Function.handle (C:\Users\Lenovo\Desktop\NewBranch\branch-backend\node_modules\router\index.js:186:3)[39m
[31m    at router (C:\Users\Lenovo\Desktop\NewBranch\branch-backend\node_modules\router\index.js:60:12)[39m
[31m    at Layer.handleRequest (C:\Users\Lenovo\Desktop\NewBranch\branch-backend\node_modules\router\lib\layer.js:152:17)[39m
[31m    at trimPrefix (C:\Users\Lenovo\Desktop\NewBranch\branch-backend\node_modules\router\index.js:342:13)[39m
[2026-09-30 16:18:32:1832] [[31merror[39m]: [31mError: Invalid or expired authentication token.[39m
[31m    at auth (C:\Users\Lenovo\Desktop\NewBranch\branch-backend\src\middleware\auth.middleware.ts:44:13)[39m
[31m    at Layer.handleRequest (C:\Users\Lenovo\Desktop\NewBranch\branch-backend\node_modules\router\lib\layer.js:152:17)[39m
[31m    at trimPrefix (C:\Users\Lenovo\Desktop\NewBranch\branch-backend\node_modules\router\index.js:342:13)[39m
[31m    at C:\Users\Lenovo\Desktop\NewBranch\branch-backend\node_modules\router\index.js:297:9[39m
[31m    at processParams (C:\Users\Lenovo\Desktop\NewBranch\branch-backend\node_modules\router\index.js:582:12)[39m
[31m    at next (C:\Users\Lenovo\Desktop\NewBranch\branch-backend\node_modules\router\index.js:291:5)[39m
[31m    at Function.handle (C:\Users\Lenovo\Desktop\NewBranch\branch-backend\node_modules\router\index.js:186:3)[39m
[31m    at router (C:\Users\Lenovo\Desktop\NewBranch\branch-backend\node_modules\router\index.js:60:12)[39m
[31m    at Layer.handleRequest (C:\Users\Lenovo\Desktop\NewBranch\branch-backend\node_modules\router\lib\layer.js:152:17)[39m
[31m    at trimPrefix (C:\Users\Lenovo\Desktop\NewBranch\branch-backend\node_modules\router\index.js:342:13)[39m
[2026-09-30 16:18:32:1832] [[31merror[39m]: [31mError: Invalid or expired authentication token.[39m
[31m    at auth (C:\Users\Lenovo\Desktop\NewBranch\branch-backend\src\middleware\auth.middleware.ts:44:13)[39m
[31m    at Layer.handleRequest (C:\Users\Lenovo\Desktop\NewBranch\branch-backend\node_modules\router\lib\layer.js:152:17)[39m
[31m    at trimPrefix (C:\Users\Lenovo\Desktop\NewBranch\branch-backend\node_modules\router\index.js:342:13)[39m
[31m    at C:\Users\Lenovo\Desktop\NewBranch\branch-backend\node_modules\router\index.js:297:9[39m
[31m    at processParams (C:\Users\Lenovo\Desktop\NewBranch\branch-backend\node_modules\router\index.js:582:12)[39m
[31m    at next (C:\Users\Lenovo\Desktop\NewBranch\branch-backend\node_modules\router\index.js:291:5)[39m
[31m    at Function.handle (C:\Users\Lenovo\Desktop\NewBranch\branch-backend\node_modules\router\index.js:186:3)[39m
[31m    at router (C:\Users\Lenovo\Desktop\NewBranch\branch-backend\node_modules\router\index.js:60:12)[39m
[31m    at Layer.handleRequest (C:\Users\Lenovo\Desktop\NewBranch\branch-backend\node_modules\router\lib\layer.js:152:17)[39m
[31m    at trimPrefix (C:\Users\Lenovo\Desktop\NewBranch\branch-backend\node_modules\router\index.js:342:13)[39m
[2026-09-30 16:18:32:1832] [[31merror[39m]: [31mError: Invalid or expired authentication token.[39m
[31m    at auth (C:\Users\Lenovo\Desktop\NewBranch\branch-backend\src\middleware\auth.middleware.ts:44:13)[39m
[31m    at Layer.handleRequest (C:\Users\Lenovo\Desktop\NewBranch\branch-backend\node_modules\router\lib\layer.js:152:17)[39m
[31m    at trimPrefix (C:\Users\Lenovo\Desktop\NewBranch\branch-backend\node_modules\router\index.js:342:13)[39m
[31m    at C:\Users\Lenovo\Desktop\NewBranch\branch-backend\node_modules\router\index.js:297:9[39m
[31m    at processParams (C:\Users\Lenovo\Desktop\NewBranch\branch-backend\node_modules\router\index.js:582:12)[39m
[31m    at next (C:\Users\Lenovo\Desktop\NewBranch\branch-backend\node_modules\router\index.js:291:5)[39m
[31m    at Function.handle (C:\Users\Lenovo\Desktop\NewBranch\branch-backend\node_modules\router\index.js:186:3)[39m
[31m    at router (C:\Users\Lenovo\Desktop\NewBranch\branch-backend\node_modules\router\index.js:60:12)[39m
[31m    at Layer.handleRequest (C:\Users\Lenovo\Desktop\NewBranch\branch-backend\node_modules\router\lib\layer.js:152:17)[39m
[31m    at trimPrefix (C:\Users\Lenovo\Desktop\NewBranch\branch-backend\node_modules\router\index.js:342:13)[39m
[2026-09-30 16:18:32:1832] [[31merror[39m]: [31mError: Invalid or expired authentication token.[39m
[31m    at auth (C:\Users\Lenovo\Desktop\NewBranch\branch-backend\src\middleware\auth.middleware.ts:44:13)[39m
[31m    at Layer.handleRequest (C:\Users\Lenovo\Desktop\NewBranch\branch-backend\node_modules\router\lib\layer.js:152:17)[39m
[31m    at trimPrefix (C:\Users\Lenovo\Desktop\NewBranch\branch-backend\node_modules\router\index.js:342:13)[39m
[31m    at C:\Users\Lenovo\Desktop\NewBranch\branch-backend\node_modules\router\index.js:297:9[39m
[31m    at processParams (C:\Users\Lenovo\Desktop\NewBranch\branch-backend\node_modules\router\index.js:582:12)[39m
[31m    at next (C:\Users\Lenovo\Desktop\NewBranch\branch-backend\node_modules\router\index.js:291:5)[39m
[31m    at Function.handle (C:\Users\Lenovo\Desktop\NewBranch\branch-backend\node_modules\router\index.js:186:3)[39m
[31m    at router (C:\Users\Lenovo\Desktop\NewBranch\branch-backend\node_modules\router\index.js:60:12)[39m
[31m    at Layer.handleRequest (C:\Users\Lenovo\Desktop\NewBranch\branch-backend\node_modules\router\lib\layer.js:152:17)[39m
[31m    at trimPrefix (C:\Users\Lenovo\Desktop\NewBranch\branch-backend\node_modules\router\index.js:342:13)[39m
[2026-09-30 16:18:43:1843] [[32minfo[39m]: [32mServer is running in development mode on port 8000[39m
[2026-09-30 16:18:53:1853] [[32minfo[39m]: [32mServer is running in development mode on port 8000[39m
[2026-09-30 16:18:59:1859] [[32minfo[39m]: [32mServer is running in development mode on port 8000[39m
[2026-09-30 16:24:43:2443] [[32minfo[39m]: [32mServer is running in development mode on port 8000[39m
[2026-09-30 16:29:15:2915] [[31merror[39m]: [31mError: Invalid email or password.[39m
[31m    at AuthService.login (C:\Users\Lenovo\Desktop\NewBranch\branch-backend\src\modules\auth\auth.service.ts:91:13)[39m
[31m    at async login (C:\Users\Lenovo\Desktop\NewBranch\branch-backend\src\modules\auth\auth.controller.ts:37:51)[39m
[2026-09-30 16:30:22:3022] [[31merror[39m]: [31mError: Invalid email or password.[39m
[31m    at AuthService.login (C:\Users\Lenovo\Desktop\NewBranch\branch-backend\src\modules\auth\auth.service.ts:91:13)[39m
[31m    at async login (C:\Users\Lenovo\Desktop\NewBranch\branch-backend\src\modules\auth\auth.controller.ts:37:51)[39m
[2026-09-30 16:31:49:3149] [[31merror[39m]: [31mError: Invalid email or password.[39m
[31m    at AuthService.login (C:\Users\Lenovo\Desktop\NewBranch\branch-backend\src\modules\auth\auth.service.ts:91:13)[39m
[31m    at async login (C:\Users\Lenovo\Desktop\NewBranch\branch-backend\src\modules\auth\auth.controller.ts:37:51)[39m
[2026-09-30 16:32:32:3232] [[31merror[39m]: [31mError: Invalid email or password.[39m
[31m    at AuthService.login (C:\Users\Lenovo\Desktop\NewBranch\branch-backend\src\modules\auth\auth.service.ts:91:13)[39m
[31m    at async login (C:\Users\Lenovo\Desktop\NewBranch\branch-backend\src\modules\auth\auth.controller.ts:37:51)[39m
[2026-09-30 16:34:06:346] [[31merror[39m]: [31mError: Invalid email or password.[39m
[31m    at AuthService.login (C:\Users\Lenovo\Desktop\NewBranch\branch-backend\src\modules\auth\auth.service.ts:91:13)[39m
[31m    at async login (C:\Users\Lenovo\Desktop\NewBranch\branch-backend\src\modules\auth\auth.controller.ts:37:51)[39m
[2026-09-30 16:36:40:3640] [[31merror[39m]: [31mError: Invalid email or password.[39m
[31m    at AuthService.login (C:\Users\Lenovo\Desktop\NewBranch\branch-backend\src\modules\auth\auth.service.ts:91:13)[39m
[31m    at async login (C:\Users\Lenovo\Desktop\NewBranch\branch-backend\src\modules\auth\auth.controller.ts:37:51)[39m
[2026-09-30 16:37:20:3720] [[31merror[39m]: [31mError: Invalid email or password.[39m
[31m    at AuthService.login (C:\Users\Lenovo\Desktop\NewBranch\branch-backend\src\modules\auth\auth.service.ts:79:13)[39m
[31m    at async login (C:\Users\Lenovo\Desktop\NewBranch\branch-backend\src\modules\auth\auth.controller.ts:37:51)[39m
[2026-09-30 16:37:41:3741] [[31merror[39m]: [31mError: Invalid email or password.[39m
[31m    at AuthService.login (C:\Users\Lenovo\Desktop\NewBranch\branch-backend\src\modules\auth\auth.service.ts:79:13)[39m
[31m    at async login (C:\Users\Lenovo\Desktop\NewBranch\branch-backend\src\modules\auth\auth.controller.ts:37:51)[39m
[2026-09-30 16:38:24:3824] [[31merror[39m]: [31mError: Invalid email or password.[39m
[31m    at AuthService.login (C:\Users\Lenovo\Desktop\NewBranch\branch-backend\src\modules\auth\auth.service.ts:91:13)[39m
[31m    at async login (C:\Users\Lenovo\Desktop\NewBranch\branch-backend\src\modules\auth\auth.controller.ts:37:51)[39m
[2026-09-30 16:38:58:3858] [[31merror[39m]: [31mError: Invalid email or password.[39m
[31m    at AuthService.login (C:\Users\Lenovo\Desktop\NewBranch\branch-backend\src\modules\auth\auth.service.ts:91:13)[39m
[31m    at async login (C:\Users\Lenovo\Desktop\NewBranch\branch-backend\src\modules\auth\auth.controller.ts:37:51)[39m
[2026-09-30 16:42:01:421] [[31merror[39m]: [31mError: Invalid or expired authentication token.[39m
[31m    at auth (C:\Users\Lenovo\Desktop\NewBranch\branch-backend\src\middleware\auth.middleware.ts:44:13)[39m
[31m    at Layer.handleRequest (C:\Users\Lenovo\Desktop\NewBranch\branch-backend\node_modules\router\lib\layer.js:152:17)[39m
[31m    at trimPrefix (C:\Users\Lenovo\Desktop\NewBranch\branch-backend\node_modules\router\index.js:342:13)[39m
[31m    at C:\Users\Lenovo\Desktop\NewBranch\branch-backend\node_modules\router\index.js:297:9[39m
[31m    at processParams (C:\Users\Lenovo\Desktop\NewBranch\branch-backend\node_modules\router\index.js:582:12)[39m
[31m    at next (C:\Users\Lenovo\Desktop\NewBranch\branch-backend\node_modules\router\index.js:291:5)[39m
[31m    at Function.handle (C:\Users\Lenovo\Desktop\NewBranch\branch-backend\node_modules\router\index.js:186:3)[39m
[31m    at router (C:\Users\Lenovo\Desktop\NewBranch\branch-backend\node_modules\router\index.js:60:12)[39m
[31m    at Layer.handleRequest (C:\Users\Lenovo\Desktop\NewBranch\branch-backend\node_modules\router\lib\layer.js:152:17)[39m
[31m    at trimPrefix (C:\Users\Lenovo\Desktop\NewBranch\branch-backend\node_modules\router\index.js:342:13)[39m
[2026-09-30 16:43:38:4338] [[31merror[39m]: [31mError: Invalid email or password.[39m
[31m    at AuthService.login (C:\Users\Lenovo\Desktop\NewBranch\branch-backend\src\modules\auth\auth.service.ts:91:13)[39m
[31m    at async login (C:\Users\Lenovo\Desktop\NewBranch\branch-backend\src\modules\auth\auth.controller.ts:37:51)[39m
[2026-09-30 17:12:59:1259] [[32minfo[39m]: [32mServer is running in development mode on port 8000[39m
[2026-09-30 17:14:47:1447] [[32minfo[39m]: [32mServer is running in development mode on port 8000[39m
[2026-09-30 17:18:08:188] [[32minfo[39m]: [32mServer is running in development mode on port 8000[39m
[2026-09-30 17:18:16:1816] [[32minfo[39m]: [32mServer is running in development mode on port 8000[39m
[2026-09-30 17:18:31:1831] [[32minfo[39m]: [32mServer is running in development mode on port 8000[39m
[2026-09-30 17:18:47:1847] [[32minfo[39m]: [32mServer is running in development mode on port 8000[39m
[2026-09-30 17:19:00:190] [[32minfo[39m]: [32mServer is running in development mode on port 8000[39m
[2026-09-30 17:19:10:1910] [[32minfo[39m]: [32mServer is running in development mode on port 8000[39m
[2026-09-30 17:19:19:1919] [[32minfo[39m]: [32mServer is running in development mode on port 8000[39m
[2026-09-30 17:19:54:1954] [[31merror[39m]: [31mError: Invalid or expired authentication token.[39m
[31m    at auth (C:\Users\Lenovo\Desktop\NewBranch\branch-backend\src\middleware\auth.middleware.ts:44:13)[39m
[31m    at Layer.handleRequest (C:\Users\Lenovo\Desktop\NewBranch\branch-backend\node_modules\router\lib\layer.js:152:17)[39m
[31m    at trimPrefix (C:\Users\Lenovo\Desktop\NewBranch\branch-backend\node_modules\router\index.js:342:13)[39m
[31m    at C:\Users\Lenovo\Desktop\NewBranch\branch-backend\node_modules\router\index.js:297:9[39m
[31m    at processParams (C:\Users\Lenovo\Desktop\NewBranch\branch-backend\node_modules\router\index.js:582:12)[39m
[31m    at next (C:\Users\Lenovo\Desktop\NewBranch\branch-backend\node_modules\router\index.js:291:5)[39m
[31m    at Function.handle (C:\Users\Lenovo\Desktop\NewBranch\branch-backend\node_modules\router\index.js:186:3)[39m
[31m    at router (C:\Users\Lenovo\Desktop\NewBranch\branch-backend\node_modules\router\index.js:60:12)[39m
[31m    at Layer.handleRequest (C:\Users\Lenovo\Desktop\NewBranch\branch-backend\node_modules\router\lib\layer.js:152:17)[39m
[31m    at trimPrefix (C:\Users\Lenovo\Desktop\NewBranch\branch-backend\node_modules\router\index.js:342:13)[39m
[2026-09-30 17:29:10:2910] [[31merror[39m]: [31mError: Authentication token is missing.[39m
[31m    at auth (C:\Users\Lenovo\Desktop\NewBranch\branch-backend\src\middleware\auth.middleware.ts:36:13)[39m
[31m    at Layer.handleRequest (C:\Users\Lenovo\Desktop\NewBranch\branch-backend\node_modules\router\lib\layer.js:152:17)[39m
[31m    at trimPrefix (C:\Users\Lenovo\Desktop\NewBranch\branch-backend\node_modules\router\index.js:342:13)[39m
[31m    at C:\Users\Lenovo\Desktop\NewBranch\branch-backend\node_modules\router\index.js:297:9[39m
[31m    at processParams (C:\Users\Lenovo\Desktop\NewBranch\branch-backend\node_modules\router\index.js:582:12)[39m
[31m    at next (C:\Users\Lenovo\Desktop\NewBranch\branch-backend\node_modules\router\index.js:291:5)[39m
[31m    at Function.handle (C:\Users\Lenovo\Desktop\NewBranch\branch-backend\node_modules\router\index.js:186:3)[39m
[31m    at router (C:\Users\Lenovo\Desktop\NewBranch\branch-backend\node_modules\router\index.js:60:12)[39m
[31m    at Layer.handleRequest (C:\Users\Lenovo\Desktop\NewBranch\branch-backend\node_modules\router\lib\layer.js:152:17)[39m
[31m    at trimPrefix (C:\Users\Lenovo\Desktop\NewBranch\branch-backend\node_modules\router\index.js:342:13)[39m
[2026-09-30 17:29:10:2910] [[31merror[39m]: [31mError: Authentication token is missing.[39m
[31m    at auth (C:\Users\Lenovo\Desktop\NewBranch\branch-backend\src\middleware\auth.middleware.ts:36:13)[39m
[31m    at Layer.handleRequest (C:\Users\Lenovo\Desktop\NewBranch\branch-backend\node_modules\router\lib\layer.js:152:17)[39m
[31m    at trimPrefix (C:\Users\Lenovo\Desktop\NewBranch\branch-backend\node_modules\router\index.js:342:13)[39m
[31m    at C:\Users\Lenovo\Desktop\NewBranch\branch-backend\node_modules\router\index.js:297:9[39m
[31m    at processParams (C:\Users\Lenovo\Desktop\NewBranch\branch-backend\node_modules\router\index.js:582:12)[39m
[31m    at next (C:\Users\Lenovo\Desktop\NewBranch\branch-backend\node_modules\router\index.js:291:5)[39m
[31m    at Function.handle (C:\Users\Lenovo\Desktop\NewBranch\branch-backend\node_modules\router\index.js:186:3)[39m
[31m    at router (C:\Users\Lenovo\Desktop\NewBranch\branch-backend\node_modules\router\index.js:60:12)[39m
[31m    at Layer.handleRequest (C:\Users\Lenovo\Desktop\NewBranch\branch-backend\node_modules\router\lib\layer.js:152:17)[39m
[31m    at trimPrefix (C:\Users\Lenovo\Desktop\NewBranch\branch-backend\node_modules\router\index.js:342:13)[39m
[2026-09-30 17:29:10:2910] [[31merror[39m]: [31mError: Authentication token is missing.[39m
[31m    at auth (C:\Users\Lenovo\Desktop\NewBranch\branch-backend\src\middleware\auth.middleware.ts:36:13)[39m
[31m    at Layer.handleRequest (C:\Users\Lenovo\Desktop\NewBranch\branch-backend\node_modules\router\lib\layer.js:152:17)[39m
[31m    at trimPrefix (C:\Users\Lenovo\Desktop\NewBranch\branch-backend\node_modules\router\index.js:342:13)[39m
[31m    at C:\Users\Lenovo\Desktop\NewBranch\branch-backend\node_modules\router\index.js:297:9[39m
[31m    at processParams (C:\Users\Lenovo\Desktop\NewBranch\branch-backend\node_modules\router\index.js:582:12)[39m
[31m    at next (C:\Users\Lenovo\Desktop\NewBranch\branch-backend\node_modules\router\index.js:291:5)[39m
[31m    at Function.handle (C:\Users\Lenovo\Desktop\NewBranch\branch-backend\node_modules\router\index.js:186:3)[39m
[31m    at router (C:\Users\Lenovo\Desktop\NewBranch\branch-backend\node_modules\router\index.js:60:12)[39m
[31m    at Layer.handleRequest (C:\Users\Lenovo\Desktop\NewBranch\branch-backend\node_modules\router\lib\layer.js:152:17)[39m
[31m    at trimPrefix (C:\Users\Lenovo\Desktop\NewBranch\branch-backend\node_modules\router\index.js:342:13)[39m
[2026-09-30 17:32:49:3249] [[31merror[39m]: [31mPrismaClientValidationError: [39m
[31mInvalid `tx.quotationItems.createMany()` invocation in[39m
[31mC:\Users\Lenovo\Desktop\NewBranch\branch-backend\src\modules\purchase-quotation\purchase-quotation.service.ts:330:33[39m

[31m  327 });[39m
[31m  328 [39m
[31m  329 if (itemsData.length > 0) {[39m
[31m→ 330   await tx.quotationItems.createMany({[39m
[31m          data: [[39m
[31m            {[39m
[31m              LineNum: 1,[39m
[31m              ItemID: 1,[39m
[31m              ItemCode: null,[39m
[31m              ItemName: "High Pressure Valve 50mm",[39m
[31m              LineStatus: "O",[39m
[31m              Quantity: 5,[39m
[31m              DeliveredQty: 0,[39m
[31m              OpenQty: 5,[39m
[31m              WhsCode: "W01",[39m
[31m              UnitPrice: 0,[39m
[31m              DiscPrcnt: 0,[39m
[31m              VATCode: null,[39m
[31m              VATPer: 0,[39m
[31m              LineTax: 0,[39m
[31m              LineTotalLC: 0,[39m
[31m              TotalBefDisc: 0,[39m
[31m              cost_center: null,[39m
[31m              project: null,[39m
[31m              Remarks: null,[39m
[31m              UoM: null,[39m
[31m              CGuid: "668144b6-bbeb-4953-8df0-afcd46899ea0",[39m
[31m              QuotationId: 10[39m
[31m            }[39m
[31m          ][39m
[31m        })[39m

[31mArgument `WhsCode`: Invalid value provided. Expected Int or Null, provided String.[39m
[31m    at wn (C:\Users\Lenovo\Desktop\NewBranch\branch-backend\node_modules\@prisma\client\runtime\library.js:29:1363)[39m
[31m    at $n.handleRequestError (C:\Users\Lenovo\Desktop\NewBranch\branch-backend\node_modules\@prisma\client\runtime\library.js:121:6958)[39m
[31m    at $n.handleAndLogRequestError (C:\Users\Lenovo\Desktop\NewBranch\branch-backend\node_modules\@prisma\client\runtime\library.js:121:6623)[39m
[31m    at $n.request (C:\Users\Lenovo\Desktop\NewBranch\branch-backend\node_modules\@prisma\client\runtime\library.js:121:6307)[39m
[31m    at async l (C:\Users\Lenovo\Desktop\NewBranch\branch-backend\node_modules\@prisma\client\runtime\library.js:130:9633)[39m
[31m    at async <anonymous> (C:\Users\Lenovo\Desktop\NewBranch\branch-backend\src\modules\purchase-quotation\purchase-quotation.service.ts:330:9)[39m
[31m    at async Proxy._transactionWithCallback (C:\Users\Lenovo\Desktop\NewBranch\branch-backend\node_modules\@prisma\client\runtime\library.js:130:8000)[39m
[31m    at async PurchaseQuotationService.createPurchaseQuotation (C:\Users\Lenovo\Desktop\NewBranch\branch-backend\src\modules\purchase-quotation\purchase-quotation.service.ts:276:20)[39m
[31m    at async create (C:\Users\Lenovo\Desktop\NewBranch\branch-backend\src\modules\purchase-quotation\purchase-quotation.controller.ts:64:25)[39m
[2026-09-30 17:33:36:3336] [[32minfo[39m]: [32mServer is running in development mode on port 8000[39m
[2026-09-30 17:33:53:3353] [[32minfo[39m]: [32mServer is running in development mode on port 8000[39m
[2026-09-30 17:34:51:3451] [[32minfo[39m]: [32mServer is running in development mode on port 8000[39m
[2026-09-30 17:35:00:350] [[32minfo[39m]: [32mServer is running in development mode on port 8000[39m
[2026-09-30 17:36:09:369] [[31merror[39m]: [31mError: Invalid or expired authentication token.[39m
[31m    at auth (C:\Users\Lenovo\Desktop\NewBranch\branch-backend\src\middleware\auth.middleware.ts:44:13)[39m
[31m    at Layer.handleRequest (C:\Users\Lenovo\Desktop\NewBranch\branch-backend\node_modules\router\lib\layer.js:152:17)[39m
[31m    at trimPrefix (C:\Users\Lenovo\Desktop\NewBranch\branch-backend\node_modules\router\index.js:342:13)[39m
[31m    at C:\Users\Lenovo\Desktop\NewBranch\branch-backend\node_modules\router\index.js:297:9[39m
[31m    at processParams (C:\Users\Lenovo\Desktop\NewBranch\branch-backend\node_modules\router\index.js:582:12)[39m
[31m    at next (C:\Users\Lenovo\Desktop\NewBranch\branch-backend\node_modules\router\index.js:291:5)[39m
[31m    at Function.handle (C:\Users\Lenovo\Desktop\NewBranch\branch-backend\node_modules\router\index.js:186:3)[39m
[31m    at router (C:\Users\Lenovo\Desktop\NewBranch\branch-backend\node_modules\router\index.js:60:12)[39m
[31m    at Layer.handleRequest (C:\Users\Lenovo\Desktop\NewBranch\branch-backend\node_modules\router\lib\layer.js:152:17)[39m
[31m    at trimPrefix (C:\Users\Lenovo\Desktop\NewBranch\branch-backend\node_modules\router\index.js:342:13)[39m
[2026-09-30 18:03:41:341] [[31merror[39m]: [31mError: Invalid or expired authentication token.[39m
[31m    at auth (C:\Users\Lenovo\Desktop\NewBranch\branch-backend\src\middleware\auth.middleware.ts:44:13)[39m
[31m    at Layer.handleRequest (C:\Users\Lenovo\Desktop\NewBranch\branch-backend\node_modules\router\lib\layer.js:152:17)[39m
[31m    at trimPrefix (C:\Users\Lenovo\Desktop\NewBranch\branch-backend\node_modules\router\index.js:342:13)[39m
[31m    at C:\Users\Lenovo\Desktop\NewBranch\branch-backend\node_modules\router\index.js:297:9[39m
[31m    at processParams (C:\Users\Lenovo\Desktop\NewBranch\branch-backend\node_modules\router\index.js:582:12)[39m
[31m    at next (C:\Users\Lenovo\Desktop\NewBranch\branch-backend\node_modules\router\index.js:291:5)[39m
[31m    at Function.handle (C:\Users\Lenovo\Desktop\NewBranch\branch-backend\node_modules\router\index.js:186:3)[39m
[31m    at router (C:\Users\Lenovo\Desktop\NewBranch\branch-backend\node_modules\router\index.js:60:12)[39m
[31m    at Layer.handleRequest (C:\Users\Lenovo\Desktop\NewBranch\branch-backend\node_modules\router\lib\layer.js:152:17)[39m
[31m    at trimPrefix (C:\Users\Lenovo\Desktop\NewBranch\branch-backend\node_modules\router\index.js:342:13)[39m
[2026-09-30 18:11:50:1150] [[32minfo[39m]: [32mServer is running in development mode on port 8000[39m
[2026-09-30 18:12:11:1211] [[32minfo[39m]: [32mServer is running in development mode on port 8000[39m
[2026-09-30 18:12:27:1227] [[32minfo[39m]: [32mServer is running in development mode on port 8000[39m
[2026-09-30 18:14:45:1445] [[31merror[39m]: [31mZodError: [[39m
[31m  {[39m
[31m    "expected": "string",[39m
[31m    "code": "invalid_type",[39m
[31m    "path": [[39m
[31m      "body",[39m
[31m      "email"[39m
[31m    ],[39m
[31m    "message": "Invalid email address"[39m
[31m  }[39m
[31m][39m
[31m    at <anonymous> (C:\Users\Lenovo\Desktop\NewBranch\branch-backend\src\middleware\validate.middleware.ts:7:35)[39m
[31m    at Layer.handleRequest (C:\Users\Lenovo\Desktop\NewBranch\branch-backend\node_modules\router\lib\layer.js:152:17)[39m
[31m    at next (C:\Users\Lenovo\Desktop\NewBranch\branch-backend\node_modules\router\lib\route.js:157:13)[39m
[31m    at file:///C:/Users/Lenovo/Desktop/NewBranch/branch-backend/node_modules/express-rate-limit/dist/index.mjs:970:7[39m
[31m    at process.processTicksAndRejections (node:internal/process/task_queues:105:5)[39m
[31m    at async file:///C:/Users/Lenovo/Desktop/NewBranch/branch-backend/node_modules/express-rate-limit/dist/index.mjs:825:5[39m
[2026-09-30 18:14:45:1445] [[31merror[39m]: [31mError: Invalid or expired authentication token.[39m
[31m    at auth (C:\Users\Lenovo\Desktop\NewBranch\branch-backend\src\middleware\auth.middleware.ts:44:13)[39m
[31m    at Layer.handleRequest (C:\Users\Lenovo\Desktop\NewBranch\branch-backend\node_modules\router\lib\layer.js:152:17)[39m
[31m    at next (C:\Users\Lenovo\Desktop\NewBranch\branch-backend\node_modules\router\lib\route.js:157:13)[39m
[31m    at Route.dispatch (C:\Users\Lenovo\Desktop\NewBranch\branch-backend\node_modules\router\lib\route.js:117:3)[39m
[31m    at handle (C:\Users\Lenovo\Desktop\NewBranch\branch-backend\node_modules\router\index.js:435:11)[39m
[31m    at Layer.handleRequest (C:\Users\Lenovo\Desktop\NewBranch\branch-backend\node_modules\router\lib\layer.js:152:17)[39m
[31m    at C:\Users\Lenovo\Desktop\NewBranch\branch-backend\node_modules\router\index.js:295:15[39m
[31m    at processParams (C:\Users\Lenovo\Desktop\NewBranch\branch-backend\node_modules\router\index.js:582:12)[39m
[31m    at next (C:\Users\Lenovo\Desktop\NewBranch\branch-backend\node_modules\router\index.js:291:5)[39m
[31m    at Function.handle (C:\Users\Lenovo\Desktop\NewBranch\branch-backend\node_modules\router\index.js:186:3)[39m
[2026-09-30 18:14:45:1445] [[31merror[39m]: [31mError: Invalid or expired authentication token.[39m
[31m    at auth (C:\Users\Lenovo\Desktop\NewBranch\branch-backend\src\middleware\auth.middleware.ts:44:13)[39m
[31m    at Layer.handleRequest (C:\Users\Lenovo\Desktop\NewBranch\branch-backend\node_modules\router\lib\layer.js:152:17)[39m
[31m    at trimPrefix (C:\Users\Lenovo\Desktop\NewBranch\branch-backend\node_modules\router\index.js:342:13)[39m
[31m    at C:\Users\Lenovo\Desktop\NewBranch\branch-backend\node_modules\router\index.js:297:9[39m
[31m    at processParams (C:\Users\Lenovo\Desktop\NewBranch\branch-backend\node_modules\router\index.js:582:12)[39m
[31m    at next (C:\Users\Lenovo\Desktop\NewBranch\branch-backend\node_modules\router\index.js:291:5)[39m
[31m    at Function.handle (C:\Users\Lenovo\Desktop\NewBranch\branch-backend\node_modules\router\index.js:186:3)[39m
[31m    at router (C:\Users\Lenovo\Desktop\NewBranch\branch-backend\node_modules\router\index.js:60:12)[39m
[31m    at Layer.handleRequest (C:\Users\Lenovo\Desktop\NewBranch\branch-backend\node_modules\router\lib\layer.js:152:17)[39m
[31m    at trimPrefix (C:\Users\Lenovo\Desktop\NewBranch\branch-backend\node_modules\router\index.js:342:13)[39m
[2026-09-30 18:27:00:270] [[32minfo[39m]: [32mServer is running in development mode on port 8000[39m
[2026-09-30 18:29:33:2933] [[31merror[39m]: [31mError: Invalid or expired authentication token.[39m
[31m    at auth (C:\Users\Lenovo\Desktop\NewBranch\branch-backend\src\middleware\auth.middleware.ts:44:13)[39m
[31m    at Layer.handleRequest (C:\Users\Lenovo\Desktop\NewBranch\branch-backend\node_modules\router\lib\layer.js:152:17)[39m
[31m    at trimPrefix (C:\Users\Lenovo\Desktop\NewBranch\branch-backend\node_modules\router\index.js:342:13)[39m
[31m    at C:\Users\Lenovo\Desktop\NewBranch\branch-backend\node_modules\router\index.js:297:9[39m
[31m    at processParams (C:\Users\Lenovo\Desktop\NewBranch\branch-backend\node_modules\router\index.js:582:12)[39m
[31m    at next (C:\Users\Lenovo\Desktop\NewBranch\branch-backend\node_modules\router\index.js:291:5)[39m
[31m    at Function.handle (C:\Users\Lenovo\Desktop\NewBranch\branch-backend\node_modules\router\index.js:186:3)[39m
[31m    at router (C:\Users\Lenovo\Desktop\NewBranch\branch-backend\node_modules\router\index.js:60:12)[39m
[31m    at Layer.handleRequest (C:\Users\Lenovo\Desktop\NewBranch\branch-backend\node_modules\router\lib\layer.js:152:17)[39m
[31m    at trimPrefix (C:\Users\Lenovo\Desktop\NewBranch\branch-backend\node_modules\router\index.js:342:13)[39m
[2026-10-01 10:04:38:438] [[32minfo[39m]: [32mServer is running in development mode on port 8000[39m
[2026-10-01 10:22:05:225] [[31merror[39m]: [31mError: Invalid or expired authentication token.[39m
[31m    at auth (C:\Users\Lenovo\Desktop\NewBranch\branch-backend\src\middleware\auth.middleware.ts:44:13)[39m
[31m    at Layer.handleRequest (C:\Users\Lenovo\Desktop\NewBranch\branch-backend\node_modules\router\lib\layer.js:152:17)[39m
[31m    at trimPrefix (C:\Users\Lenovo\Desktop\NewBranch\branch-backend\node_modules\router\index.js:342:13)[39m
[31m    at C:\Users\Lenovo\Desktop\NewBranch\branch-backend\node_modules\router\index.js:297:9[39m
[31m    at processParams (C:\Users\Lenovo\Desktop\NewBranch\branch-backend\node_modules\router\index.js:582:12)[39m
[31m    at next (C:\Users\Lenovo\Desktop\NewBranch\branch-backend\node_modules\router\index.js:291:5)[39m
[31m    at Function.handle (C:\Users\Lenovo\Desktop\NewBranch\branch-backend\node_modules\router\index.js:186:3)[39m
[31m    at router (C:\Users\Lenovo\Desktop\NewBranch\branch-backend\node_modules\router\index.js:60:12)[39m
[31m    at Layer.handleRequest (C:\Users\Lenovo\Desktop\NewBranch\branch-backend\node_modules\router\lib\layer.js:152:17)[39m
[31m    at trimPrefix (C:\Users\Lenovo\Desktop\NewBranch\branch-backend\node_modules\router\index.js:342:13)[39m
[2026-10-01 10:31:37:3137] [[32minfo[39m]: [32mServer is running in development mode on port 8000[39m
[2026-10-01 11:10:54:1054] [[32minfo[39m]: [32mServer is running in development mode on port 8000[39m
[2026-10-01 11:11:04:114] [[32minfo[39m]: [32mServer is running in development mode on port 8000[39m
[2026-10-01 11:11:12:1112] [[32minfo[39m]: [32mServer is running in development mode on port 8000[39m
[2026-10-01 11:11:32:1132] [[31merror[39m]: [31mError: Invalid or expired authentication token.[39m
[31m    at auth (C:\Users\Lenovo\Desktop\NewBranch\branch-backend\src\middleware\auth.middleware.ts:44:13)[39m
[31m    at Layer.handleRequest (C:\Users\Lenovo\Desktop\NewBranch\branch-backend\node_modules\router\lib\layer.js:152:17)[39m
[31m    at trimPrefix (C:\Users\Lenovo\Desktop\NewBranch\branch-backend\node_modules\router\index.js:342:13)[39m
[31m    at C:\Users\Lenovo\Desktop\NewBranch\branch-backend\node_modules\router\index.js:297:9[39m
[31m    at processParams (C:\Users\Lenovo\Desktop\NewBranch\branch-backend\node_modules\router\index.js:582:12)[39m
[31m    at next (C:\Users\Lenovo\Desktop\NewBranch\branch-backend\node_modules\router\index.js:291:5)[39m
[31m    at Function.handle (C:\Users\Lenovo\Desktop\NewBranch\branch-backend\node_modules\router\index.js:186:3)[39m
[31m    at router (C:\Users\Lenovo\Desktop\NewBranch\branch-backend\node_modules\router\index.js:60:12)[39m
[31m    at Layer.handleRequest (C:\Users\Lenovo\Desktop\NewBranch\branch-backend\node_modules\router\lib\layer.js:152:17)[39m
[31m    at trimPrefix (C:\Users\Lenovo\Desktop\NewBranch\branch-backend\node_modules\router\index.js:342:13)[39m
[2026-10-01 11:27:15:2715] [[31merror[39m]: [31mError: Invalid or expired authentication token.[39m
[31m    at auth (C:\Users\Lenovo\Desktop\NewBranch\branch-backend\src\middleware\auth.middleware.ts:44:13)[39m
[31m    at Layer.handleRequest (C:\Users\Lenovo\Desktop\NewBranch\branch-backend\node_modules\router\lib\layer.js:152:17)[39m
[31m    at trimPrefix (C:\Users\Lenovo\Desktop\NewBranch\branch-backend\node_modules\router\index.js:342:13)[39m
[31m    at C:\Users\Lenovo\Desktop\NewBranch\branch-backend\node_modules\router\index.js:297:9[39m
[31m    at processParams (C:\Users\Lenovo\Desktop\NewBranch\branch-backend\node_modules\router\index.js:582:12)[39m
[31m    at next (C:\Users\Lenovo\Desktop\NewBranch\branch-backend\node_modules\router\index.js:291:5)[39m
[31m    at Function.handle (C:\Users\Lenovo\Desktop\NewBranch\branch-backend\node_modules\router\index.js:186:3)[39m
[31m    at router (C:\Users\Lenovo\Desktop\NewBranch\branch-backend\node_modules\router\index.js:60:12)[39m
[31m    at Layer.handleRequest (C:\Users\Lenovo\Desktop\NewBranch\branch-backend\node_modules\router\lib\layer.js:152:17)[39m
[31m    at trimPrefix (C:\Users\Lenovo\Desktop\NewBranch\branch-backend\node_modules\router\index.js:342:13)[39m
[2026-10-01 11:27:15:2715] [[31merror[39m]: [31mError: Invalid or expired authentication token.[39m
[31m    at auth (C:\Users\Lenovo\Desktop\NewBranch\branch-backend\src\middleware\auth.middleware.ts:44:13)[39m
[31m    at Layer.handleRequest (C:\Users\Lenovo\Desktop\NewBranch\branch-backend\node_modules\router\lib\layer.js:152:17)[39m
[31m    at trimPrefix (C:\Users\Lenovo\Desktop\NewBranch\branch-backend\node_modules\router\index.js:342:13)[39m
[31m    at C:\Users\Lenovo\Desktop\NewBranch\branch-backend\node_modules\router\index.js:297:9[39m
[31m    at processParams (C:\Users\Lenovo\Desktop\NewBranch\branch-backend\node_modules\router\index.js:582:12)[39m
[31m    at next (C:\Users\Lenovo\Desktop\NewBranch\branch-backend\node_modules\router\index.js:291:5)[39m
[31m    at Function.handle (C:\Users\Lenovo\Desktop\NewBranch\branch-backend\node_modules\router\index.js:186:3)[39m
[31m    at router (C:\Users\Lenovo\Desktop\NewBranch\branch-backend\node_modules\router\index.js:60:12)[39m
[31m    at Layer.handleRequest (C:\Users\Lenovo\Desktop\NewBranch\branch-backend\node_modules\router\lib\layer.js:152:17)[39m
[31m    at trimPrefix (C:\Users\Lenovo\Desktop\NewBranch\branch-backend\node_modules\router\index.js:342:13)[39m
[2026-10-01 11:27:15:2715] [[31merror[39m]: [31mError: Invalid or expired authentication token.[39m
[31m    at auth (C:\Users\Lenovo\Desktop\NewBranch\branch-backend\src\middleware\auth.middleware.ts:44:13)[39m
[31m    at Layer.handleRequest (C:\Users\Lenovo\Desktop\NewBranch\branch-backend\node_modules\router\lib\layer.js:152:17)[39m
[31m    at trimPrefix (C:\Users\Lenovo\Desktop\NewBranch\branch-backend\node_modules\router\index.js:342:13)[39m
[31m    at C:\Users\Lenovo\Desktop\NewBranch\branch-backend\node_modules\router\index.js:297:9[39m
[31m    at processParams (C:\Users\Lenovo\Desktop\NewBranch\branch-backend\node_modules\router\index.js:582:12)[39m
[31m    at next (C:\Users\Lenovo\Desktop\NewBranch\branch-backend\node_modules\router\index.js:291:5)[39m
[31m    at Function.handle (C:\Users\Lenovo\Desktop\NewBranch\branch-backend\node_modules\router\index.js:186:3)[39m
[31m    at router (C:\Users\Lenovo\Desktop\NewBranch\branch-backend\node_modules\router\index.js:60:12)[39m
[31m    at Layer.handleRequest (C:\Users\Lenovo\Desktop\NewBranch\branch-backend\node_modules\router\lib\layer.js:152:17)[39m
[31m    at trimPrefix (C:\Users\Lenovo\Desktop\NewBranch\branch-backend\node_modules\router\index.js:342:13)[39m
[2026-10-01 11:27:15:2715] [[31merror[39m]: [31mError: Invalid or expired authentication token.[39m
[31m    at auth (C:\Users\Lenovo\Desktop\NewBranch\branch-backend\src\middleware\auth.middleware.ts:44:13)[39m
[31m    at Layer.handleRequest (C:\Users\Lenovo\Desktop\NewBranch\branch-backend\node_modules\router\lib\layer.js:152:17)[39m
[31m    at trimPrefix (C:\Users\Lenovo\Desktop\NewBranch\branch-backend\node_modules\router\index.js:342:13)[39m
[31m    at C:\Users\Lenovo\Desktop\NewBranch\branch-backend\node_modules\router\index.js:297:9[39m
[31m    at processParams (C:\Users\Lenovo\Desktop\NewBranch\branch-backend\node_modules\router\index.js:582:12)[39m
[31m    at next (C:\Users\Lenovo\Desktop\NewBranch\branch-backend\node_modules\router\index.js:291:5)[39m
[31m    at Function.handle (C:\Users\Lenovo\Desktop\NewBranch\branch-backend\node_modules\router\index.js:186:3)[39m
[31m    at router (C:\Users\Lenovo\Desktop\NewBranch\branch-backend\node_modules\router\index.js:60:12)[39m
[31m    at Layer.handleRequest (C:\Users\Lenovo\Desktop\NewBranch\branch-backend\node_modules\router\lib\layer.js:152:17)[39m
[31m    at trimPrefix (C:\Users\Lenovo\Desktop\NewBranch\branch-backend\node_modules\router\index.js:342:13)[39m
[2026-10-01 11:27:15:2715] [[31merror[39m]: [31mError: Invalid or expired authentication token.[39m
[31m    at auth (C:\Users\Lenovo\Desktop\NewBranch\branch-backend\src\middleware\auth.middleware.ts:44:13)[39m
[31m    at Layer.handleRequest (C:\Users\Lenovo\Desktop\NewBranch\branch-backend\node_modules\router\lib\layer.js:152:17)[39m
[31m    at trimPrefix (C:\Users\Lenovo\Desktop\NewBranch\branch-backend\node_modules\router\index.js:342:13)[39m
[31m    at C:\Users\Lenovo\Desktop\NewBranch\branch-backend\node_modules\router\index.js:297:9[39m
[31m    at processParams (C:\Users\Lenovo\Desktop\NewBranch\branch-backend\node_modules\router\index.js:582:12)[39m
[31m    at next (C:\Users\Lenovo\Desktop\NewBranch\branch-backend\node_modules\router\index.js:291:5)[39m
[31m    at Function.handle (C:\Users\Lenovo\Desktop\NewBranch\branch-backend\node_modules\router\index.js:186:3)[39m
[31m    at router (C:\Users\Lenovo\Desktop\NewBranch\branch-backend\node_modules\router\index.js:60:12)[39m
[31m    at Layer.handleRequest (C:\Users\Lenovo\Desktop\NewBranch\branch-backend\node_modules\router\lib\layer.js:152:17)[39m
[31m    at trimPrefix (C:\Users\Lenovo\Desktop\NewBranch\branch-backend\node_modules\router\index.js:342:13)[39m
[2026-10-01 11:27:15:2715] [[31merror[39m]: [31mError: Invalid or expired authentication token.[39m
[31m    at auth (C:\Users\Lenovo\Desktop\NewBranch\branch-backend\src\middleware\auth.middleware.ts:44:13)[39m
[31m    at Layer.handleRequest (C:\Users\Lenovo\Desktop\NewBranch\branch-backend\node_modules\router\lib\layer.js:152:17)[39m
[31m    at trimPrefix (C:\Users\Lenovo\Desktop\NewBranch\branch-backend\node_modules\router\index.js:342:13)[39m
[31m    at C:\Users\Lenovo\Desktop\NewBranch\branch-backend\node_modules\router\index.js:297:9[39m
[31m    at processParams (C:\Users\Lenovo\Desktop\NewBranch\branch-backend\node_modules\router\index.js:582:12)[39m
[31m    at next (C:\Users\Lenovo\Desktop\NewBranch\branch-backend\node_modules\router\index.js:291:5)[39m
[31m    at Function.handle (C:\Users\Lenovo\Desktop\NewBranch\branch-backend\node_modules\router\index.js:186:3)[39m
[31m    at router (C:\Users\Lenovo\Desktop\NewBranch\branch-backend\node_modules\router\index.js:60:12)[39m
[31m    at Layer.handleRequest (C:\Users\Lenovo\Desktop\NewBranch\branch-backend\node_modules\router\lib\layer.js:152:17)[39m
[31m    at trimPrefix (C:\Users\Lenovo\Desktop\NewBranch\branch-backend\node_modules\router\index.js:342:13)[39m
[2026-10-01 11:42:21:4221] [[32minfo[39m]: [32mServer is running in development mode on port 8000[39m
[2026-10-01 11:42:36:4236] [[32minfo[39m]: [32mServer is running in development mode on port 8000[39m
[2026-10-01 11:42:55:4255] [[32minfo[39m]: [32mServer is running in development mode on port 8000[39m
[2026-10-01 11:49:18:4918] [[32minfo[39m]: [32mServer is running in development mode on port 8000[39m
[2026-10-01 11:49:31:4931] [[32minfo[39m]: [32mServer is running in development mode on port 8000[39m
