[2026-07-28 17:43:04:434] [[31merror[39m]: [31mTypeError: Cannot set property query of #<IncomingMessage> which has only a getter[39m
[31m    at <anonymous> (C:\Users\Lenovo\Desktop\NewBranch\crm-backend\src\middleware\validate.middleware.ts:15:11)[39m
[31m    at process.processTicksAndRejections (node:internal/process/task_queues:105:5)[39m
[2026-07-28 17:44:30:4430] [[31merror[39m]: [31mError: Invalid email or password.[39m
[31m    at AuthService.login (C:\Users\Lenovo\Desktop\NewBranch\crm-backend\src\modules\auth\auth.service.ts:91:13)[39m
[31m    at async login (C:\Users\Lenovo\Desktop\NewBranch\crm-backend\src\modules\auth\auth.controller.ts:37:51)[39m
[2026-07-28 18:07:32:732] [[31merror[39m]: [31mError: Invalid email or password.[39m
[31m    at AuthService.login (C:\Users\Lenovo\Desktop\NewBranch\crm-backend\src\modules\auth\auth.service.ts:79:13)[39m
[31m    at async login (C:\Users\Lenovo\Desktop\NewBranch\crm-backend\src\modules\auth\auth.controller.ts:37:51)[39m
[2026-07-28 18:07:32:732] [[31merror[39m]: [31mError: Refresh token is missing.[39m
[31m    at AuthService.refresh (C:\Users\Lenovo\Desktop\NewBranch\crm-backend\src\modules\auth\auth.service.ts:127:13)[39m
[31m    at refresh (C:\Users\Lenovo\Desktop\NewBranch\crm-backend\src\modules\auth\auth.controller.ts:55:63)[39m
[31m    at Layer.handleRequest (C:\Users\Lenovo\Desktop\NewBranch\crm-backend\node_modules\router\lib\layer.js:152:17)[39m
[31m    at next (C:\Users\Lenovo\Desktop\NewBranch\crm-backend\node_modules\router\lib\route.js:157:13)[39m
[31m    at Route.dispatch (C:\Users\Lenovo\Desktop\NewBranch\crm-backend\node_modules\router\lib\route.js:117:3)[39m
[31m    at handle (C:\Users\Lenovo\Desktop\NewBranch\crm-backend\node_modules\router\index.js:435:11)[39m
[31m    at Layer.handleRequest (C:\Users\Lenovo\Desktop\NewBranch\crm-backend\node_modules\router\lib\layer.js:152:17)[39m
[31m    at C:\Users\Lenovo\Desktop\NewBranch\crm-backend\node_modules\router\index.js:295:15[39m
[31m    at processParams (C:\Users\Lenovo\Desktop\NewBranch\crm-backend\node_modules\router\index.js:582:12)[39m
[31m    at next (C:\Users\Lenovo\Desktop\NewBranch\crm-backend\node_modules\router\index.js:291:5)[39m
[2026-07-28 18:07:36:736] [[31merror[39m]: [31mError: Invalid email or password.[39m
[31m    at AuthService.login (C:\Users\Lenovo\Desktop\NewBranch\crm-backend\src\modules\auth\auth.service.ts:79:13)[39m
[31m    at async login (C:\Users\Lenovo\Desktop\NewBranch\crm-backend\src\modules\auth\auth.controller.ts:37:51)[39m
[2026-07-28 18:07:36:736] [[31merror[39m]: [31mError: Refresh token is missing.[39m
[31m    at AuthService.refresh (C:\Users\Lenovo\Desktop\NewBranch\crm-backend\src\modules\auth\auth.service.ts:127:13)[39m
[31m    at refresh (C:\Users\Lenovo\Desktop\NewBranch\crm-backend\src\modules\auth\auth.controller.ts:55:63)[39m
[31m    at Layer.handleRequest (C:\Users\Lenovo\Desktop\NewBranch\crm-backend\node_modules\router\lib\layer.js:152:17)[39m
[31m    at next (C:\Users\Lenovo\Desktop\NewBranch\crm-backend\node_modules\router\lib\route.js:157:13)[39m
[31m    at Route.dispatch (C:\Users\Lenovo\Desktop\NewBranch\crm-backend\node_modules\router\lib\route.js:117:3)[39m
[31m    at handle (C:\Users\Lenovo\Desktop\NewBranch\crm-backend\node_modules\router\index.js:435:11)[39m
[31m    at Layer.handleRequest (C:\Users\Lenovo\Desktop\NewBranch\crm-backend\node_modules\router\lib\layer.js:152:17)[39m
[31m    at C:\Users\Lenovo\Desktop\NewBranch\crm-backend\node_modules\router\index.js:295:15[39m
[31m    at processParams (C:\Users\Lenovo\Desktop\NewBranch\crm-backend\node_modules\router\index.js:582:12)[39m
[31m    at next (C:\Users\Lenovo\Desktop\NewBranch\crm-backend\node_modules\router\index.js:291:5)[39m
[2026-07-29 12:35:23:3523] [[31merror[39m]: [31mError: Invalid or expired authentication token.[39m
[31m    at auth (C:\Users\Lenovo\Desktop\NewBranch\branch-backend\src\middleware\auth.middleware.ts:44:13)[39m
[31m    at Layer.handleRequest (C:\Users\Lenovo\Desktop\NewBranch\branch-backend\node_modules\router\lib\layer.js:152:17)[39m
[31m    at next (C:\Users\Lenovo\Desktop\NewBranch\branch-backend\node_modules\router\lib\route.js:157:13)[39m
[31m    at Route.dispatch (C:\Users\Lenovo\Desktop\NewBranch\branch-backend\node_modules\router\lib\route.js:117:3)[39m
[31m    at handle (C:\Users\Lenovo\Desktop\NewBranch\branch-backend\node_modules\router\index.js:435:11)[39m
[31m    at Layer.handleRequest (C:\Users\Lenovo\Desktop\NewBranch\branch-backend\node_modules\router\lib\layer.js:152:17)[39m
[31m    at C:\Users\Lenovo\Desktop\NewBranch\branch-backend\node_modules\router\index.js:295:15[39m
[31m    at processParams (C:\Users\Lenovo\Desktop\NewBranch\branch-backend\node_modules\router\index.js:582:12)[39m
[31m    at next (C:\Users\Lenovo\Desktop\NewBranch\branch-backend\node_modules\router\index.js:291:5)[39m
[31m    at Function.handle (C:\Users\Lenovo\Desktop\NewBranch\branch-backend\node_modules\router\index.js:186:3)[39m
[2026-07-29 12:35:23:3523] [[31merror[39m]: [31mError: Invalid or expired authentication token.[39m
[31m    at auth (C:\Users\Lenovo\Desktop\NewBranch\branch-backend\src\middleware\auth.middleware.ts:44:13)[39m
[31m    at Layer.handleRequest (C:\Users\Lenovo\Desktop\NewBranch\branch-backend\node_modules\router\lib\layer.js:152:17)[39m
[31m    at next (C:\Users\Lenovo\Desktop\NewBranch\branch-backend\node_modules\router\lib\route.js:157:13)[39m
[31m    at Route.dispatch (C:\Users\Lenovo\Desktop\NewBranch\branch-backend\node_modules\router\lib\route.js:117:3)[39m
[31m    at handle (C:\Users\Lenovo\Desktop\NewBranch\branch-backend\node_modules\router\index.js:435:11)[39m
[31m    at Layer.handleRequest (C:\Users\Lenovo\Desktop\NewBranch\branch-backend\node_modules\router\lib\layer.js:152:17)[39m
[31m    at C:\Users\Lenovo\Desktop\NewBranch\branch-backend\node_modules\router\index.js:295:15[39m
[31m    at processParams (C:\Users\Lenovo\Desktop\NewBranch\branch-backend\node_modules\router\index.js:582:12)[39m
[31m    at next (C:\Users\Lenovo\Desktop\NewBranch\branch-backend\node_modules\router\index.js:291:5)[39m
[31m    at Function.handle (C:\Users\Lenovo\Desktop\NewBranch\branch-backend\node_modules\router\index.js:186:3)[39m
[2026-07-29 16:48:58:4858] [[31merror[39m]: [31mError: Invalid or expired authentication token.[39m
[31m    at auth (C:\Users\Lenovo\Desktop\NewBranch\branch-backend\src\middleware\auth.middleware.ts:44:13)[39m
[31m    at Layer.handleRequest (C:\Users\Lenovo\Desktop\NewBranch\branch-backend\node_modules\router\lib\layer.js:152:17)[39m
[31m    at trimPrefix (C:\Users\Lenovo\Desktop\NewBranch\branch-backend\node_modules\router\index.js:342:13)[39m
[31m    at C:\Users\Lenovo\Desktop\NewBranch\branch-backend\node_modules\router\index.js:297:9[39m
[31m    at processParams (C:\Users\Lenovo\Desktop\NewBranch\branch-backend\node_modules\router\index.js:582:12)[39m
[31m    at next (C:\Users\Lenovo\Desktop\NewBranch\branch-backend\node_modules\router\index.js:291:5)[39m
[31m    at Function.handle (C:\Users\Lenovo\Desktop\NewBranch\branch-backend\node_modules\router\index.js:186:3)[39m
[31m    at router (C:\Users\Lenovo\Desktop\NewBranch\branch-backend\node_modules\router\index.js:60:12)[39m
[31m    at Layer.handleRequest (C:\Users\Lenovo\Desktop\NewBranch\branch-backend\node_modules\router\lib\layer.js:152:17)[39m
[31m    at trimPrefix (C:\Users\Lenovo\Desktop\NewBranch\branch-backend\node_modules\router\index.js:342:13)[39m
[2026-07-29 16:52:44:5244] [[31merror[39m]: [31mError: Invalid or expired authentication token.[39m
[31m    at auth (C:\Users\Lenovo\Desktop\NewBranch\branch-backend\src\middleware\auth.middleware.ts:44:13)[39m
[31m    at Layer.handleRequest (C:\Users\Lenovo\Desktop\NewBranch\branch-backend\node_modules\router\lib\layer.js:152:17)[39m
[31m    at trimPrefix (C:\Users\Lenovo\Desktop\NewBranch\branch-backend\node_modules\router\index.js:342:13)[39m
[31m    at C:\Users\Lenovo\Desktop\NewBranch\branch-backend\node_modules\router\index.js:297:9[39m
[31m    at processParams (C:\Users\Lenovo\Desktop\NewBranch\branch-backend\node_modules\router\index.js:582:12)[39m
[31m    at next (C:\Users\Lenovo\Desktop\NewBranch\branch-backend\node_modules\router\index.js:291:5)[39m
[31m    at Function.handle (C:\Users\Lenovo\Desktop\NewBranch\branch-backend\node_modules\router\index.js:186:3)[39m
[31m    at router (C:\Users\Lenovo\Desktop\NewBranch\branch-backend\node_modules\router\index.js:60:12)[39m
[31m    at Layer.handleRequest (C:\Users\Lenovo\Desktop\NewBranch\branch-backend\node_modules\router\lib\layer.js:152:17)[39m
[31m    at trimPrefix (C:\Users\Lenovo\Desktop\NewBranch\branch-backend\node_modules\router\index.js:342:13)[39m
[2026-07-29 17:52:09:529] [[31merror[39m]: [31mError: Invalid or expired authentication token.[39m
[31m    at auth (C:\Users\Lenovo\Desktop\NewBranch\branch-backend\src\middleware\auth.middleware.ts:44:13)[39m
[31m    at Layer.handleRequest (C:\Users\Lenovo\Desktop\NewBranch\branch-backend\node_modules\router\lib\layer.js:152:17)[39m
[31m    at trimPrefix (C:\Users\Lenovo\Desktop\NewBranch\branch-backend\node_modules\router\index.js:342:13)[39m
[31m    at C:\Users\Lenovo\Desktop\NewBranch\branch-backend\node_modules\router\index.js:297:9[39m
[31m    at processParams (C:\Users\Lenovo\Desktop\NewBranch\branch-backend\node_modules\router\index.js:582:12)[39m
[31m    at next (C:\Users\Lenovo\Desktop\NewBranch\branch-backend\node_modules\router\index.js:291:5)[39m
[31m    at Function.handle (C:\Users\Lenovo\Desktop\NewBranch\branch-backend\node_modules\router\index.js:186:3)[39m
[31m    at router (C:\Users\Lenovo\Desktop\NewBranch\branch-backend\node_modules\router\index.js:60:12)[39m
[31m    at Layer.handleRequest (C:\Users\Lenovo\Desktop\NewBranch\branch-backend\node_modules\router\lib\layer.js:152:17)[39m
[31m    at trimPrefix (C:\Users\Lenovo\Desktop\NewBranch\branch-backend\node_modules\router\index.js:342:13)[39m
[2026-07-29 18:14:33:1433] [[31merror[39m]: [31mError: Invalid or expired authentication token.[39m
[31m    at auth (C:\Users\Lenovo\Desktop\NewBranch\branch-backend\src\middleware\auth.middleware.ts:44:13)[39m
[31m    at Layer.handleRequest (C:\Users\Lenovo\Desktop\NewBranch\branch-backend\node_modules\router\lib\layer.js:152:17)[39m
[31m    at trimPrefix (C:\Users\Lenovo\Desktop\NewBranch\branch-backend\node_modules\router\index.js:342:13)[39m
[31m    at C:\Users\Lenovo\Desktop\NewBranch\branch-backend\node_modules\router\index.js:297:9[39m
[31m    at processParams (C:\Users\Lenovo\Desktop\NewBranch\branch-backend\node_modules\router\index.js:582:12)[39m
[31m    at next (C:\Users\Lenovo\Desktop\NewBranch\branch-backend\node_modules\router\index.js:291:5)[39m
[31m    at Function.handle (C:\Users\Lenovo\Desktop\NewBranch\branch-backend\node_modules\router\index.js:186:3)[39m
[31m    at router (C:\Users\Lenovo\Desktop\NewBranch\branch-backend\node_modules\router\index.js:60:12)[39m
[31m    at Layer.handleRequest (C:\Users\Lenovo\Desktop\NewBranch\branch-backend\node_modules\router\lib\layer.js:152:17)[39m
[31m    at trimPrefix (C:\Users\Lenovo\Desktop\NewBranch\branch-backend\node_modules\router\index.js:342:13)[39m
[2026-07-29 18:39:36:3936] [[31merror[39m]: [31mError: Invalid or expired authentication token.[39m
[31m    at auth (C:\Users\Lenovo\Desktop\NewBranch\branch-backend\src\middleware\auth.middleware.ts:44:13)[39m
[31m    at Layer.handleRequest (C:\Users\Lenovo\Desktop\NewBranch\branch-backend\node_modules\router\lib\layer.js:152:17)[39m
[31m    at trimPrefix (C:\Users\Lenovo\Desktop\NewBranch\branch-backend\node_modules\router\index.js:342:13)[39m
[31m    at C:\Users\Lenovo\Desktop\NewBranch\branch-backend\node_modules\router\index.js:297:9[39m
[31m    at processParams (C:\Users\Lenovo\Desktop\NewBranch\branch-backend\node_modules\router\index.js:582:12)[39m
[31m    at next (C:\Users\Lenovo\Desktop\NewBranch\branch-backend\node_modules\router\index.js:291:5)[39m
[31m    at Function.handle (C:\Users\Lenovo\Desktop\NewBranch\branch-backend\node_modules\router\index.js:186:3)[39m
[31m    at router (C:\Users\Lenovo\Desktop\NewBranch\branch-backend\node_modules\router\index.js:60:12)[39m
[31m    at Layer.handleRequest (C:\Users\Lenovo\Desktop\NewBranch\branch-backend\node_modules\router\lib\layer.js:152:17)[39m
[31m    at trimPrefix (C:\Users\Lenovo\Desktop\NewBranch\branch-backend\node_modules\router\index.js:342:13)[39m
[2026-07-29 19:02:33:233] [[31merror[39m]: [31mError: Invalid or expired authentication token.[39m
[31m    at auth (C:\Users\Lenovo\Desktop\NewBranch\branch-backend\src\middleware\auth.middleware.ts:44:13)[39m
[31m    at Layer.handleRequest (C:\Users\Lenovo\Desktop\NewBranch\branch-backend\node_modules\router\lib\layer.js:152:17)[39m
[31m    at trimPrefix (C:\Users\Lenovo\Desktop\NewBranch\branch-backend\node_modules\router\index.js:342:13)[39m
[31m    at C:\Users\Lenovo\Desktop\NewBranch\branch-backend\node_modules\router\index.js:297:9[39m
[31m    at processParams (C:\Users\Lenovo\Desktop\NewBranch\branch-backend\node_modules\router\index.js:582:12)[39m
[31m    at next (C:\Users\Lenovo\Desktop\NewBranch\branch-backend\node_modules\router\index.js:291:5)[39m
[31m    at Function.handle (C:\Users\Lenovo\Desktop\NewBranch\branch-backend\node_modules\router\index.js:186:3)[39m
[31m    at router (C:\Users\Lenovo\Desktop\NewBranch\branch-backend\node_modules\router\index.js:60:12)[39m
[31m    at Layer.handleRequest (C:\Users\Lenovo\Desktop\NewBranch\branch-backend\node_modules\router\lib\layer.js:152:17)[39m
[31m    at trimPrefix (C:\Users\Lenovo\Desktop\NewBranch\branch-backend\node_modules\router\index.js:342:13)[39m
[2026-07-30 10:05:35:535] [[31merror[39m]: [31mError: Invalid or expired authentication token.[39m
[31m    at auth (C:\Users\Lenovo\Desktop\NewBranch\branch-backend\src\middleware\auth.middleware.ts:44:13)[39m
[31m    at Layer.handleRequest (C:\Users\Lenovo\Desktop\NewBranch\branch-backend\node_modules\router\lib\layer.js:152:17)[39m
[31m    at trimPrefix (C:\Users\Lenovo\Desktop\NewBranch\branch-backend\node_modules\router\index.js:342:13)[39m
[31m    at C:\Users\Lenovo\Desktop\NewBranch\branch-backend\node_modules\router\index.js:297:9[39m
[31m    at processParams (C:\Users\Lenovo\Desktop\NewBranch\branch-backend\node_modules\router\index.js:582:12)[39m
[31m    at next (C:\Users\Lenovo\Desktop\NewBranch\branch-backend\node_modules\router\index.js:291:5)[39m
[31m    at Function.handle (C:\Users\Lenovo\Desktop\NewBranch\branch-backend\node_modules\router\index.js:186:3)[39m
[31m    at router (C:\Users\Lenovo\Desktop\NewBranch\branch-backend\node_modules\router\index.js:60:12)[39m
[31m    at Layer.handleRequest (C:\Users\Lenovo\Desktop\NewBranch\branch-backend\node_modules\router\lib\layer.js:152:17)[39m
[31m    at trimPrefix (C:\Users\Lenovo\Desktop\NewBranch\branch-backend\node_modules\router\index.js:342:13)[39m
[2026-07-30 10:28:26:2826] [[31merror[39m]: [31mError: Invalid or expired authentication token.[39m
[31m    at auth (C:\Users\Lenovo\Desktop\NewBranch\branch-backend\src\middleware\auth.middleware.ts:44:13)[39m
[31m    at Layer.handleRequest (C:\Users\Lenovo\Desktop\NewBranch\branch-backend\node_modules\router\lib\layer.js:152:17)[39m
[31m    at trimPrefix (C:\Users\Lenovo\Desktop\NewBranch\branch-backend\node_modules\router\index.js:342:13)[39m
[31m    at C:\Users\Lenovo\Desktop\NewBranch\branch-backend\node_modules\router\index.js:297:9[39m
[31m    at processParams (C:\Users\Lenovo\Desktop\NewBranch\branch-backend\node_modules\router\index.js:582:12)[39m
[31m    at next (C:\Users\Lenovo\Desktop\NewBranch\branch-backend\node_modules\router\index.js:291:5)[39m
[31m    at Function.handle (C:\Users\Lenovo\Desktop\NewBranch\branch-backend\node_modules\router\index.js:186:3)[39m
[31m    at router (C:\Users\Lenovo\Desktop\NewBranch\branch-backend\node_modules\router\index.js:60:12)[39m
[31m    at Layer.handleRequest (C:\Users\Lenovo\Desktop\NewBranch\branch-backend\node_modules\router\lib\layer.js:152:17)[39m
[31m    at trimPrefix (C:\Users\Lenovo\Desktop\NewBranch\branch-backend\node_modules\router\index.js:342:13)[39m
[2026-07-30 10:28:26:2826] [[31merror[39m]: [31mError: Invalid or expired authentication token.[39m
[31m    at auth (C:\Users\Lenovo\Desktop\NewBranch\branch-backend\src\middleware\auth.middleware.ts:44:13)[39m
[31m    at Layer.handleRequest (C:\Users\Lenovo\Desktop\NewBranch\branch-backend\node_modules\router\lib\layer.js:152:17)[39m
[31m    at trimPrefix (C:\Users\Lenovo\Desktop\NewBranch\branch-backend\node_modules\router\index.js:342:13)[39m
[31m    at C:\Users\Lenovo\Desktop\NewBranch\branch-backend\node_modules\router\index.js:297:9[39m
[31m    at processParams (C:\Users\Lenovo\Desktop\NewBranch\branch-backend\node_modules\router\index.js:582:12)[39m
[31m    at next (C:\Users\Lenovo\Desktop\NewBranch\branch-backend\node_modules\router\index.js:291:5)[39m
[31m    at Function.handle (C:\Users\Lenovo\Desktop\NewBranch\branch-backend\node_modules\router\index.js:186:3)[39m
[31m    at router (C:\Users\Lenovo\Desktop\NewBranch\branch-backend\node_modules\router\index.js:60:12)[39m
[31m    at Layer.handleRequest (C:\Users\Lenovo\Desktop\NewBranch\branch-backend\node_modules\router\lib\layer.js:152:17)[39m
[31m    at trimPrefix (C:\Users\Lenovo\Desktop\NewBranch\branch-backend\node_modules\router\index.js:342:13)[39m
[2026-07-30 10:28:26:2826] [[31merror[39m]: [31mError: Invalid or expired authentication token.[39m
[31m    at auth (C:\Users\Lenovo\Desktop\NewBranch\branch-backend\src\middleware\auth.middleware.ts:44:13)[39m
[31m    at Layer.handleRequest (C:\Users\Lenovo\Desktop\NewBranch\branch-backend\node_modules\router\lib\layer.js:152:17)[39m
[31m    at trimPrefix (C:\Users\Lenovo\Desktop\NewBranch\branch-backend\node_modules\router\index.js:342:13)[39m
[31m    at C:\Users\Lenovo\Desktop\NewBranch\branch-backend\node_modules\router\index.js:297:9[39m
[31m    at processParams (C:\Users\Lenovo\Desktop\NewBranch\branch-backend\node_modules\router\index.js:582:12)[39m
[31m    at next (C:\Users\Lenovo\Desktop\NewBranch\branch-backend\node_modules\router\index.js:291:5)[39m
[31m    at Function.handle (C:\Users\Lenovo\Desktop\NewBranch\branch-backend\node_modules\router\index.js:186:3)[39m
[31m    at router (C:\Users\Lenovo\Desktop\NewBranch\branch-backend\node_modules\router\index.js:60:12)[39m
[31m    at Layer.handleRequest (C:\Users\Lenovo\Desktop\NewBranch\branch-backend\node_modules\router\lib\layer.js:152:17)[39m
[31m    at trimPrefix (C:\Users\Lenovo\Desktop\NewBranch\branch-backend\node_modules\router\index.js:342:13)[39m
[2026-07-30 10:28:26:2826] [[31merror[39m]: [31mError: Invalid or expired authentication token.[39m
[31m    at auth (C:\Users\Lenovo\Desktop\NewBranch\branch-backend\src\middleware\auth.middleware.ts:44:13)[39m
[31m    at Layer.handleRequest (C:\Users\Lenovo\Desktop\NewBranch\branch-backend\node_modules\router\lib\layer.js:152:17)[39m
[31m    at trimPrefix (C:\Users\Lenovo\Desktop\NewBranch\branch-backend\node_modules\router\index.js:342:13)[39m
[31m    at C:\Users\Lenovo\Desktop\NewBranch\branch-backend\node_modules\router\index.js:297:9[39m
[31m    at processParams (C:\Users\Lenovo\Desktop\NewBranch\branch-backend\node_modules\router\index.js:582:12)[39m
[31m    at next (C:\Users\Lenovo\Desktop\NewBranch\branch-backend\node_modules\router\index.js:291:5)[39m
[31m    at Function.handle (C:\Users\Lenovo\Desktop\NewBranch\branch-backend\node_modules\router\index.js:186:3)[39m
[31m    at router (C:\Users\Lenovo\Desktop\NewBranch\branch-backend\node_modules\router\index.js:60:12)[39m
[31m    at Layer.handleRequest (C:\Users\Lenovo\Desktop\NewBranch\branch-backend\node_modules\router\lib\layer.js:152:17)[39m
[31m    at trimPrefix (C:\Users\Lenovo\Desktop\NewBranch\branch-backend\node_modules\router\index.js:342:13)[39m
[2026-07-30 10:28:26:2826] [[31merror[39m]: [31mError: Invalid or expired authentication token.[39m
[31m    at auth (C:\Users\Lenovo\Desktop\NewBranch\branch-backend\src\middleware\auth.middleware.ts:44:13)[39m
[31m    at Layer.handleRequest (C:\Users\Lenovo\Desktop\NewBranch\branch-backend\node_modules\router\lib\layer.js:152:17)[39m
[31m    at trimPrefix (C:\Users\Lenovo\Desktop\NewBranch\branch-backend\node_modules\router\index.js:342:13)[39m
[31m    at C:\Users\Lenovo\Desktop\NewBranch\branch-backend\node_modules\router\index.js:297:9[39m
[31m    at processParams (C:\Users\Lenovo\Desktop\NewBranch\branch-backend\node_modules\router\index.js:582:12)[39m
[31m    at next (C:\Users\Lenovo\Desktop\NewBranch\branch-backend\node_modules\router\index.js:291:5)[39m
[31m    at Function.handle (C:\Users\Lenovo\Desktop\NewBranch\branch-backend\node_modules\router\index.js:186:3)[39m
[31m    at router (C:\Users\Lenovo\Desktop\NewBranch\branch-backend\node_modules\router\index.js:60:12)[39m
[31m    at Layer.handleRequest (C:\Users\Lenovo\Desktop\NewBranch\branch-backend\node_modules\router\lib\layer.js:152:17)[39m
[31m    at trimPrefix (C:\Users\Lenovo\Desktop\NewBranch\branch-backend\node_modules\router\index.js:342:13)[39m
[2026-07-30 10:28:26:2826] [[31merror[39m]: [31mError: Invalid or expired authentication token.[39m
[31m    at auth (C:\Users\Lenovo\Desktop\NewBranch\branch-backend\src\middleware\auth.middleware.ts:44:13)[39m
[31m    at Layer.handleRequest (C:\Users\Lenovo\Desktop\NewBranch\branch-backend\node_modules\router\lib\layer.js:152:17)[39m
[31m    at trimPrefix (C:\Users\Lenovo\Desktop\NewBranch\branch-backend\node_modules\router\index.js:342:13)[39m
[31m    at C:\Users\Lenovo\Desktop\NewBranch\branch-backend\node_modules\router\index.js:297:9[39m
[31m    at processParams (C:\Users\Lenovo\Desktop\NewBranch\branch-backend\node_modules\router\index.js:582:12)[39m
[31m    at next (C:\Users\Lenovo\Desktop\NewBranch\branch-backend\node_modules\router\index.js:291:5)[39m
[31m    at Function.handle (C:\Users\Lenovo\Desktop\NewBranch\branch-backend\node_modules\router\index.js:186:3)[39m
[31m    at router (C:\Users\Lenovo\Desktop\NewBranch\branch-backend\node_modules\router\index.js:60:12)[39m
[31m    at Layer.handleRequest (C:\Users\Lenovo\Desktop\NewBranch\branch-backend\node_modules\router\lib\layer.js:152:17)[39m
[31m    at trimPrefix (C:\Users\Lenovo\Desktop\NewBranch\branch-backend\node_modules\router\index.js:342:13)[39m
[2026-07-30 10:28:26:2826] [[31merror[39m]: [31mError: Invalid or expired authentication token.[39m
[31m    at auth (C:\Users\Lenovo\Desktop\NewBranch\branch-backend\src\middleware\auth.middleware.ts:44:13)[39m
[31m    at Layer.handleRequest (C:\Users\Lenovo\Desktop\NewBranch\branch-backend\node_modules\router\lib\layer.js:152:17)[39m
[31m    at trimPrefix (C:\Users\Lenovo\Desktop\NewBranch\branch-backend\node_modules\router\index.js:342:13)[39m
[31m    at C:\Users\Lenovo\Desktop\NewBranch\branch-backend\node_modules\router\index.js:297:9[39m
[31m    at processParams (C:\Users\Lenovo\Desktop\NewBranch\branch-backend\node_modules\router\index.js:582:12)[39m
[31m    at next (C:\Users\Lenovo\Desktop\NewBranch\branch-backend\node_modules\router\index.js:291:5)[39m
[31m    at Function.handle (C:\Users\Lenovo\Desktop\NewBranch\branch-backend\node_modules\router\index.js:186:3)[39m
[31m    at router (C:\Users\Lenovo\Desktop\NewBranch\branch-backend\node_modules\router\index.js:60:12)[39m
[31m    at Layer.handleRequest (C:\Users\Lenovo\Desktop\NewBranch\branch-backend\node_modules\router\lib\layer.js:152:17)[39m
[31m    at trimPrefix (C:\Users\Lenovo\Desktop\NewBranch\branch-backend\node_modules\router\index.js:342:13)[39m
[2026-07-30 11:13:34:1334] [[31merror[39m]: [31mError: Invalid or expired authentication token.[39m
[31m    at auth (C:\Users\Lenovo\Desktop\NewBranch\branch-backend\src\middleware\auth.middleware.ts:44:13)[39m
[31m    at Layer.handleRequest (C:\Users\Lenovo\Desktop\NewBranch\branch-backend\node_modules\router\lib\layer.js:152:17)[39m
[31m    at trimPrefix (C:\Users\Lenovo\Desktop\NewBranch\branch-backend\node_modules\router\index.js:342:13)[39m
[31m    at C:\Users\Lenovo\Desktop\NewBranch\branch-backend\node_modules\router\index.js:297:9[39m
[31m    at processParams (C:\Users\Lenovo\Desktop\NewBranch\branch-backend\node_modules\router\index.js:582:12)[39m
[31m    at next (C:\Users\Lenovo\Desktop\NewBranch\branch-backend\node_modules\router\index.js:291:5)[39m
[31m    at Function.handle (C:\Users\Lenovo\Desktop\NewBranch\branch-backend\node_modules\router\index.js:186:3)[39m
[31m    at router (C:\Users\Lenovo\Desktop\NewBranch\branch-backend\node_modules\router\index.js:60:12)[39m
[31m    at Layer.handleRequest (C:\Users\Lenovo\Desktop\NewBranch\branch-backend\node_modules\router\lib\layer.js:152:17)[39m
[31m    at trimPrefix (C:\Users\Lenovo\Desktop\NewBranch\branch-backend\node_modules\router\index.js:342:13)[39m
[2026-07-30 11:13:34:1334] [[31merror[39m]: [31mError: Invalid or expired authentication token.[39m
[31m    at auth (C:\Users\Lenovo\Desktop\NewBranch\branch-backend\src\middleware\auth.middleware.ts:44:13)[39m
[31m    at Layer.handleRequest (C:\Users\Lenovo\Desktop\NewBranch\branch-backend\node_modules\router\lib\layer.js:152:17)[39m
[31m    at trimPrefix (C:\Users\Lenovo\Desktop\NewBranch\branch-backend\node_modules\router\index.js:342:13)[39m
[31m    at C:\Users\Lenovo\Desktop\NewBranch\branch-backend\node_modules\router\index.js:297:9[39m
[31m    at processParams (C:\Users\Lenovo\Desktop\NewBranch\branch-backend\node_modules\router\index.js:582:12)[39m
[31m    at next (C:\Users\Lenovo\Desktop\NewBranch\branch-backend\node_modules\router\index.js:291:5)[39m
[31m    at Function.handle (C:\Users\Lenovo\Desktop\NewBranch\branch-backend\node_modules\router\index.js:186:3)[39m
[31m    at router (C:\Users\Lenovo\Desktop\NewBranch\branch-backend\node_modules\router\index.js:60:12)[39m
[31m    at Layer.handleRequest (C:\Users\Lenovo\Desktop\NewBranch\branch-backend\node_modules\router\lib\layer.js:152:17)[39m
[31m    at trimPrefix (C:\Users\Lenovo\Desktop\NewBranch\branch-backend\node_modules\router\index.js:342:13)[39m
[2026-07-30 11:13:34:1334] [[31merror[39m]: [31mError: Invalid or expired authentication token.[39m
[31m    at auth (C:\Users\Lenovo\Desktop\NewBranch\branch-backend\src\middleware\auth.middleware.ts:44:13)[39m
[31m    at Layer.handleRequest (C:\Users\Lenovo\Desktop\NewBranch\branch-backend\node_modules\router\lib\layer.js:152:17)[39m
[31m    at trimPrefix (C:\Users\Lenovo\Desktop\NewBranch\branch-backend\node_modules\router\index.js:342:13)[39m
[31m    at C:\Users\Lenovo\Desktop\NewBranch\branch-backend\node_modules\router\index.js:297:9[39m
[31m    at processParams (C:\Users\Lenovo\Desktop\NewBranch\branch-backend\node_modules\router\index.js:582:12)[39m
[31m    at next (C:\Users\Lenovo\Desktop\NewBranch\branch-backend\node_modules\router\index.js:291:5)[39m
[31m    at Function.handle (C:\Users\Lenovo\Desktop\NewBranch\branch-backend\node_modules\router\index.js:186:3)[39m
[31m    at router (C:\Users\Lenovo\Desktop\NewBranch\branch-backend\node_modules\router\index.js:60:12)[39m
[31m    at Layer.handleRequest (C:\Users\Lenovo\Desktop\NewBranch\branch-backend\node_modules\router\lib\layer.js:152:17)[39m
[31m    at trimPrefix (C:\Users\Lenovo\Desktop\NewBranch\branch-backend\node_modules\router\index.js:342:13)[39m
[2026-07-30 11:13:34:1334] [[31merror[39m]: [31mError: Invalid or expired authentication token.[39m
[31m    at auth (C:\Users\Lenovo\Desktop\NewBranch\branch-backend\src\middleware\auth.middleware.ts:44:13)[39m
[31m    at Layer.handleRequest (C:\Users\Lenovo\Desktop\NewBranch\branch-backend\node_modules\router\lib\layer.js:152:17)[39m
[31m    at trimPrefix (C:\Users\Lenovo\Desktop\NewBranch\branch-backend\node_modules\router\index.js:342:13)[39m
[31m    at C:\Users\Lenovo\Desktop\NewBranch\branch-backend\node_modules\router\index.js:297:9[39m
[31m    at processParams (C:\Users\Lenovo\Desktop\NewBranch\branch-backend\node_modules\router\index.js:582:12)[39m
[31m    at next (C:\Users\Lenovo\Desktop\NewBranch\branch-backend\node_modules\router\index.js:291:5)[39m
[31m    at Function.handle (C:\Users\Lenovo\Desktop\NewBranch\branch-backend\node_modules\router\index.js:186:3)[39m
[31m    at router (C:\Users\Lenovo\Desktop\NewBranch\branch-backend\node_modules\router\index.js:60:12)[39m
[31m    at Layer.handleRequest (C:\Users\Lenovo\Desktop\NewBranch\branch-backend\node_modules\router\lib\layer.js:152:17)[39m
[31m    at trimPrefix (C:\Users\Lenovo\Desktop\NewBranch\branch-backend\node_modules\router\index.js:342:13)[39m
[2026-07-30 11:13:34:1334] [[31merror[39m]: [31mError: Invalid or expired authentication token.[39m
[31m    at auth (C:\Users\Lenovo\Desktop\NewBranch\branch-backend\src\middleware\auth.middleware.ts:44:13)[39m
[31m    at Layer.handleRequest (C:\Users\Lenovo\Desktop\NewBranch\branch-backend\node_modules\router\lib\layer.js:152:17)[39m
[31m    at trimPrefix (C:\Users\Lenovo\Desktop\NewBranch\branch-backend\node_modules\router\index.js:342:13)[39m
[31m    at C:\Users\Lenovo\Desktop\NewBranch\branch-backend\node_modules\router\index.js:297:9[39m
[31m    at processParams (C:\Users\Lenovo\Desktop\NewBranch\branch-backend\node_modules\router\index.js:582:12)[39m
[31m    at next (C:\Users\Lenovo\Desktop\NewBranch\branch-backend\node_modules\router\index.js:291:5)[39m
[31m    at Function.handle (C:\Users\Lenovo\Desktop\NewBranch\branch-backend\node_modules\router\index.js:186:3)[39m
[31m    at router (C:\Users\Lenovo\Desktop\NewBranch\branch-backend\node_modules\router\index.js:60:12)[39m
[31m    at Layer.handleRequest (C:\Users\Lenovo\Desktop\NewBranch\branch-backend\node_modules\router\lib\layer.js:152:17)[39m
[31m    at trimPrefix (C:\Users\Lenovo\Desktop\NewBranch\branch-backend\node_modules\router\index.js:342:13)[39m
[2026-07-30 11:13:34:1334] [[31merror[39m]: [31mError: Invalid or expired authentication token.[39m
[31m    at auth (C:\Users\Lenovo\Desktop\NewBranch\branch-backend\src\middleware\auth.middleware.ts:44:13)[39m
[31m    at Layer.handleRequest (C:\Users\Lenovo\Desktop\NewBranch\branch-backend\node_modules\router\lib\layer.js:152:17)[39m
[31m    at trimPrefix (C:\Users\Lenovo\Desktop\NewBranch\branch-backend\node_modules\router\index.js:342:13)[39m
[31m    at C:\Users\Lenovo\Desktop\NewBranch\branch-backend\node_modules\router\index.js:297:9[39m
[31m    at processParams (C:\Users\Lenovo\Desktop\NewBranch\branch-backend\node_modules\router\index.js:582:12)[39m
[31m    at next (C:\Users\Lenovo\Desktop\NewBranch\branch-backend\node_modules\router\index.js:291:5)[39m
[31m    at Function.handle (C:\Users\Lenovo\Desktop\NewBranch\branch-backend\node_modules\router\index.js:186:3)[39m
[31m    at router (C:\Users\Lenovo\Desktop\NewBranch\branch-backend\node_modules\router\index.js:60:12)[39m
[31m    at Layer.handleRequest (C:\Users\Lenovo\Desktop\NewBranch\branch-backend\node_modules\router\lib\layer.js:152:17)[39m
[31m    at trimPrefix (C:\Users\Lenovo\Desktop\NewBranch\branch-backend\node_modules\router\index.js:342:13)[39m
[2026-07-30 11:14:07:147] [[31merror[39m]: [31mTypeError: Cannot read properties of undefined (reading 'findMany')[39m
[31m    at ContactsService.getContacts (C:\Users\Lenovo\Desktop\NewBranch\branch-backend\src\modules\contacts\contacts.service.ts:6:27)[39m
[31m    at getAll (C:\Users\Lenovo\Desktop\NewBranch\branch-backend\src\modules\contacts\contacts.controller.ts:9:46)[39m
[31m    at Layer.handleRequest (C:\Users\Lenovo\Desktop\NewBranch\branch-backend\node_modules\router\lib\layer.js:152:17)[39m
[31m    at next (C:\Users\Lenovo\Desktop\NewBranch\branch-backend\node_modules\router\lib\route.js:157:13)[39m
[31m    at <anonymous> (C:\Users\Lenovo\Desktop\NewBranch\branch-backend\src\middleware\rbac.middleware.ts:18:5)[39m
[31m    at Layer.handleRequest (C:\Users\Lenovo\Desktop\NewBranch\branch-backend\node_modules\router\lib\layer.js:152:17)[39m
[31m    at next (C:\Users\Lenovo\Desktop\NewBranch\branch-backend\node_modules\router\lib\route.js:157:13)[39m
[31m    at Route.dispatch (C:\Users\Lenovo\Desktop\NewBranch\branch-backend\node_modules\router\lib\route.js:117:3)[39m
[31m    at handle (C:\Users\Lenovo\Desktop\NewBranch\branch-backend\node_modules\router\index.js:435:11)[39m
[31m    at Layer.handleRequest (C:\Users\Lenovo\Desktop\NewBranch\branch-backend\node_modules\router\lib\layer.js:152:17)[39m
[2026-07-30 11:14:08:148] [[31merror[39m]: [31mTypeError: Cannot read properties of undefined (reading 'findMany')[39m
[31m    at ContactsService.getContacts (C:\Users\Lenovo\Desktop\NewBranch\branch-backend\src\modules\contacts\contacts.service.ts:6:27)[39m
[31m    at getAll (C:\Users\Lenovo\Desktop\NewBranch\branch-backend\src\modules\contacts\contacts.controller.ts:9:46)[39m
[31m    at Layer.handleRequest (C:\Users\Lenovo\Desktop\NewBranch\branch-backend\node_modules\router\lib\layer.js:152:17)[39m
[31m    at next (C:\Users\Lenovo\Desktop\NewBranch\branch-backend\node_modules\router\lib\route.js:157:13)[39m
[31m    at <anonymous> (C:\Users\Lenovo\Desktop\NewBranch\branch-backend\src\middleware\rbac.middleware.ts:18:5)[39m
[31m    at Layer.handleRequest (C:\Users\Lenovo\Desktop\NewBranch\branch-backend\node_modules\router\lib\layer.js:152:17)[39m
[31m    at next (C:\Users\Lenovo\Desktop\NewBranch\branch-backend\node_modules\router\lib\route.js:157:13)[39m
[31m    at Route.dispatch (C:\Users\Lenovo\Desktop\NewBranch\branch-backend\node_modules\router\lib\route.js:117:3)[39m
[31m    at handle (C:\Users\Lenovo\Desktop\NewBranch\branch-backend\node_modules\router\index.js:435:11)[39m
[31m    at Layer.handleRequest (C:\Users\Lenovo\Desktop\NewBranch\branch-backend\node_modules\router\lib\layer.js:152:17)[39m
[2026-07-30 11:39:17:3917] [[31merror[39m]: [31mError: Invalid or expired authentication token.[39m
[31m    at auth (C:\Users\Lenovo\Desktop\NewBranch\branch-backend\src\middleware\auth.middleware.ts:44:13)[39m
[31m    at Layer.handleRequest (C:\Users\Lenovo\Desktop\NewBranch\branch-backend\node_modules\router\lib\layer.js:152:17)[39m
[31m    at trimPrefix (C:\Users\Lenovo\Desktop\NewBranch\branch-backend\node_modules\router\index.js:342:13)[39m
[31m    at C:\Users\Lenovo\Desktop\NewBranch\branch-backend\node_modules\router\index.js:297:9[39m
[31m    at processParams (C:\Users\Lenovo\Desktop\NewBranch\branch-backend\node_modules\router\index.js:582:12)[39m
[31m    at next (C:\Users\Lenovo\Desktop\NewBranch\branch-backend\node_modules\router\index.js:291:5)[39m
[31m    at Function.handle (C:\Users\Lenovo\Desktop\NewBranch\branch-backend\node_modules\router\index.js:186:3)[39m
[31m    at router (C:\Users\Lenovo\Desktop\NewBranch\branch-backend\node_modules\router\index.js:60:12)[39m
[31m    at Layer.handleRequest (C:\Users\Lenovo\Desktop\NewBranch\branch-backend\node_modules\router\lib\layer.js:152:17)[39m
[31m    at trimPrefix (C:\Users\Lenovo\Desktop\NewBranch\branch-backend\node_modules\router\index.js:342:13)[39m
[2026-07-30 11:55:17:5517] [[31merror[39m]: [31mError: Invalid or expired authentication token.[39m
[31m    at auth (C:\Users\Lenovo\Desktop\NewBranch\branch-backend\src\middleware\auth.middleware.ts:44:13)[39m
[31m    at Layer.handleRequest (C:\Users\Lenovo\Desktop\NewBranch\branch-backend\node_modules\router\lib\layer.js:152:17)[39m
[31m    at trimPrefix (C:\Users\Lenovo\Desktop\NewBranch\branch-backend\node_modules\router\index.js:342:13)[39m
[31m    at C:\Users\Lenovo\Desktop\NewBranch\branch-backend\node_modules\router\index.js:297:9[39m
[31m    at processParams (C:\Users\Lenovo\Desktop\NewBranch\branch-backend\node_modules\router\index.js:582:12)[39m
[31m    at next (C:\Users\Lenovo\Desktop\NewBranch\branch-backend\node_modules\router\index.js:291:5)[39m
[31m    at Function.handle (C:\Users\Lenovo\Desktop\NewBranch\branch-backend\node_modules\router\index.js:186:3)[39m
[31m    at router (C:\Users\Lenovo\Desktop\NewBranch\branch-backend\node_modules\router\index.js:60:12)[39m
[31m    at Layer.handleRequest (C:\Users\Lenovo\Desktop\NewBranch\branch-backend\node_modules\router\lib\layer.js:152:17)[39m
[31m    at trimPrefix (C:\Users\Lenovo\Desktop\NewBranch\branch-backend\node_modules\router\index.js:342:13)[39m
[2026-07-30 12:11:39:1139] [[31merror[39m]: [31mError: Invalid or expired authentication token.[39m
[31m    at auth (C:\Users\Lenovo\Desktop\NewBranch\branch-backend\src\middleware\auth.middleware.ts:44:13)[39m
[31m    at Layer.handleRequest (C:\Users\Lenovo\Desktop\NewBranch\branch-backend\node_modules\router\lib\layer.js:152:17)[39m
[31m    at trimPrefix (C:\Users\Lenovo\Desktop\NewBranch\branch-backend\node_modules\router\index.js:342:13)[39m
[31m    at C:\Users\Lenovo\Desktop\NewBranch\branch-backend\node_modules\router\index.js:297:9[39m
[31m    at processParams (C:\Users\Lenovo\Desktop\NewBranch\branch-backend\node_modules\router\index.js:582:12)[39m
[31m    at next (C:\Users\Lenovo\Desktop\NewBranch\branch-backend\node_modules\router\index.js:291:5)[39m
[31m    at Function.handle (C:\Users\Lenovo\Desktop\NewBranch\branch-backend\node_modules\router\index.js:186:3)[39m
[31m    at router (C:\Users\Lenovo\Desktop\NewBranch\branch-backend\node_modules\router\index.js:60:12)[39m
[31m    at Layer.handleRequest (C:\Users\Lenovo\Desktop\NewBranch\branch-backend\node_modules\router\lib\layer.js:152:17)[39m
[31m    at trimPrefix (C:\Users\Lenovo\Desktop\NewBranch\branch-backend\node_modules\router\index.js:342:13)[39m
[2026-07-30 12:11:39:1139] [[31merror[39m]: [31mError: Invalid or expired authentication token.[39m
[31m    at auth (C:\Users\Lenovo\Desktop\NewBranch\branch-backend\src\middleware\auth.middleware.ts:44:13)[39m
[31m    at Layer.handleRequest (C:\Users\Lenovo\Desktop\NewBranch\branch-backend\node_modules\router\lib\layer.js:152:17)[39m
[31m    at trimPrefix (C:\Users\Lenovo\Desktop\NewBranch\branch-backend\node_modules\router\index.js:342:13)[39m
[31m    at C:\Users\Lenovo\Desktop\NewBranch\branch-backend\node_modules\router\index.js:297:9[39m
[31m    at processParams (C:\Users\Lenovo\Desktop\NewBranch\branch-backend\node_modules\router\index.js:582:12)[39m
[31m    at next (C:\Users\Lenovo\Desktop\NewBranch\branch-backend\node_modules\router\index.js:291:5)[39m
[31m    at Function.handle (C:\Users\Lenovo\Desktop\NewBranch\branch-backend\node_modules\router\index.js:186:3)[39m
[31m    at router (C:\Users\Lenovo\Desktop\NewBranch\branch-backend\node_modules\router\index.js:60:12)[39m
[31m    at Layer.handleRequest (C:\Users\Lenovo\Desktop\NewBranch\branch-backend\node_modules\router\lib\layer.js:152:17)[39m
[31m    at trimPrefix (C:\Users\Lenovo\Desktop\NewBranch\branch-backend\node_modules\router\index.js:342:13)[39m
[2026-07-30 12:11:39:1139] [[31merror[39m]: [31mError: Invalid or expired authentication token.[39m
[31m    at auth (C:\Users\Lenovo\Desktop\NewBranch\branch-backend\src\middleware\auth.middleware.ts:44:13)[39m
[31m    at Layer.handleRequest (C:\Users\Lenovo\Desktop\NewBranch\branch-backend\node_modules\router\lib\layer.js:152:17)[39m
[31m    at trimPrefix (C:\Users\Lenovo\Desktop\NewBranch\branch-backend\node_modules\router\index.js:342:13)[39m
[31m    at C:\Users\Lenovo\Desktop\NewBranch\branch-backend\node_modules\router\index.js:297:9[39m
[31m    at processParams (C:\Users\Lenovo\Desktop\NewBranch\branch-backend\node_modules\router\index.js:582:12)[39m
[31m    at next (C:\Users\Lenovo\Desktop\NewBranch\branch-backend\node_modules\router\index.js:291:5)[39m
[31m    at Function.handle (C:\Users\Lenovo\Desktop\NewBranch\branch-backend\node_modules\router\index.js:186:3)[39m
[31m    at router (C:\Users\Lenovo\Desktop\NewBranch\branch-backend\node_modules\router\index.js:60:12)[39m
[31m    at Layer.handleRequest (C:\Users\Lenovo\Desktop\NewBranch\branch-backend\node_modules\router\lib\layer.js:152:17)[39m
[31m    at trimPrefix (C:\Users\Lenovo\Desktop\NewBranch\branch-backend\node_modules\router\index.js:342:13)[39m
[2026-07-30 12:11:39:1139] [[31merror[39m]: [31mError: Invalid or expired authentication token.[39m
[31m    at auth (C:\Users\Lenovo\Desktop\NewBranch\branch-backend\src\middleware\auth.middleware.ts:44:13)[39m
[31m    at Layer.handleRequest (C:\Users\Lenovo\Desktop\NewBranch\branch-backend\node_modules\router\lib\layer.js:152:17)[39m
[31m    at trimPrefix (C:\Users\Lenovo\Desktop\NewBranch\branch-backend\node_modules\router\index.js:342:13)[39m
[31m    at C:\Users\Lenovo\Desktop\NewBranch\branch-backend\node_modules\router\index.js:297:9[39m
[31m    at processParams (C:\Users\Lenovo\Desktop\NewBranch\branch-backend\node_modules\router\index.js:582:12)[39m
[31m    at next (C:\Users\Lenovo\Desktop\NewBranch\branch-backend\node_modules\router\index.js:291:5)[39m
[31m    at Function.handle (C:\Users\Lenovo\Desktop\NewBranch\branch-backend\node_modules\router\index.js:186:3)[39m
[31m    at router (C:\Users\Lenovo\Desktop\NewBranch\branch-backend\node_modules\router\index.js:60:12)[39m
[31m    at Layer.handleRequest (C:\Users\Lenovo\Desktop\NewBranch\branch-backend\node_modules\router\lib\layer.js:152:17)[39m
[31m    at trimPrefix (C:\Users\Lenovo\Desktop\NewBranch\branch-backend\node_modules\router\index.js:342:13)[39m
[2026-07-30 12:28:04:284] [[31merror[39m]: [31mError: Invalid or expired authentication token.[39m
[31m    at auth (C:\Users\Lenovo\Desktop\NewBranch\branch-backend\src\middleware\auth.middleware.ts:44:13)[39m
[31m    at Layer.handleRequest (C:\Users\Lenovo\Desktop\NewBranch\branch-backend\node_modules\router\lib\layer.js:152:17)[39m
[31m    at trimPrefix (C:\Users\Lenovo\Desktop\NewBranch\branch-backend\node_modules\router\index.js:342:13)[39m
[31m    at C:\Users\Lenovo\Desktop\NewBranch\branch-backend\node_modules\router\index.js:297:9[39m
[31m    at processParams (C:\Users\Lenovo\Desktop\NewBranch\branch-backend\node_modules\router\index.js:582:12)[39m
[31m    at next (C:\Users\Lenovo\Desktop\NewBranch\branch-backend\node_modules\router\index.js:291:5)[39m
[31m    at Function.handle (C:\Users\Lenovo\Desktop\NewBranch\branch-backend\node_modules\router\index.js:186:3)[39m
[31m    at router (C:\Users\Lenovo\Desktop\NewBranch\branch-backend\node_modules\router\index.js:60:12)[39m
[31m    at Layer.handleRequest (C:\Users\Lenovo\Desktop\NewBranch\branch-backend\node_modules\router\lib\layer.js:152:17)[39m
[31m    at trimPrefix (C:\Users\Lenovo\Desktop\NewBranch\branch-backend\node_modules\router\index.js:342:13)[39m
[2026-07-30 12:28:04:284] [[31merror[39m]: [31mError: Invalid or expired authentication token.[39m
[31m    at auth (C:\Users\Lenovo\Desktop\NewBranch\branch-backend\src\middleware\auth.middleware.ts:44:13)[39m
[31m    at Layer.handleRequest (C:\Users\Lenovo\Desktop\NewBranch\branch-backend\node_modules\router\lib\layer.js:152:17)[39m
[31m    at trimPrefix (C:\Users\Lenovo\Desktop\NewBranch\branch-backend\node_modules\router\index.js:342:13)[39m
[31m    at C:\Users\Lenovo\Desktop\NewBranch\branch-backend\node_modules\router\index.js:297:9[39m
[31m    at processParams (C:\Users\Lenovo\Desktop\NewBranch\branch-backend\node_modules\router\index.js:582:12)[39m
[31m    at next (C:\Users\Lenovo\Desktop\NewBranch\branch-backend\node_modules\router\index.js:291:5)[39m
[31m    at Function.handle (C:\Users\Lenovo\Desktop\NewBranch\branch-backend\node_modules\router\index.js:186:3)[39m
[31m    at router (C:\Users\Lenovo\Desktop\NewBranch\branch-backend\node_modules\router\index.js:60:12)[39m
[31m    at Layer.handleRequest (C:\Users\Lenovo\Desktop\NewBranch\branch-backend\node_modules\router\lib\layer.js:152:17)[39m
[31m    at trimPrefix (C:\Users\Lenovo\Desktop\NewBranch\branch-backend\node_modules\router\index.js:342:13)[39m
[2026-07-30 12:28:04:284] [[31merror[39m]: [31mError: Invalid or expired authentication token.[39m
[31m    at auth (C:\Users\Lenovo\Desktop\NewBranch\branch-backend\src\middleware\auth.middleware.ts:44:13)[39m
[31m    at Layer.handleRequest (C:\Users\Lenovo\Desktop\NewBranch\branch-backend\node_modules\router\lib\layer.js:152:17)[39m
[31m    at trimPrefix (C:\Users\Lenovo\Desktop\NewBranch\branch-backend\node_modules\router\index.js:342:13)[39m
[31m    at C:\Users\Lenovo\Desktop\NewBranch\branch-backend\node_modules\router\index.js:297:9[39m
[31m    at processParams (C:\Users\Lenovo\Desktop\NewBranch\branch-backend\node_modules\router\index.js:582:12)[39m
[31m    at next (C:\Users\Lenovo\Desktop\NewBranch\branch-backend\node_modules\router\index.js:291:5)[39m
[31m    at Function.handle (C:\Users\Lenovo\Desktop\NewBranch\branch-backend\node_modules\router\index.js:186:3)[39m
[31m    at router (C:\Users\Lenovo\Desktop\NewBranch\branch-backend\node_modules\router\index.js:60:12)[39m
[31m    at Layer.handleRequest (C:\Users\Lenovo\Desktop\NewBranch\branch-backend\node_modules\router\lib\layer.js:152:17)[39m
[31m    at trimPrefix (C:\Users\Lenovo\Desktop\NewBranch\branch-backend\node_modules\router\index.js:342:13)[39m
[2026-07-30 12:28:04:284] [[31merror[39m]: [31mError: Invalid or expired authentication token.[39m
[31m    at auth (C:\Users\Lenovo\Desktop\NewBranch\branch-backend\src\middleware\auth.middleware.ts:44:13)[39m
[31m    at Layer.handleRequest (C:\Users\Lenovo\Desktop\NewBranch\branch-backend\node_modules\router\lib\layer.js:152:17)[39m
[31m    at trimPrefix (C:\Users\Lenovo\Desktop\NewBranch\branch-backend\node_modules\router\index.js:342:13)[39m
[31m    at C:\Users\Lenovo\Desktop\NewBranch\branch-backend\node_modules\router\index.js:297:9[39m
[31m    at processParams (C:\Users\Lenovo\Desktop\NewBranch\branch-backend\node_modules\router\index.js:582:12)[39m
[31m    at next (C:\Users\Lenovo\Desktop\NewBranch\branch-backend\node_modules\router\index.js:291:5)[39m
[31m    at Function.handle (C:\Users\Lenovo\Desktop\NewBranch\branch-backend\node_modules\router\index.js:186:3)[39m
[31m    at router (C:\Users\Lenovo\Desktop\NewBranch\branch-backend\node_modules\router\index.js:60:12)[39m
[31m    at Layer.handleRequest (C:\Users\Lenovo\Desktop\NewBranch\branch-backend\node_modules\router\lib\layer.js:152:17)[39m
[31m    at trimPrefix (C:\Users\Lenovo\Desktop\NewBranch\branch-backend\node_modules\router\index.js:342:13)[39m
[2026-07-30 12:43:59:4359] [[31merror[39m]: [31mError: Invalid or expired authentication token.[39m
[31m    at auth (C:\Users\Lenovo\Desktop\NewBranch\branch-backend\src\middleware\auth.middleware.ts:44:13)[39m
[31m    at Layer.handleRequest (C:\Users\Lenovo\Desktop\NewBranch\branch-backend\node_modules\router\lib\layer.js:152:17)[39m
[31m    at trimPrefix (C:\Users\Lenovo\Desktop\NewBranch\branch-backend\node_modules\router\index.js:342:13)[39m
[31m    at C:\Users\Lenovo\Desktop\NewBranch\branch-backend\node_modules\router\index.js:297:9[39m
[31m    at processParams (C:\Users\Lenovo\Desktop\NewBranch\branch-backend\node_modules\router\index.js:582:12)[39m
[31m    at next (C:\Users\Lenovo\Desktop\NewBranch\branch-backend\node_modules\router\index.js:291:5)[39m
[31m    at Function.handle (C:\Users\Lenovo\Desktop\NewBranch\branch-backend\node_modules\router\index.js:186:3)[39m
[31m    at router (C:\Users\Lenovo\Desktop\NewBranch\branch-backend\node_modules\router\index.js:60:12)[39m
[31m    at Layer.handleRequest (C:\Users\Lenovo\Desktop\NewBranch\branch-backend\node_modules\router\lib\layer.js:152:17)[39m
[31m    at trimPrefix (C:\Users\Lenovo\Desktop\NewBranch\branch-backend\node_modules\router\index.js:342:13)[39m
[2026-07-30 12:43:59:4359] [[31merror[39m]: [31mError: Invalid or expired authentication token.[39m
[31m    at auth (C:\Users\Lenovo\Desktop\NewBranch\branch-backend\src\middleware\auth.middleware.ts:44:13)[39m
[31m    at Layer.handleRequest (C:\Users\Lenovo\Desktop\NewBranch\branch-backend\node_modules\router\lib\layer.js:152:17)[39m
[31m    at trimPrefix (C:\Users\Lenovo\Desktop\NewBranch\branch-backend\node_modules\router\index.js:342:13)[39m
[31m    at C:\Users\Lenovo\Desktop\NewBranch\branch-backend\node_modules\router\index.js:297:9[39m
[31m    at processParams (C:\Users\Lenovo\Desktop\NewBranch\branch-backend\node_modules\router\index.js:582:12)[39m
[31m    at next (C:\Users\Lenovo\Desktop\NewBranch\branch-backend\node_modules\router\index.js:291:5)[39m
[31m    at Function.handle (C:\Users\Lenovo\Desktop\NewBranch\branch-backend\node_modules\router\index.js:186:3)[39m
[31m    at router (C:\Users\Lenovo\Desktop\NewBranch\branch-backend\node_modules\router\index.js:60:12)[39m
[31m    at Layer.handleRequest (C:\Users\Lenovo\Desktop\NewBranch\branch-backend\node_modules\router\lib\layer.js:152:17)[39m
[31m    at trimPrefix (C:\Users\Lenovo\Desktop\NewBranch\branch-backend\node_modules\router\index.js:342:13)[39m
[2026-07-30 12:43:59:4359] [[31merror[39m]: [31mError: Invalid or expired authentication token.[39m
[31m    at auth (C:\Users\Lenovo\Desktop\NewBranch\branch-backend\src\middleware\auth.middleware.ts:44:13)[39m
[31m    at Layer.handleRequest (C:\Users\Lenovo\Desktop\NewBranch\branch-backend\node_modules\router\lib\layer.js:152:17)[39m
[31m    at trimPrefix (C:\Users\Lenovo\Desktop\NewBranch\branch-backend\node_modules\router\index.js:342:13)[39m
[31m    at C:\Users\Lenovo\Desktop\NewBranch\branch-backend\node_modules\router\index.js:297:9[39m
[31m    at processParams (C:\Users\Lenovo\Desktop\NewBranch\branch-backend\node_modules\router\index.js:582:12)[39m
[31m    at next (C:\Users\Lenovo\Desktop\NewBranch\branch-backend\node_modules\router\index.js:291:5)[39m
[31m    at Function.handle (C:\Users\Lenovo\Desktop\NewBranch\branch-backend\node_modules\router\index.js:186:3)[39m
[31m    at router (C:\Users\Lenovo\Desktop\NewBranch\branch-backend\node_modules\router\index.js:60:12)[39m
[31m    at Layer.handleRequest (C:\Users\Lenovo\Desktop\NewBranch\branch-backend\node_modules\router\lib\layer.js:152:17)[39m
[31m    at trimPrefix (C:\Users\Lenovo\Desktop\NewBranch\branch-backend\node_modules\router\index.js:342:13)[39m
[2026-07-30 12:43:59:4359] [[31merror[39m]: [31mError: Invalid or expired authentication token.[39m
[31m    at auth (C:\Users\Lenovo\Desktop\NewBranch\branch-backend\src\middleware\auth.middleware.ts:44:13)[39m
[31m    at Layer.handleRequest (C:\Users\Lenovo\Desktop\NewBranch\branch-backend\node_modules\router\lib\layer.js:152:17)[39m
[31m    at trimPrefix (C:\Users\Lenovo\Desktop\NewBranch\branch-backend\node_modules\router\index.js:342:13)[39m
[31m    at C:\Users\Lenovo\Desktop\NewBranch\branch-backend\node_modules\router\index.js:297:9[39m
[31m    at processParams (C:\Users\Lenovo\Desktop\NewBranch\branch-backend\node_modules\router\index.js:582:12)[39m
[31m    at next (C:\Users\Lenovo\Desktop\NewBranch\branch-backend\node_modules\router\index.js:291:5)[39m
[31m    at Function.handle (C:\Users\Lenovo\Desktop\NewBranch\branch-backend\node_modules\router\index.js:186:3)[39m
[31m    at router (C:\Users\Lenovo\Desktop\NewBranch\branch-backend\node_modules\router\index.js:60:12)[39m
[31m    at Layer.handleRequest (C:\Users\Lenovo\Desktop\NewBranch\branch-backend\node_modules\router\lib\layer.js:152:17)[39m
[31m    at trimPrefix (C:\Users\Lenovo\Desktop\NewBranch\branch-backend\node_modules\router\index.js:342:13)[39m
[2026-07-30 15:29:20:2920] [[31merror[39m]: [31mError: Invalid or expired authentication token.[39m
[31m    at auth (C:\Users\Lenovo\Desktop\NewBranch\branch-backend\src\middleware\auth.middleware.ts:44:13)[39m
[31m    at Layer.handleRequest (C:\Users\Lenovo\Desktop\NewBranch\branch-backend\node_modules\router\lib\layer.js:152:17)[39m
[31m    at trimPrefix (C:\Users\Lenovo\Desktop\NewBranch\branch-backend\node_modules\router\index.js:342:13)[39m
[31m    at C:\Users\Lenovo\Desktop\NewBranch\branch-backend\node_modules\router\index.js:297:9[39m
[31m    at processParams (C:\Users\Lenovo\Desktop\NewBranch\branch-backend\node_modules\router\index.js:582:12)[39m
[31m    at next (C:\Users\Lenovo\Desktop\NewBranch\branch-backend\node_modules\router\index.js:291:5)[39m
[31m    at Function.handle (C:\Users\Lenovo\Desktop\NewBranch\branch-backend\node_modules\router\index.js:186:3)[39m
[31m    at router (C:\Users\Lenovo\Desktop\NewBranch\branch-backend\node_modules\router\index.js:60:12)[39m
[31m    at Layer.handleRequest (C:\Users\Lenovo\Desktop\NewBranch\branch-backend\node_modules\router\lib\layer.js:152:17)[39m
[31m    at trimPrefix (C:\Users\Lenovo\Desktop\NewBranch\branch-backend\node_modules\router\index.js:342:13)[39m
[2026-07-30 16:27:39:2739] [[31merror[39m]: [31mError: Invalid or expired authentication token.[39m
[31m    at auth (C:\Users\Lenovo\Desktop\NewBranch\branch-backend\src\middleware\auth.middleware.ts:44:13)[39m
[31m    at Layer.handleRequest (C:\Users\Lenovo\Desktop\NewBranch\branch-backend\node_modules\router\lib\layer.js:152:17)[39m
[31m    at trimPrefix (C:\Users\Lenovo\Desktop\NewBranch\branch-backend\node_modules\router\index.js:342:13)[39m
[31m    at C:\Users\Lenovo\Desktop\NewBranch\branch-backend\node_modules\router\index.js:297:9[39m
[31m    at processParams (C:\Users\Lenovo\Desktop\NewBranch\branch-backend\node_modules\router\index.js:582:12)[39m
[31m    at next (C:\Users\Lenovo\Desktop\NewBranch\branch-backend\node_modules\router\index.js:291:5)[39m
[31m    at Function.handle (C:\Users\Lenovo\Desktop\NewBranch\branch-backend\node_modules\router\index.js:186:3)[39m
[31m    at router (C:\Users\Lenovo\Desktop\NewBranch\branch-backend\node_modules\router\index.js:60:12)[39m
[31m    at Layer.handleRequest (C:\Users\Lenovo\Desktop\NewBranch\branch-backend\node_modules\router\lib\layer.js:152:17)[39m
[31m    at trimPrefix (C:\Users\Lenovo\Desktop\NewBranch\branch-backend\node_modules\router\index.js:342:13)[39m
[2026-07-30 16:46:06:466] [[31merror[39m]: [31mError: Invalid or expired authentication token.[39m
[31m    at auth (C:\Users\Lenovo\Desktop\NewBranch\branch-backend\src\middleware\auth.middleware.ts:44:13)[39m
[31m    at Layer.handleRequest (C:\Users\Lenovo\Desktop\NewBranch\branch-backend\node_modules\router\lib\layer.js:152:17)[39m
[31m    at trimPrefix (C:\Users\Lenovo\Desktop\NewBranch\branch-backend\node_modules\router\index.js:342:13)[39m
[31m    at C:\Users\Lenovo\Desktop\NewBranch\branch-backend\node_modules\router\index.js:297:9[39m
[31m    at processParams (C:\Users\Lenovo\Desktop\NewBranch\branch-backend\node_modules\router\index.js:582:12)[39m
[31m    at next (C:\Users\Lenovo\Desktop\NewBranch\branch-backend\node_modules\router\index.js:291:5)[39m
[31m    at Function.handle (C:\Users\Lenovo\Desktop\NewBranch\branch-backend\node_modules\router\index.js:186:3)[39m
[31m    at router (C:\Users\Lenovo\Desktop\NewBranch\branch-backend\node_modules\router\index.js:60:12)[39m
[31m    at Layer.handleRequest (C:\Users\Lenovo\Desktop\NewBranch\branch-backend\node_modules\router\lib\layer.js:152:17)[39m
[31m    at trimPrefix (C:\Users\Lenovo\Desktop\NewBranch\branch-backend\node_modules\router\index.js:342:13)[39m
[2026-07-30 17:02:09:29] [[31merror[39m]: [31mError: Invalid or expired authentication token.[39m
[31m    at auth (C:\Users\Lenovo\Desktop\NewBranch\branch-backend\src\middleware\auth.middleware.ts:44:13)[39m
[31m    at Layer.handleRequest (C:\Users\Lenovo\Desktop\NewBranch\branch-backend\node_modules\router\lib\layer.js:152:17)[39m
[31m    at trimPrefix (C:\Users\Lenovo\Desktop\NewBranch\branch-backend\node_modules\router\index.js:342:13)[39m
[31m    at C:\Users\Lenovo\Desktop\NewBranch\branch-backend\node_modules\router\index.js:297:9[39m
[31m    at processParams (C:\Users\Lenovo\Desktop\NewBranch\branch-backend\node_modules\router\index.js:582:12)[39m
[31m    at next (C:\Users\Lenovo\Desktop\NewBranch\branch-backend\node_modules\router\index.js:291:5)[39m
[31m    at Function.handle (C:\Users\Lenovo\Desktop\NewBranch\branch-backend\node_modules\router\index.js:186:3)[39m
[31m    at router (C:\Users\Lenovo\Desktop\NewBranch\branch-backend\node_modules\router\index.js:60:12)[39m
[31m    at Layer.handleRequest (C:\Users\Lenovo\Desktop\NewBranch\branch-backend\node_modules\router\lib\layer.js:152:17)[39m
[31m    at trimPrefix (C:\Users\Lenovo\Desktop\NewBranch\branch-backend\node_modules\router\index.js:342:13)[39m
[2026-07-30 17:25:12:2512] [[31merror[39m]: [31mError: Invalid or expired authentication token.[39m
[31m    at auth (C:\Users\Lenovo\Desktop\NewBranch\branch-backend\src\middleware\auth.middleware.ts:44:13)[39m
[31m    at Layer.handleRequest (C:\Users\Lenovo\Desktop\NewBranch\branch-backend\node_modules\router\lib\layer.js:152:17)[39m
[31m    at trimPrefix (C:\Users\Lenovo\Desktop\NewBranch\branch-backend\node_modules\router\index.js:342:13)[39m
[31m    at C:\Users\Lenovo\Desktop\NewBranch\branch-backend\node_modules\router\index.js:297:9[39m
[31m    at processParams (C:\Users\Lenovo\Desktop\NewBranch\branch-backend\node_modules\router\index.js:582:12)[39m
[31m    at next (C:\Users\Lenovo\Desktop\NewBranch\branch-backend\node_modules\router\index.js:291:5)[39m
[31m    at Function.handle (C:\Users\Lenovo\Desktop\NewBranch\branch-backend\node_modules\router\index.js:186:3)[39m
[31m    at router (C:\Users\Lenovo\Desktop\NewBranch\branch-backend\node_modules\router\index.js:60:12)[39m
[31m    at Layer.handleRequest (C:\Users\Lenovo\Desktop\NewBranch\branch-backend\node_modules\router\lib\layer.js:152:17)[39m
[31m    at trimPrefix (C:\Users\Lenovo\Desktop\NewBranch\branch-backend\node_modules\router\index.js:342:13)[39m
[2026-07-30 17:40:39:4039] [[31merror[39m]: [31mError: Invalid or expired authentication token.[39m
[31m    at auth (C:\Users\Lenovo\Desktop\NewBranch\branch-backend\src\middleware\auth.middleware.ts:44:13)[39m
[31m    at Layer.handleRequest (C:\Users\Lenovo\Desktop\NewBranch\branch-backend\node_modules\router\lib\layer.js:152:17)[39m
[31m    at trimPrefix (C:\Users\Lenovo\Desktop\NewBranch\branch-backend\node_modules\router\index.js:342:13)[39m
[31m    at C:\Users\Lenovo\Desktop\NewBranch\branch-backend\node_modules\router\index.js:297:9[39m
[31m    at processParams (C:\Users\Lenovo\Desktop\NewBranch\branch-backend\node_modules\router\index.js:582:12)[39m
[31m    at next (C:\Users\Lenovo\Desktop\NewBranch\branch-backend\node_modules\router\index.js:291:5)[39m
[31m    at Function.handle (C:\Users\Lenovo\Desktop\NewBranch\branch-backend\node_modules\router\index.js:186:3)[39m
[31m    at router (C:\Users\Lenovo\Desktop\NewBranch\branch-backend\node_modules\router\index.js:60:12)[39m
[31m    at Layer.handleRequest (C:\Users\Lenovo\Desktop\NewBranch\branch-backend\node_modules\router\lib\layer.js:152:17)[39m
[31m    at trimPrefix (C:\Users\Lenovo\Desktop\NewBranch\branch-backend\node_modules\router\index.js:342:13)[39m
[2026-07-30 17:55:57:5557] [[31merror[39m]: [31mError: Invalid or expired authentication token.[39m
[31m    at auth (C:\Users\Lenovo\Desktop\NewBranch\branch-backend\src\middleware\auth.middleware.ts:44:13)[39m
[31m    at Layer.handleRequest (C:\Users\Lenovo\Desktop\NewBranch\branch-backend\node_modules\router\lib\layer.js:152:17)[39m
[31m    at trimPrefix (C:\Users\Lenovo\Desktop\NewBranch\branch-backend\node_modules\router\index.js:342:13)[39m
[31m    at C:\Users\Lenovo\Desktop\NewBranch\branch-backend\node_modules\router\index.js:297:9[39m
[31m    at processParams (C:\Users\Lenovo\Desktop\NewBranch\branch-backend\node_modules\router\index.js:582:12)[39m
[31m    at next (C:\Users\Lenovo\Desktop\NewBranch\branch-backend\node_modules\router\index.js:291:5)[39m
[31m    at Function.handle (C:\Users\Lenovo\Desktop\NewBranch\branch-backend\node_modules\router\index.js:186:3)[39m
[31m    at router (C:\Users\Lenovo\Desktop\NewBranch\branch-backend\node_modules\router\index.js:60:12)[39m
[31m    at Layer.handleRequest (C:\Users\Lenovo\Desktop\NewBranch\branch-backend\node_modules\router\lib\layer.js:152:17)[39m
[31m    at trimPrefix (C:\Users\Lenovo\Desktop\NewBranch\branch-backend\node_modules\router\index.js:342:13)[39m
[2026-07-31 11:00:59:059] [[31merror[39m]: [31mPrismaClientInitializationError: [39m
[31mInvalid `prisma.users.findFirst()` invocation in[39m
[31mC:\Users\Lenovo\Desktop\NewBranch\branch-backend\src\modules\auth\auth.service.ts:69:37[39m

[31m  66   throw new BadRequestError('Email and password are required.');[39m
[31m  67 }[39m
[31m  68 [39m
[31m→ 69 const user = await prisma.users.findFirst([39m
[31mTimed out fetching a new connection from the connection pool. More info: http://pris.ly/d/connection-pool (Current connection pool timeout: 10, connection limit: 21)[39m
[31m    at $n.handleRequestError (C:\Users\Lenovo\Desktop\NewBranch\branch-backend\node_modules\@prisma\client\runtime\library.js:121:7615)[39m
[31m    at $n.handleAndLogRequestError (C:\Users\Lenovo\Desktop\NewBranch\branch-backend\node_modules\@prisma\client\runtime\library.js:121:6623)[39m
[31m    at $n.request (C:\Users\Lenovo\Desktop\NewBranch\branch-backend\node_modules\@prisma\client\runtime\library.js:121:6307)[39m
[31m    at async l (C:\Users\Lenovo\Desktop\NewBranch\branch-backend\node_modules\@prisma\client\runtime\library.js:130:9633)[39m
[31m    at async AuthService.login (C:\Users\Lenovo\Desktop\NewBranch\branch-backend\src\modules\auth\auth.service.ts:69:18)[39m
[31m    at async login (C:\Users\Lenovo\Desktop\NewBranch\branch-backend\src\modules\auth\auth.controller.ts:37:51)[39m
[2026-07-31 12:14:26:1426] [[31merror[39m]: [31mError: Invalid or expired authentication token.[39m
[31m    at auth (C:\Users\Lenovo\Desktop\NewBranch\branch-backend\src\middleware\auth.middleware.ts:44:13)[39m
[31m    at Layer.handleRequest (C:\Users\Lenovo\Desktop\NewBranch\branch-backend\node_modules\router\lib\layer.js:152:17)[39m
[31m    at trimPrefix (C:\Users\Lenovo\Desktop\NewBranch\branch-backend\node_modules\router\index.js:342:13)[39m
[31m    at C:\Users\Lenovo\Desktop\NewBranch\branch-backend\node_modules\router\index.js:297:9[39m
[31m    at processParams (C:\Users\Lenovo\Desktop\NewBranch\branch-backend\node_modules\router\index.js:582:12)[39m
[31m    at next (C:\Users\Lenovo\Desktop\NewBranch\branch-backend\node_modules\router\index.js:291:5)[39m
[31m    at Function.handle (C:\Users\Lenovo\Desktop\NewBranch\branch-backend\node_modules\router\index.js:186:3)[39m
[31m    at router (C:\Users\Lenovo\Desktop\NewBranch\branch-backend\node_modules\router\index.js:60:12)[39m
[31m    at Layer.handleRequest (C:\Users\Lenovo\Desktop\NewBranch\branch-backend\node_modules\router\lib\layer.js:152:17)[39m
[31m    at trimPrefix (C:\Users\Lenovo\Desktop\NewBranch\branch-backend\node_modules\router\index.js:342:13)[39m
[2026-07-31 12:15:28:1528] [[31merror[39m]: [31mPrismaClientKnownRequestError: [39m
[31mInvalid `prisma.items.findMany()` invocation in[39m
[31mC:\Users\Lenovo\Desktop\NewBranch\branch-backend\src\modules\items\items.service.ts:54:20[39m

[31m  51 [39m
[31m  52 const [total, items] = await Promise.all([[39m
[31m  53   prisma.items.count({ where }),[39m
[31m→ 54   prisma.items.findMany([39m
[31mTimed out fetching a new connection from the connection pool. More info: http://pris.ly/d/connection-pool (Current connection pool timeout: 10, connection limit: 21)[39m
[31m    at $n.handleRequestError (C:\Users\Lenovo\Desktop\NewBranch\branch-backend\node_modules\@prisma\client\runtime\library.js:121:7315)[39m
[31m    at $n.handleAndLogRequestError (C:\Users\Lenovo\Desktop\NewBranch\branch-backend\node_modules\@prisma\client\runtime\library.js:121:6623)[39m
[31m    at $n.request (C:\Users\Lenovo\Desktop\NewBranch\branch-backend\node_modules\@prisma\client\runtime\library.js:121:6307)[39m
[31m    at async l (C:\Users\Lenovo\Desktop\NewBranch\branch-backend\node_modules\@prisma\client\runtime\library.js:130:9633)[39m
[31m    at async Promise.all (index 1)[39m
[31m    at async ItemsService.getItems (C:\Users\Lenovo\Desktop\NewBranch\branch-backend\src\modules\items\items.service.ts:52:28)[39m
[31m    at async getAll (C:\Users\Lenovo\Desktop\NewBranch\branch-backend\src\modules\items\items.controller.ts:11:22)[39m
[2026-07-31 12:15:39:1539] [[31merror[39m]: [31mPrismaClientKnownRequestError: [39m
[31mInvalid `prisma.items.findMany()` invocation in[39m
[31mC:\Users\Lenovo\Desktop\NewBranch\branch-backend\src\modules\items\items.service.ts:54:20[39m

[31m  51 [39m
[31m  52 const [total, items] = await Promise.all([[39m
[31m  53   prisma.items.count({ where }),[39m
[31m→ 54   prisma.items.findMany([39m
[31mTimed out fetching a new connection from the connection pool. More info: http://pris.ly/d/connection-pool (Current connection pool timeout: 10, connection limit: 21)[39m
[31m    at $n.handleRequestError (C:\Users\Lenovo\Desktop\NewBranch\branch-backend\node_modules\@prisma\client\runtime\library.js:121:7315)[39m
[31m    at $n.handleAndLogRequestError (C:\Users\Lenovo\Desktop\NewBranch\branch-backend\node_modules\@prisma\client\runtime\library.js:121:6623)[39m
[31m    at $n.request (C:\Users\Lenovo\Desktop\NewBranch\branch-backend\node_modules\@prisma\client\runtime\library.js:121:6307)[39m
[31m    at async l (C:\Users\Lenovo\Desktop\NewBranch\branch-backend\node_modules\@prisma\client\runtime\library.js:130:9633)[39m
[31m    at async Promise.all (index 1)[39m
[31m    at async ItemsService.getItems (C:\Users\Lenovo\Desktop\NewBranch\branch-backend\src\modules\items\items.service.ts:52:28)[39m
[31m    at async getAll (C:\Users\Lenovo\Desktop\NewBranch\branch-backend\src\modules\items\items.controller.ts:11:22)[39m
[2026-07-31 12:34:54:3454] [[31merror[39m]: [31mError: Invalid or expired authentication token.[39m
[31m    at auth (C:\Users\Lenovo\Desktop\NewBranch\branch-backend\src\middleware\auth.middleware.ts:44:13)[39m
[31m    at Layer.handleRequest (C:\Users\Lenovo\Desktop\NewBranch\branch-backend\node_modules\router\lib\layer.js:152:17)[39m
[31m    at trimPrefix (C:\Users\Lenovo\Desktop\NewBranch\branch-backend\node_modules\router\index.js:342:13)[39m
[31m    at C:\Users\Lenovo\Desktop\NewBranch\branch-backend\node_modules\router\index.js:297:9[39m
[31m    at processParams (C:\Users\Lenovo\Desktop\NewBranch\branch-backend\node_modules\router\index.js:582:12)[39m
[31m    at next (C:\Users\Lenovo\Desktop\NewBranch\branch-backend\node_modules\router\index.js:291:5)[39m
[31m    at Function.handle (C:\Users\Lenovo\Desktop\NewBranch\branch-backend\node_modules\router\index.js:186:3)[39m
[31m    at router (C:\Users\Lenovo\Desktop\NewBranch\branch-backend\node_modules\router\index.js:60:12)[39m
[31m    at Layer.handleRequest (C:\Users\Lenovo\Desktop\NewBranch\branch-backend\node_modules\router\lib\layer.js:152:17)[39m
[31m    at trimPrefix (C:\Users\Lenovo\Desktop\NewBranch\branch-backend\node_modules\router\index.js:342:13)[39m
[2026-07-31 12:35:01:351] [[31merror[39m]: [31mPrismaClientKnownRequestError: [39m
[31mInvalid `prisma.items.findMany()` invocation in[39m
[31mC:\Users\Lenovo\Desktop\NewBranch\branch-backend\src\modules\items\items.service.ts:54:20[39m

[31m  51 [39m
[31m  52 const [total, items] = await Promise.all([[39m
[31m  53   prisma.items.count({ where }),[39m
[31m→ 54   prisma.items.findMany([39m
[31mCan't reach database server at `10.160.5.101:1433`[39m

[31mPlease make sure your database server is running at `10.160.5.101:1433`.[39m
[31m    at $n.handleRequestError (C:\Users\Lenovo\Desktop\NewBranch\branch-backend\node_modules\@prisma\client\runtime\library.js:121:7315)[39m
[31m    at $n.handleAndLogRequestError (C:\Users\Lenovo\Desktop\NewBranch\branch-backend\node_modules\@prisma\client\runtime\library.js:121:6623)[39m
[31m    at $n.request (C:\Users\Lenovo\Desktop\NewBranch\branch-backend\node_modules\@prisma\client\runtime\library.js:121:6307)[39m
[31m    at async l (C:\Users\Lenovo\Desktop\NewBranch\branch-backend\node_modules\@prisma\client\runtime\library.js:130:9633)[39m
[31m    at async Promise.all (index 1)[39m
[31m    at async ItemsService.getItems (C:\Users\Lenovo\Desktop\NewBranch\branch-backend\src\modules\items\items.service.ts:52:28)[39m
[31m    at async getAll (C:\Users\Lenovo\Desktop\NewBranch\branch-backend\src\modules\items\items.controller.ts:11:22)[39m
[2026-07-31 15:27:24:2724] [[31merror[39m]: [31mError: Invalid or expired authentication token.[39m
[31m    at auth (C:\Users\Lenovo\Desktop\NewBranch\branch-backend\src\middleware\auth.middleware.ts:44:13)[39m
[31m    at Layer.handleRequest (C:\Users\Lenovo\Desktop\NewBranch\branch-backend\node_modules\router\lib\layer.js:152:17)[39m
[31m    at trimPrefix (C:\Users\Lenovo\Desktop\NewBranch\branch-backend\node_modules\router\index.js:342:13)[39m
[31m    at C:\Users\Lenovo\Desktop\NewBranch\branch-backend\node_modules\router\index.js:297:9[39m
[31m    at processParams (C:\Users\Lenovo\Desktop\NewBranch\branch-backend\node_modules\router\index.js:582:12)[39m
[31m    at next (C:\Users\Lenovo\Desktop\NewBranch\branch-backend\node_modules\router\index.js:291:5)[39m
[31m    at Function.handle (C:\Users\Lenovo\Desktop\NewBranch\branch-backend\node_modules\router\index.js:186:3)[39m
[31m    at router (C:\Users\Lenovo\Desktop\NewBranch\branch-backend\node_modules\router\index.js:60:12)[39m
[31m    at Layer.handleRequest (C:\Users\Lenovo\Desktop\NewBranch\branch-backend\node_modules\router\lib\layer.js:152:17)[39m
[31m    at trimPrefix (C:\Users\Lenovo\Desktop\NewBranch\branch-backend\node_modules\router\index.js:342:13)[39m
[2026-07-31 16:55:13:5513] [[31merror[39m]: [31mError: Invalid or expired authentication token.[39m
[31m    at auth (C:\Users\Lenovo\Desktop\NewBranch\branch-backend\src\middleware\auth.middleware.ts:44:13)[39m
[31m    at Layer.handleRequest (C:\Users\Lenovo\Desktop\NewBranch\branch-backend\node_modules\router\lib\layer.js:152:17)[39m
[31m    at trimPrefix (C:\Users\Lenovo\Desktop\NewBranch\branch-backend\node_modules\router\index.js:342:13)[39m
[31m    at C:\Users\Lenovo\Desktop\NewBranch\branch-backend\node_modules\router\index.js:297:9[39m
[31m    at processParams (C:\Users\Lenovo\Desktop\NewBranch\branch-backend\node_modules\router\index.js:582:12)[39m
[31m    at next (C:\Users\Lenovo\Desktop\NewBranch\branch-backend\node_modules\router\index.js:291:5)[39m
[31m    at Function.handle (C:\Users\Lenovo\Desktop\NewBranch\branch-backend\node_modules\router\index.js:186:3)[39m
[31m    at router (C:\Users\Lenovo\Desktop\NewBranch\branch-backend\node_modules\router\index.js:60:12)[39m
[31m    at Layer.handleRequest (C:\Users\Lenovo\Desktop\NewBranch\branch-backend\node_modules\router\lib\layer.js:152:17)[39m
[31m    at trimPrefix (C:\Users\Lenovo\Desktop\NewBranch\branch-backend\node_modules\router\index.js:342:13)[39m
[2026-08-03 12:29:38:2938] [[31merror[39m]: [31mError: Invalid or expired authentication token.[39m
[31m    at auth (C:\Users\Lenovo\Desktop\NewBranch\branch-backend\src\middleware\auth.middleware.ts:44:13)[39m
[31m    at Layer.handleRequest (C:\Users\Lenovo\Desktop\NewBranch\branch-backend\node_modules\router\lib\layer.js:152:17)[39m
[31m    at trimPrefix (C:\Users\Lenovo\Desktop\NewBranch\branch-backend\node_modules\router\index.js:342:13)[39m
[31m    at C:\Users\Lenovo\Desktop\NewBranch\branch-backend\node_modules\router\index.js:297:9[39m
[31m    at processParams (C:\Users\Lenovo\Desktop\NewBranch\branch-backend\node_modules\router\index.js:582:12)[39m
[31m    at next (C:\Users\Lenovo\Desktop\NewBranch\branch-backend\node_modules\router\index.js:291:5)[39m
[31m    at Function.handle (C:\Users\Lenovo\Desktop\NewBranch\branch-backend\node_modules\router\index.js:186:3)[39m
[31m    at router (C:\Users\Lenovo\Desktop\NewBranch\branch-backend\node_modules\router\index.js:60:12)[39m
[31m    at Layer.handleRequest (C:\Users\Lenovo\Desktop\NewBranch\branch-backend\node_modules\router\lib\layer.js:152:17)[39m
[31m    at trimPrefix (C:\Users\Lenovo\Desktop\NewBranch\branch-backend\node_modules\router\index.js:342:13)[39m
[2026-08-03 12:45:15:4515] [[31merror[39m]: [31mError: Invalid or expired authentication token.[39m
[31m    at auth (C:\Users\Lenovo\Desktop\NewBranch\branch-backend\src\middleware\auth.middleware.ts:44:13)[39m
[31m    at Layer.handleRequest (C:\Users\Lenovo\Desktop\NewBranch\branch-backend\node_modules\router\lib\layer.js:152:17)[39m
[31m    at trimPrefix (C:\Users\Lenovo\Desktop\NewBranch\branch-backend\node_modules\router\index.js:342:13)[39m
[31m    at C:\Users\Lenovo\Desktop\NewBranch\branch-backend\node_modules\router\index.js:297:9[39m
[31m    at processParams (C:\Users\Lenovo\Desktop\NewBranch\branch-backend\node_modules\router\index.js:582:12)[39m
[31m    at next (C:\Users\Lenovo\Desktop\NewBranch\branch-backend\node_modules\router\index.js:291:5)[39m
[31m    at Function.handle (C:\Users\Lenovo\Desktop\NewBranch\branch-backend\node_modules\router\index.js:186:3)[39m
[31m    at router (C:\Users\Lenovo\Desktop\NewBranch\branch-backend\node_modules\router\index.js:60:12)[39m
[31m    at Layer.handleRequest (C:\Users\Lenovo\Desktop\NewBranch\branch-backend\node_modules\router\lib\layer.js:152:17)[39m
[31m    at trimPrefix (C:\Users\Lenovo\Desktop\NewBranch\branch-backend\node_modules\router\index.js:342:13)[39m
[2026-08-03 12:45:15:4515] [[31merror[39m]: [31mError: Invalid or expired authentication token.[39m
[31m    at auth (C:\Users\Lenovo\Desktop\NewBranch\branch-backend\src\middleware\auth.middleware.ts:44:13)[39m
[31m    at Layer.handleRequest (C:\Users\Lenovo\Desktop\NewBranch\branch-backend\node_modules\router\lib\layer.js:152:17)[39m
[31m    at trimPrefix (C:\Users\Lenovo\Desktop\NewBranch\branch-backend\node_modules\router\index.js:342:13)[39m
[31m    at C:\Users\Lenovo\Desktop\NewBranch\branch-backend\node_modules\router\index.js:297:9[39m
[31m    at processParams (C:\Users\Lenovo\Desktop\NewBranch\branch-backend\node_modules\router\index.js:582:12)[39m
[31m    at next (C:\Users\Lenovo\Desktop\NewBranch\branch-backend\node_modules\router\index.js:291:5)[39m
[31m    at Function.handle (C:\Users\Lenovo\Desktop\NewBranch\branch-backend\node_modules\router\index.js:186:3)[39m
[31m    at router (C:\Users\Lenovo\Desktop\NewBranch\branch-backend\node_modules\router\index.js:60:12)[39m
[31m    at Layer.handleRequest (C:\Users\Lenovo\Desktop\NewBranch\branch-backend\node_modules\router\lib\layer.js:152:17)[39m
[31m    at trimPrefix (C:\Users\Lenovo\Desktop\NewBranch\branch-backend\node_modules\router\index.js:342:13)[39m
[2026-08-03 12:45:15:4515] [[31merror[39m]: [31mError: Invalid or expired authentication token.[39m
[31m    at auth (C:\Users\Lenovo\Desktop\NewBranch\branch-backend\src\middleware\auth.middleware.ts:44:13)[39m
[31m    at Layer.handleRequest (C:\Users\Lenovo\Desktop\NewBranch\branch-backend\node_modules\router\lib\layer.js:152:17)[39m
[31m    at trimPrefix (C:\Users\Lenovo\Desktop\NewBranch\branch-backend\node_modules\router\index.js:342:13)[39m
[31m    at C:\Users\Lenovo\Desktop\NewBranch\branch-backend\node_modules\router\index.js:297:9[39m
[31m    at processParams (C:\Users\Lenovo\Desktop\NewBranch\branch-backend\node_modules\router\index.js:582:12)[39m
[31m    at next (C:\Users\Lenovo\Desktop\NewBranch\branch-backend\node_modules\router\index.js:291:5)[39m
[31m    at Function.handle (C:\Users\Lenovo\Desktop\NewBranch\branch-backend\node_modules\router\index.js:186:3)[39m
[31m    at router (C:\Users\Lenovo\Desktop\NewBranch\branch-backend\node_modules\router\index.js:60:12)[39m
[31m    at Layer.handleRequest (C:\Users\Lenovo\Desktop\NewBranch\branch-backend\node_modules\router\lib\layer.js:152:17)[39m
[31m    at trimPrefix (C:\Users\Lenovo\Desktop\NewBranch\branch-backend\node_modules\router\index.js:342:13)[39m
[2026-08-03 12:45:15:4515] [[31merror[39m]: [31mError: Invalid or expired authentication token.[39m
[31m    at auth (C:\Users\Lenovo\Desktop\NewBranch\branch-backend\src\middleware\auth.middleware.ts:44:13)[39m
[31m    at Layer.handleRequest (C:\Users\Lenovo\Desktop\NewBranch\branch-backend\node_modules\router\lib\layer.js:152:17)[39m
[31m    at trimPrefix (C:\Users\Lenovo\Desktop\NewBranch\branch-backend\node_modules\router\index.js:342:13)[39m
[31m    at C:\Users\Lenovo\Desktop\NewBranch\branch-backend\node_modules\router\index.js:297:9[39m
[31m    at processParams (C:\Users\Lenovo\Desktop\NewBranch\branch-backend\node_modules\router\index.js:582:12)[39m
[31m    at next (C:\Users\Lenovo\Desktop\NewBranch\branch-backend\node_modules\router\index.js:291:5)[39m
[31m    at Function.handle (C:\Users\Lenovo\Desktop\NewBranch\branch-backend\node_modules\router\index.js:186:3)[39m
[31m    at router (C:\Users\Lenovo\Desktop\NewBranch\branch-backend\node_modules\router\index.js:60:12)[39m
[31m    at Layer.handleRequest (C:\Users\Lenovo\Desktop\NewBranch\branch-backend\node_modules\router\lib\layer.js:152:17)[39m
[31m    at trimPrefix (C:\Users\Lenovo\Desktop\NewBranch\branch-backend\node_modules\router\index.js:342:13)[39m
[2026-08-03 12:45:15:4515] [[31merror[39m]: [31mError: Invalid or expired authentication token.[39m
[31m    at auth (C:\Users\Lenovo\Desktop\NewBranch\branch-backend\src\middleware\auth.middleware.ts:44:13)[39m
[31m    at Layer.handleRequest (C:\Users\Lenovo\Desktop\NewBranch\branch-backend\node_modules\router\lib\layer.js:152:17)[39m
[31m    at trimPrefix (C:\Users\Lenovo\Desktop\NewBranch\branch-backend\node_modules\router\index.js:342:13)[39m
[31m    at C:\Users\Lenovo\Desktop\NewBranch\branch-backend\node_modules\router\index.js:297:9[39m
[31m    at processParams (C:\Users\Lenovo\Desktop\NewBranch\branch-backend\node_modules\router\index.js:582:12)[39m
[31m    at next (C:\Users\Lenovo\Desktop\NewBranch\branch-backend\node_modules\router\index.js:291:5)[39m
[31m    at Function.handle (C:\Users\Lenovo\Desktop\NewBranch\branch-backend\node_modules\router\index.js:186:3)[39m
[31m    at router (C:\Users\Lenovo\Desktop\NewBranch\branch-backend\node_modules\router\index.js:60:12)[39m
[31m    at Layer.handleRequest (C:\Users\Lenovo\Desktop\NewBranch\branch-backend\node_modules\router\lib\layer.js:152:17)[39m
[31m    at trimPrefix (C:\Users\Lenovo\Desktop\NewBranch\branch-backend\node_modules\router\index.js:342:13)[39m
[2026-08-03 12:45:15:4515] [[31merror[39m]: [31mError: Invalid or expired authentication token.[39m
[31m    at auth (C:\Users\Lenovo\Desktop\NewBranch\branch-backend\src\middleware\auth.middleware.ts:44:13)[39m
[31m    at Layer.handleRequest (C:\Users\Lenovo\Desktop\NewBranch\branch-backend\node_modules\router\lib\layer.js:152:17)[39m
[31m    at trimPrefix (C:\Users\Lenovo\Desktop\NewBranch\branch-backend\node_modules\router\index.js:342:13)[39m
[31m    at C:\Users\Lenovo\Desktop\NewBranch\branch-backend\node_modules\router\index.js:297:9[39m
[31m    at processParams (C:\Users\Lenovo\Desktop\NewBranch\branch-backend\node_modules\router\index.js:582:12)[39m
[31m    at next (C:\Users\Lenovo\Desktop\NewBranch\branch-backend\node_modules\router\index.js:291:5)[39m
[31m    at Function.handle (C:\Users\Lenovo\Desktop\NewBranch\branch-backend\node_modules\router\index.js:186:3)[39m
[31m    at router (C:\Users\Lenovo\Desktop\NewBranch\branch-backend\node_modules\router\index.js:60:12)[39m
[31m    at Layer.handleRequest (C:\Users\Lenovo\Desktop\NewBranch\branch-backend\node_modules\router\lib\layer.js:152:17)[39m
[31m    at trimPrefix (C:\Users\Lenovo\Desktop\NewBranch\branch-backend\node_modules\router\index.js:342:13)[39m
[2026-08-03 12:45:15:4515] [[31merror[39m]: [31mError: Invalid or expired authentication token.[39m
[31m    at auth (C:\Users\Lenovo\Desktop\NewBranch\branch-backend\src\middleware\auth.middleware.ts:44:13)[39m
[31m    at Layer.handleRequest (C:\Users\Lenovo\Desktop\NewBranch\branch-backend\node_modules\router\lib\layer.js:152:17)[39m
[31m    at trimPrefix (C:\Users\Lenovo\Desktop\NewBranch\branch-backend\node_modules\router\index.js:342:13)[39m
[31m    at C:\Users\Lenovo\Desktop\NewBranch\branch-backend\node_modules\router\index.js:297:9[39m
[31m    at processParams (C:\Users\Lenovo\Desktop\NewBranch\branch-backend\node_modules\router\index.js:582:12)[39m
[31m    at next (C:\Users\Lenovo\Desktop\NewBranch\branch-backend\node_modules\router\index.js:291:5)[39m
[31m    at Function.handle (C:\Users\Lenovo\Desktop\NewBranch\branch-backend\node_modules\router\index.js:186:3)[39m
[31m    at router (C:\Users\Lenovo\Desktop\NewBranch\branch-backend\node_modules\router\index.js:60:12)[39m
[31m    at Layer.handleRequest (C:\Users\Lenovo\Desktop\NewBranch\branch-backend\node_modules\router\lib\layer.js:152:17)[39m
[31m    at trimPrefix (C:\Users\Lenovo\Desktop\NewBranch\branch-backend\node_modules\router\index.js:342:13)[39m
[2026-08-03 13:01:48:148] [[31merror[39m]: [31mError: Invalid or expired authentication token.[39m
[31m    at auth (C:\Users\Lenovo\Desktop\NewBranch\branch-backend\src\middleware\auth.middleware.ts:44:13)[39m
[31m    at Layer.handleRequest (C:\Users\Lenovo\Desktop\NewBranch\branch-backend\node_modules\router\lib\layer.js:152:17)[39m
[31m    at trimPrefix (C:\Users\Lenovo\Desktop\NewBranch\branch-backend\node_modules\router\index.js:342:13)[39m
[31m    at C:\Users\Lenovo\Desktop\NewBranch\branch-backend\node_modules\router\index.js:297:9[39m
[31m    at processParams (C:\Users\Lenovo\Desktop\NewBranch\branch-backend\node_modules\router\index.js:582:12)[39m
[31m    at next (C:\Users\Lenovo\Desktop\NewBranch\branch-backend\node_modules\router\index.js:291:5)[39m
[31m    at Function.handle (C:\Users\Lenovo\Desktop\NewBranch\branch-backend\node_modules\router\index.js:186:3)[39m
[31m    at router (C:\Users\Lenovo\Desktop\NewBranch\branch-backend\node_modules\router\index.js:60:12)[39m
[31m    at Layer.handleRequest (C:\Users\Lenovo\Desktop\NewBranch\branch-backend\node_modules\router\lib\layer.js:152:17)[39m
[31m    at trimPrefix (C:\Users\Lenovo\Desktop\NewBranch\branch-backend\node_modules\router\index.js:342:13)[39m
[2026-08-03 13:01:48:148] [[31merror[39m]: [31mError: Invalid or expired authentication token.[39m
[31m    at auth (C:\Users\Lenovo\Desktop\NewBranch\branch-backend\src\middleware\auth.middleware.ts:44:13)[39m
[31m    at Layer.handleRequest (C:\Users\Lenovo\Desktop\NewBranch\branch-backend\node_modules\router\lib\layer.js:152:17)[39m
[31m    at trimPrefix (C:\Users\Lenovo\Desktop\NewBranch\branch-backend\node_modules\router\index.js:342:13)[39m
[31m    at C:\Users\Lenovo\Desktop\NewBranch\branch-backend\node_modules\router\index.js:297:9[39m
[31m    at processParams (C:\Users\Lenovo\Desktop\NewBranch\branch-backend\node_modules\router\index.js:582:12)[39m
[31m    at next (C:\Users\Lenovo\Desktop\NewBranch\branch-backend\node_modules\router\index.js:291:5)[39m
[31m    at Function.handle (C:\Users\Lenovo\Desktop\NewBranch\branch-backend\node_modules\router\index.js:186:3)[39m
[31m    at router (C:\Users\Lenovo\Desktop\NewBranch\branch-backend\node_modules\router\index.js:60:12)[39m
[31m    at Layer.handleRequest (C:\Users\Lenovo\Desktop\NewBranch\branch-backend\node_modules\router\lib\layer.js:152:17)[39m
[31m    at trimPrefix (C:\Users\Lenovo\Desktop\NewBranch\branch-backend\node_modules\router\index.js:342:13)[39m
[2026-08-03 13:01:48:148] [[31merror[39m]: [31mError: Invalid or expired authentication token.[39m
[31m    at auth (C:\Users\Lenovo\Desktop\NewBranch\branch-backend\src\middleware\auth.middleware.ts:44:13)[39m
[31m    at Layer.handleRequest (C:\Users\Lenovo\Desktop\NewBranch\branch-backend\node_modules\router\lib\layer.js:152:17)[39m
[31m    at trimPrefix (C:\Users\Lenovo\Desktop\NewBranch\branch-backend\node_modules\router\index.js:342:13)[39m
[31m    at C:\Users\Lenovo\Desktop\NewBranch\branch-backend\node_modules\router\index.js:297:9[39m
[31m    at processParams (C:\Users\Lenovo\Desktop\NewBranch\branch-backend\node_modules\router\index.js:582:12)[39m
[31m    at next (C:\Users\Lenovo\Desktop\NewBranch\branch-backend\node_modules\router\index.js:291:5)[39m
[31m    at Function.handle (C:\Users\Lenovo\Desktop\NewBranch\branch-backend\node_modules\router\index.js:186:3)[39m
[31m    at router (C:\Users\Lenovo\Desktop\NewBranch\branch-backend\node_modules\router\index.js:60:12)[39m
[31m    at Layer.handleRequest (C:\Users\Lenovo\Desktop\NewBranch\branch-backend\node_modules\router\lib\layer.js:152:17)[39m
[31m    at trimPrefix (C:\Users\Lenovo\Desktop\NewBranch\branch-backend\node_modules\router\index.js:342:13)[39m
[2026-08-12 14:36:54:3654] [[31merror[39m]: [31mError: Authentication token is missing.[39m
[31m    at auth (C:\Users\Lenovo\Desktop\NewBranch\branch-backend\src\middleware\auth.middleware.ts:36:13)[39m
[31m    at Layer.handleRequest (C:\Users\Lenovo\Desktop\NewBranch\branch-backend\node_modules\router\lib\layer.js:152:17)[39m
[31m    at trimPrefix (C:\Users\Lenovo\Desktop\NewBranch\branch-backend\node_modules\router\index.js:342:13)[39m
[31m    at C:\Users\Lenovo\Desktop\NewBranch\branch-backend\node_modules\router\index.js:297:9[39m
[31m    at processParams (C:\Users\Lenovo\Desktop\NewBranch\branch-backend\node_modules\router\index.js:582:12)[39m
[31m    at next (C:\Users\Lenovo\Desktop\NewBranch\branch-backend\node_modules\router\index.js:291:5)[39m
[31m    at Function.handle (C:\Users\Lenovo\Desktop\NewBranch\branch-backend\node_modules\router\index.js:186:3)[39m
[31m    at router (C:\Users\Lenovo\Desktop\NewBranch\branch-backend\node_modules\router\index.js:60:12)[39m
[31m    at Layer.handleRequest (C:\Users\Lenovo\Desktop\NewBranch\branch-backend\node_modules\router\lib\layer.js:152:17)[39m
[31m    at trimPrefix (C:\Users\Lenovo\Desktop\NewBranch\branch-backend\node_modules\router\index.js:342:13)[39m
[2026-08-12 14:36:54:3654] [[31merror[39m]: [31mError: Refresh token is missing.[39m
[31m    at AuthService.refresh (C:\Users\Lenovo\Desktop\NewBranch\branch-backend\src\modules\auth\auth.service.ts:127:13)[39m
[31m    at refresh (C:\Users\Lenovo\Desktop\NewBranch\branch-backend\src\modules\auth\auth.controller.ts:55:63)[39m
[31m    at Layer.handleRequest (C:\Users\Lenovo\Desktop\NewBranch\branch-backend\node_modules\router\lib\layer.js:152:17)[39m
[31m    at next (C:\Users\Lenovo\Desktop\NewBranch\branch-backend\node_modules\router\lib\route.js:157:13)[39m
[31m    at Route.dispatch (C:\Users\Lenovo\Desktop\NewBranch\branch-backend\node_modules\router\lib\route.js:117:3)[39m
[31m    at handle (C:\Users\Lenovo\Desktop\NewBranch\branch-backend\node_modules\router\index.js:435:11)[39m
[31m    at Layer.handleRequest (C:\Users\Lenovo\Desktop\NewBranch\branch-backend\node_modules\router\lib\layer.js:152:17)[39m
[31m    at C:\Users\Lenovo\Desktop\NewBranch\branch-backend\node_modules\router\index.js:295:15[39m
[31m    at processParams (C:\Users\Lenovo\Desktop\NewBranch\branch-backend\node_modules\router\index.js:582:12)[39m
[31m    at next (C:\Users\Lenovo\Desktop\NewBranch\branch-backend\node_modules\router\index.js:291:5)[39m
[2026-08-12 15:03:51:351] [[31merror[39m]: [31mError: Invalid or expired authentication token.[39m
[31m    at auth (C:\Users\Lenovo\Desktop\NewBranch\branch-backend\src\middleware\auth.middleware.ts:44:13)[39m
[31m    at Layer.handleRequest (C:\Users\Lenovo\Desktop\NewBranch\branch-backend\node_modules\router\lib\layer.js:152:17)[39m
[31m    at trimPrefix (C:\Users\Lenovo\Desktop\NewBranch\branch-backend\node_modules\router\index.js:342:13)[39m
[31m    at C:\Users\Lenovo\Desktop\NewBranch\branch-backend\node_modules\router\index.js:297:9[39m
[31m    at processParams (C:\Users\Lenovo\Desktop\NewBranch\branch-backend\node_modules\router\index.js:582:12)[39m
[31m    at next (C:\Users\Lenovo\Desktop\NewBranch\branch-backend\node_modules\router\index.js:291:5)[39m
[31m    at Function.handle (C:\Users\Lenovo\Desktop\NewBranch\branch-backend\node_modules\router\index.js:186:3)[39m
[31m    at router (C:\Users\Lenovo\Desktop\NewBranch\branch-backend\node_modules\router\index.js:60:12)[39m
[31m    at Layer.handleRequest (C:\Users\Lenovo\Desktop\NewBranch\branch-backend\node_modules\router\lib\layer.js:152:17)[39m
[31m    at trimPrefix (C:\Users\Lenovo\Desktop\NewBranch\branch-backend\node_modules\router\index.js:342:13)[39m
[2026-08-12 15:21:53:2153] [[31merror[39m]: [31mError: Invalid or expired authentication token.[39m
[31m    at auth (C:\Users\Lenovo\Desktop\NewBranch\branch-backend\src\middleware\auth.middleware.ts:44:13)[39m
[31m    at Layer.handleRequest (C:\Users\Lenovo\Desktop\NewBranch\branch-backend\node_modules\router\lib\layer.js:152:17)[39m
[31m    at trimPrefix (C:\Users\Lenovo\Desktop\NewBranch\branch-backend\node_modules\router\index.js:342:13)[39m
[31m    at C:\Users\Lenovo\Desktop\NewBranch\branch-backend\node_modules\router\index.js:297:9[39m
[31m    at processParams (C:\Users\Lenovo\Desktop\NewBranch\branch-backend\node_modules\router\index.js:582:12)[39m
[31m    at next (C:\Users\Lenovo\Desktop\NewBranch\branch-backend\node_modules\router\index.js:291:5)[39m
[31m    at Function.handle (C:\Users\Lenovo\Desktop\NewBranch\branch-backend\node_modules\router\index.js:186:3)[39m
[31m    at router (C:\Users\Lenovo\Desktop\NewBranch\branch-backend\node_modules\router\index.js:60:12)[39m
[31m    at Layer.handleRequest (C:\Users\Lenovo\Desktop\NewBranch\branch-backend\node_modules\router\lib\layer.js:152:17)[39m
[31m    at trimPrefix (C:\Users\Lenovo\Desktop\NewBranch\branch-backend\node_modules\router\index.js:342:13)[39m
[2026-08-12 15:21:53:2153] [[31merror[39m]: [31mError: Invalid or expired authentication token.[39m
[31m    at auth (C:\Users\Lenovo\Desktop\NewBranch\branch-backend\src\middleware\auth.middleware.ts:44:13)[39m
[31m    at Layer.handleRequest (C:\Users\Lenovo\Desktop\NewBranch\branch-backend\node_modules\router\lib\layer.js:152:17)[39m
[31m    at trimPrefix (C:\Users\Lenovo\Desktop\NewBranch\branch-backend\node_modules\router\index.js:342:13)[39m
[31m    at C:\Users\Lenovo\Desktop\NewBranch\branch-backend\node_modules\router\index.js:297:9[39m
[31m    at processParams (C:\Users\Lenovo\Desktop\NewBranch\branch-backend\node_modules\router\index.js:582:12)[39m
[31m    at next (C:\Users\Lenovo\Desktop\NewBranch\branch-backend\node_modules\router\index.js:291:5)[39m
[31m    at Function.handle (C:\Users\Lenovo\Desktop\NewBranch\branch-backend\node_modules\router\index.js:186:3)[39m
[31m    at router (C:\Users\Lenovo\Desktop\NewBranch\branch-backend\node_modules\router\index.js:60:12)[39m
[31m    at Layer.handleRequest (C:\Users\Lenovo\Desktop\NewBranch\branch-backend\node_modules\router\lib\layer.js:152:17)[39m
[31m    at trimPrefix (C:\Users\Lenovo\Desktop\NewBranch\branch-backend\node_modules\router\index.js:342:13)[39m
[2026-08-12 15:21:53:2153] [[31merror[39m]: [31mError: Invalid or expired authentication token.[39m
[31m    at auth (C:\Users\Lenovo\Desktop\NewBranch\branch-backend\src\middleware\auth.middleware.ts:44:13)[39m
[31m    at Layer.handleRequest (C:\Users\Lenovo\Desktop\NewBranch\branch-backend\node_modules\router\lib\layer.js:152:17)[39m
[31m    at trimPrefix (C:\Users\Lenovo\Desktop\NewBranch\branch-backend\node_modules\router\index.js:342:13)[39m
[31m    at C:\Users\Lenovo\Desktop\NewBranch\branch-backend\node_modules\router\index.js:297:9[39m
[31m    at processParams (C:\Users\Lenovo\Desktop\NewBranch\branch-backend\node_modules\router\index.js:582:12)[39m
[31m    at next (C:\Users\Lenovo\Desktop\NewBranch\branch-backend\node_modules\router\index.js:291:5)[39m
[31m    at Function.handle (C:\Users\Lenovo\Desktop\NewBranch\branch-backend\node_modules\router\index.js:186:3)[39m
[31m    at router (C:\Users\Lenovo\Desktop\NewBranch\branch-backend\node_modules\router\index.js:60:12)[39m
[31m    at Layer.handleRequest (C:\Users\Lenovo\Desktop\NewBranch\branch-backend\node_modules\router\lib\layer.js:152:17)[39m
[31m    at trimPrefix (C:\Users\Lenovo\Desktop\NewBranch\branch-backend\node_modules\router\index.js:342:13)[39m
[2026-08-12 15:21:53:2153] [[31merror[39m]: [31mError: Invalid or expired authentication token.[39m
[31m    at auth (C:\Users\Lenovo\Desktop\NewBranch\branch-backend\src\middleware\auth.middleware.ts:44:13)[39m
[31m    at Layer.handleRequest (C:\Users\Lenovo\Desktop\NewBranch\branch-backend\node_modules\router\lib\layer.js:152:17)[39m
[31m    at trimPrefix (C:\Users\Lenovo\Desktop\NewBranch\branch-backend\node_modules\router\index.js:342:13)[39m
[31m    at C:\Users\Lenovo\Desktop\NewBranch\branch-backend\node_modules\router\index.js:297:9[39m
[31m    at processParams (C:\Users\Lenovo\Desktop\NewBranch\branch-backend\node_modules\router\index.js:582:12)[39m
[31m    at next (C:\Users\Lenovo\Desktop\NewBranch\branch-backend\node_modules\router\index.js:291:5)[39m
[31m    at Function.handle (C:\Users\Lenovo\Desktop\NewBranch\branch-backend\node_modules\router\index.js:186:3)[39m
[31m    at router (C:\Users\Lenovo\Desktop\NewBranch\branch-backend\node_modules\router\index.js:60:12)[39m
[31m    at Layer.handleRequest (C:\Users\Lenovo\Desktop\NewBranch\branch-backend\node_modules\router\lib\layer.js:152:17)[39m
[31m    at trimPrefix (C:\Users\Lenovo\Desktop\NewBranch\branch-backend\node_modules\router\index.js:342:13)[39m
[2026-08-12 15:37:24:3724] [[31merror[39m]: [31mError: Invalid or expired authentication token.[39m
[31m    at auth (C:\Users\Lenovo\Desktop\NewBranch\branch-backend\src\middleware\auth.middleware.ts:44:13)[39m
[31m    at Layer.handleRequest (C:\Users\Lenovo\Desktop\NewBranch\branch-backend\node_modules\router\lib\layer.js:152:17)[39m
[31m    at trimPrefix (C:\Users\Lenovo\Desktop\NewBranch\branch-backend\node_modules\router\index.js:342:13)[39m
[31m    at C:\Users\Lenovo\Desktop\NewBranch\branch-backend\node_modules\router\index.js:297:9[39m
[31m    at processParams (C:\Users\Lenovo\Desktop\NewBranch\branch-backend\node_modules\router\index.js:582:12)[39m
[31m    at next (C:\Users\Lenovo\Desktop\NewBranch\branch-backend\node_modules\router\index.js:291:5)[39m
[31m    at Function.handle (C:\Users\Lenovo\Desktop\NewBranch\branch-backend\node_modules\router\index.js:186:3)[39m
[31m    at router (C:\Users\Lenovo\Desktop\NewBranch\branch-backend\node_modules\router\index.js:60:12)[39m
[31m    at Layer.handleRequest (C:\Users\Lenovo\Desktop\NewBranch\branch-backend\node_modules\router\lib\layer.js:152:17)[39m
[31m    at trimPrefix (C:\Users\Lenovo\Desktop\NewBranch\branch-backend\node_modules\router\index.js:342:13)[39m
[2026-08-12 15:59:31:5931] [[31merror[39m]: [31mError: Invalid or expired authentication token.[39m
[31m    at auth (C:\Users\Lenovo\Desktop\NewBranch\branch-backend\src\middleware\auth.middleware.ts:44:13)[39m
[31m    at Layer.handleRequest (C:\Users\Lenovo\Desktop\NewBranch\branch-backend\node_modules\router\lib\layer.js:152:17)[39m
[31m    at trimPrefix (C:\Users\Lenovo\Desktop\NewBranch\branch-backend\node_modules\router\index.js:342:13)[39m
[31m    at C:\Users\Lenovo\Desktop\NewBranch\branch-backend\node_modules\router\index.js:297:9[39m
[31m    at processParams (C:\Users\Lenovo\Desktop\NewBranch\branch-backend\node_modules\router\index.js:582:12)[39m
[31m    at next (C:\Users\Lenovo\Desktop\NewBranch\branch-backend\node_modules\router\index.js:291:5)[39m
[31m    at Function.handle (C:\Users\Lenovo\Desktop\NewBranch\branch-backend\node_modules\router\index.js:186:3)[39m
[31m    at router (C:\Users\Lenovo\Desktop\NewBranch\branch-backend\node_modules\router\index.js:60:12)[39m
[31m    at Layer.handleRequest (C:\Users\Lenovo\Desktop\NewBranch\branch-backend\node_modules\router\lib\layer.js:152:17)[39m
[31m    at trimPrefix (C:\Users\Lenovo\Desktop\NewBranch\branch-backend\node_modules\router\index.js:342:13)[39m
[2026-08-12 16:23:21:2321] [[31merror[39m]: [31mError: Invalid or expired authentication token.[39m
[31m    at auth (C:\Users\Lenovo\Desktop\NewBranch\branch-backend\src\middleware\auth.middleware.ts:44:13)[39m
[31m    at Layer.handleRequest (C:\Users\Lenovo\Desktop\NewBranch\branch-backend\node_modules\router\lib\layer.js:152:17)[39m
[31m    at trimPrefix (C:\Users\Lenovo\Desktop\NewBranch\branch-backend\node_modules\router\index.js:342:13)[39m
[31m    at C:\Users\Lenovo\Desktop\NewBranch\branch-backend\node_modules\router\index.js:297:9[39m
[31m    at processParams (C:\Users\Lenovo\Desktop\NewBranch\branch-backend\node_modules\router\index.js:582:12)[39m
[31m    at next (C:\Users\Lenovo\Desktop\NewBranch\branch-backend\node_modules\router\index.js:291:5)[39m
[31m    at Function.handle (C:\Users\Lenovo\Desktop\NewBranch\branch-backend\node_modules\router\index.js:186:3)[39m
[31m    at router (C:\Users\Lenovo\Desktop\NewBranch\branch-backend\node_modules\router\index.js:60:12)[39m
[31m    at Layer.handleRequest (C:\Users\Lenovo\Desktop\NewBranch\branch-backend\node_modules\router\lib\layer.js:152:17)[39m
[31m    at trimPrefix (C:\Users\Lenovo\Desktop\NewBranch\branch-backend\node_modules\router\index.js:342:13)[39m
[2026-08-12 16:42:28:4228] [[31merror[39m]: [31mError: Invalid or expired authentication token.[39m
[31m    at auth (C:\Users\Lenovo\Desktop\NewBranch\branch-backend\src\middleware\auth.middleware.ts:44:13)[39m
[31m    at Layer.handleRequest (C:\Users\Lenovo\Desktop\NewBranch\branch-backend\node_modules\router\lib\layer.js:152:17)[39m
[31m    at trimPrefix (C:\Users\Lenovo\Desktop\NewBranch\branch-backend\node_modules\router\index.js:342:13)[39m
[31m    at C:\Users\Lenovo\Desktop\NewBranch\branch-backend\node_modules\router\index.js:297:9[39m
[31m    at processParams (C:\Users\Lenovo\Desktop\NewBranch\branch-backend\node_modules\router\index.js:582:12)[39m
[31m    at next (C:\Users\Lenovo\Desktop\NewBranch\branch-backend\node_modules\router\index.js:291:5)[39m
[31m    at Function.handle (C:\Users\Lenovo\Desktop\NewBranch\branch-backend\node_modules\router\index.js:186:3)[39m
[31m    at router (C:\Users\Lenovo\Desktop\NewBranch\branch-backend\node_modules\router\index.js:60:12)[39m
[31m    at Layer.handleRequest (C:\Users\Lenovo\Desktop\NewBranch\branch-backend\node_modules\router\lib\layer.js:152:17)[39m
[31m    at trimPrefix (C:\Users\Lenovo\Desktop\NewBranch\branch-backend\node_modules\router\index.js:342:13)[39m
[2026-08-12 16:42:28:4228] [[31merror[39m]: [31mError: Invalid or expired authentication token.[39m
[31m    at auth (C:\Users\Lenovo\Desktop\NewBranch\branch-backend\src\middleware\auth.middleware.ts:44:13)[39m
[31m    at Layer.handleRequest (C:\Users\Lenovo\Desktop\NewBranch\branch-backend\node_modules\router\lib\layer.js:152:17)[39m
[31m    at trimPrefix (C:\Users\Lenovo\Desktop\NewBranch\branch-backend\node_modules\router\index.js:342:13)[39m
[31m    at C:\Users\Lenovo\Desktop\NewBranch\branch-backend\node_modules\router\index.js:297:9[39m
[31m    at processParams (C:\Users\Lenovo\Desktop\NewBranch\branch-backend\node_modules\router\index.js:582:12)[39m
[31m    at next (C:\Users\Lenovo\Desktop\NewBranch\branch-backend\node_modules\router\index.js:291:5)[39m
[31m    at Function.handle (C:\Users\Lenovo\Desktop\NewBranch\branch-backend\node_modules\router\index.js:186:3)[39m
[31m    at router (C:\Users\Lenovo\Desktop\NewBranch\branch-backend\node_modules\router\index.js:60:12)[39m
[31m    at Layer.handleRequest (C:\Users\Lenovo\Desktop\NewBranch\branch-backend\node_modules\router\lib\layer.js:152:17)[39m
[31m    at trimPrefix (C:\Users\Lenovo\Desktop\NewBranch\branch-backend\node_modules\router\index.js:342:13)[39m
[2026-08-12 16:42:28:4228] [[31merror[39m]: [31mError: Invalid or expired authentication token.[39m
[31m    at auth (C:\Users\Lenovo\Desktop\NewBranch\branch-backend\src\middleware\auth.middleware.ts:44:13)[39m
[31m    at Layer.handleRequest (C:\Users\Lenovo\Desktop\NewBranch\branch-backend\node_modules\router\lib\layer.js:152:17)[39m
[31m    at trimPrefix (C:\Users\Lenovo\Desktop\NewBranch\branch-backend\node_modules\router\index.js:342:13)[39m
[31m    at C:\Users\Lenovo\Desktop\NewBranch\branch-backend\node_modules\router\index.js:297:9[39m
[31m    at processParams (C:\Users\Lenovo\Desktop\NewBranch\branch-backend\node_modules\router\index.js:582:12)[39m
[31m    at next (C:\Users\Lenovo\Desktop\NewBranch\branch-backend\node_modules\router\index.js:291:5)[39m
[31m    at Function.handle (C:\Users\Lenovo\Desktop\NewBranch\branch-backend\node_modules\router\index.js:186:3)[39m
[31m    at router (C:\Users\Lenovo\Desktop\NewBranch\branch-backend\node_modules\router\index.js:60:12)[39m
[31m    at Layer.handleRequest (C:\Users\Lenovo\Desktop\NewBranch\branch-backend\node_modules\router\lib\layer.js:152:17)[39m
[31m    at trimPrefix (C:\Users\Lenovo\Desktop\NewBranch\branch-backend\node_modules\router\index.js:342:13)[39m
[2026-08-12 16:42:28:4228] [[31merror[39m]: [31mError: Invalid or expired authentication token.[39m
[31m    at auth (C:\Users\Lenovo\Desktop\NewBranch\branch-backend\src\middleware\auth.middleware.ts:44:13)[39m
[31m    at Layer.handleRequest (C:\Users\Lenovo\Desktop\NewBranch\branch-backend\node_modules\router\lib\layer.js:152:17)[39m
[31m    at trimPrefix (C:\Users\Lenovo\Desktop\NewBranch\branch-backend\node_modules\router\index.js:342:13)[39m
[31m    at C:\Users\Lenovo\Desktop\NewBranch\branch-backend\node_modules\router\index.js:297:9[39m
[31m    at processParams (C:\Users\Lenovo\Desktop\NewBranch\branch-backend\node_modules\router\index.js:582:12)[39m
[31m    at next (C:\Users\Lenovo\Desktop\NewBranch\branch-backend\node_modules\router\index.js:291:5)[39m
[31m    at Function.handle (C:\Users\Lenovo\Desktop\NewBranch\branch-backend\node_modules\router\index.js:186:3)[39m
[31m    at router (C:\Users\Lenovo\Desktop\NewBranch\branch-backend\node_modules\router\index.js:60:12)[39m
[31m    at Layer.handleRequest (C:\Users\Lenovo\Desktop\NewBranch\branch-backend\node_modules\router\lib\layer.js:152:17)[39m
[31m    at trimPrefix (C:\Users\Lenovo\Desktop\NewBranch\branch-backend\node_modules\router\index.js:342:13)[39m
[2026-08-12 16:48:24:4824] [[31merror[39m]: [31mPrismaClientKnownRequestError: [39m
[31mInvalid `prisma.purchase_request.findMany()` invocation in[39m
[31mC:\Users\Lenovo\Desktop\NewBranch\branch-backend\src\modules\purchase-request\purchase-request.service.ts:91:52[39m

[31m  88   ];[39m
[31m  89 }[39m
[31m  90 [39m
[31m→ 91 const requests = await prisma.purchase_request.findMany([39m
[31mTimed out fetching a new connection from the connection pool. More info: http://pris.ly/d/connection-pool (Current connection pool timeout: 10, connection limit: 21)[39m
[31m    at $n.handleRequestError (C:\Users\Lenovo\Desktop\NewBranch\branch-backend\node_modules\@prisma\client\runtime\library.js:121:7315)[39m
[31m    at $n.handleAndLogRequestError (C:\Users\Lenovo\Desktop\NewBranch\branch-backend\node_modules\@prisma\client\runtime\library.js:121:6623)[39m
[31m    at $n.request (C:\Users\Lenovo\Desktop\NewBranch\branch-backend\node_modules\@prisma\client\runtime\library.js:121:6307)[39m
[31m    at async l (C:\Users\Lenovo\Desktop\NewBranch\branch-backend\node_modules\@prisma\client\runtime\library.js:130:9633)[39m
[31m    at async PurchaseRequestService.getPurchaseRequests (C:\Users\Lenovo\Desktop\NewBranch\branch-backend\src\modules\purchase-request\purchase-request.service.ts:91:22)[39m
[31m    at async getAll (C:\Users\Lenovo\Desktop\NewBranch\branch-backend\src\modules\purchase-request\purchase-request.controller.ts:16:24)[39m
[2026-08-12 16:49:03:493] [[31merror[39m]: [31mPrismaClientKnownRequestError: [39m
[31mInvalid `prisma.purchase_request.findMany()` invocation in[39m
[31mC:\Users\Lenovo\Desktop\NewBranch\branch-backend\src\modules\purchase-request\purchase-request.service.ts:91:52[39m

[31m  88   ];[39m
[31m  89 }[39m
[31m  90 [39m
[31m→ 91 const requests = await prisma.purchase_request.findMany([39m
[31mTimed out fetching a new connection from the connection pool. More info: http://pris.ly/d/connection-pool (Current connection pool timeout: 10, connection limit: 21)[39m
[31m    at $n.handleRequestError (C:\Users\Lenovo\Desktop\NewBranch\branch-backend\node_modules\@prisma\client\runtime\library.js:121:7315)[39m
[31m    at $n.handleAndLogRequestError (C:\Users\Lenovo\Desktop\NewBranch\branch-backend\node_modules\@prisma\client\runtime\library.js:121:6623)[39m
[31m    at $n.request (C:\Users\Lenovo\Desktop\NewBranch\branch-backend\node_modules\@prisma\client\runtime\library.js:121:6307)[39m
[31m    at async l (C:\Users\Lenovo\Desktop\NewBranch\branch-backend\node_modules\@prisma\client\runtime\library.js:130:9633)[39m
[31m    at async PurchaseRequestService.getPurchaseRequests (C:\Users\Lenovo\Desktop\NewBranch\branch-backend\src\modules\purchase-request\purchase-request.service.ts:91:22)[39m
[31m    at async getAll (C:\Users\Lenovo\Desktop\NewBranch\branch-backend\src\modules\purchase-request\purchase-request.controller.ts:16:24)[39m
[2026-08-12 16:51:17:5117] [[31merror[39m]: [31mPrismaClientKnownRequestError: [39m
[31mInvalid `prisma.purchase_request.findMany()` invocation in[39m
[31mC:\Users\Lenovo\Desktop\NewBranch\branch-backend\src\modules\purchase-request\purchase-request.service.ts:91:52[39m

[31m  88   ];[39m
[31m  89 }[39m
[31m  90 [39m
[31m→ 91 const requests = await prisma.purchase_request.findMany([39m
[31mTimed out fetching a new connection from the connection pool. More info: http://pris.ly/d/connection-pool (Current connection pool timeout: 10, connection limit: 21)[39m
[31m    at $n.handleRequestError (C:\Users\Lenovo\Desktop\NewBranch\branch-backend\node_modules\@prisma\client\runtime\library.js:121:7315)[39m
[31m    at $n.handleAndLogRequestError (C:\Users\Lenovo\Desktop\NewBranch\branch-backend\node_modules\@prisma\client\runtime\library.js:121:6623)[39m
[31m    at $n.request (C:\Users\Lenovo\Desktop\NewBranch\branch-backend\node_modules\@prisma\client\runtime\library.js:121:6307)[39m
[31m    at async l (C:\Users\Lenovo\Desktop\NewBranch\branch-backend\node_modules\@prisma\client\runtime\library.js:130:9633)[39m
[31m    at async PurchaseRequestService.getPurchaseRequests (C:\Users\Lenovo\Desktop\NewBranch\branch-backend\src\modules\purchase-request\purchase-request.service.ts:91:22)[39m
[31m    at async getAll (C:\Users\Lenovo\Desktop\NewBranch\branch-backend\src\modules\purchase-request\purchase-request.controller.ts:16:24)[39m
[2026-08-12 16:51:28:5128] [[31merror[39m]: [31mPrismaClientKnownRequestError: [39m
[31mInvalid `prisma.purchase_request.findMany()` invocation in[39m
[31mC:\Users\Lenovo\Desktop\NewBranch\branch-backend\src\modules\purchase-request\purchase-request.service.ts:91:52[39m

[31m  88   ];[39m
[31m  89 }[39m
[31m  90 [39m
[31m→ 91 const requests = await prisma.purchase_request.findMany([39m
[31mTimed out fetching a new connection from the connection pool. More info: http://pris.ly/d/connection-pool (Current connection pool timeout: 10, connection limit: 21)[39m
[31m    at $n.handleRequestError (C:\Users\Lenovo\Desktop\NewBranch\branch-backend\node_modules\@prisma\client\runtime\library.js:121:7315)[39m
[31m    at $n.handleAndLogRequestError (C:\Users\Lenovo\Desktop\NewBranch\branch-backend\node_modules\@prisma\client\runtime\library.js:121:6623)[39m
[31m    at $n.request (C:\Users\Lenovo\Desktop\NewBranch\branch-backend\node_modules\@prisma\client\runtime\library.js:121:6307)[39m
[31m    at async l (C:\Users\Lenovo\Desktop\NewBranch\branch-backend\node_modules\@prisma\client\runtime\library.js:130:9633)[39m
[31m    at async PurchaseRequestService.getPurchaseRequests (C:\Users\Lenovo\Desktop\NewBranch\branch-backend\src\modules\purchase-request\purchase-request.service.ts:91:22)[39m
[31m    at async getAll (C:\Users\Lenovo\Desktop\NewBranch\branch-backend\src\modules\purchase-request\purchase-request.controller.ts:16:24)[39m
[2026-08-12 16:52:19:5219] [[31merror[39m]: [31mPrismaClientKnownRequestError: [39m
[31mInvalid `prisma.purchase_request.findMany()` invocation in[39m
[31mC:\Users\Lenovo\Desktop\NewBranch\branch-backend\src\modules\purchase-request\purchase-request.service.ts:91:52[39m

[31m  88   ];[39m
[31m  89 }[39m
[31m  90 [39m
[31m→ 91 const requests = await prisma.purchase_request.findMany([39m
[31mTimed out fetching a new connection from the connection pool. More info: http://pris.ly/d/connection-pool (Current connection pool timeout: 10, connection limit: 21)[39m
[31m    at $n.handleRequestError (C:\Users\Lenovo\Desktop\NewBranch\branch-backend\node_modules\@prisma\client\runtime\library.js:121:7315)[39m
[31m    at $n.handleAndLogRequestError (C:\Users\Lenovo\Desktop\NewBranch\branch-backend\node_modules\@prisma\client\runtime\library.js:121:6623)[39m
[31m    at $n.request (C:\Users\Lenovo\Desktop\NewBranch\branch-backend\node_modules\@prisma\client\runtime\library.js:121:6307)[39m
[31m    at async l (C:\Users\Lenovo\Desktop\NewBranch\branch-backend\node_modules\@prisma\client\runtime\library.js:130:9633)[39m
[31m    at async PurchaseRequestService.getPurchaseRequests (C:\Users\Lenovo\Desktop\NewBranch\branch-backend\src\modules\purchase-request\purchase-request.service.ts:91:22)[39m
[31m    at async getAll (C:\Users\Lenovo\Desktop\NewBranch\branch-backend\src\modules\purchase-request\purchase-request.controller.ts:16:24)[39m
[2026-08-12 16:52:24:5224] [[31merror[39m]: [31mPrismaClientKnownRequestError: [39m
[31mInvalid `prisma.retailers.count()` invocation in[39m
[31mC:\Users\Lenovo\Desktop\NewBranch\branch-backend\src\modules\retailers\retailers.service.ts:58:24[39m

[31m  55 }[39m
[31m  56 [39m
[31m  57 const [total, data] = await Promise.all([[39m
[31m→ 58   prisma.retailers.count([39m
[31mTimed out fetching a new connection from the connection pool. More info: http://pris.ly/d/connection-pool (Current connection pool timeout: 10, connection limit: 21)[39m
[31m    at $n.handleRequestError (C:\Users\Lenovo\Desktop\NewBranch\branch-backend\node_modules\@prisma\client\runtime\library.js:121:7315)[39m
[31m    at $n.handleAndLogRequestError (C:\Users\Lenovo\Desktop\NewBranch\branch-backend\node_modules\@prisma\client\runtime\library.js:121:6623)[39m
[31m    at $n.request (C:\Users\Lenovo\Desktop\NewBranch\branch-backend\node_modules\@prisma\client\runtime\library.js:121:6307)[39m
[31m    at async l (C:\Users\Lenovo\Desktop\NewBranch\branch-backend\node_modules\@prisma\client\runtime\library.js:130:9633)[39m
[31m    at async Promise.all (index 0)[39m
[31m    at async RetailersService.getRetailers (C:\Users\Lenovo\Desktop\NewBranch\branch-backend\src\modules\retailers\retailers.service.ts:57:27)[39m
[31m    at async getAll (C:\Users\Lenovo\Desktop\NewBranch\branch-backend\src\modules\retailers\retailers.controller.ts:19:22)[39m
[2026-08-12 16:52:24:5224] [[31merror[39m]: [31mPrismaClientKnownRequestError: [39m
[31mInvalid `prisma.items.findMany()` invocation in[39m
[31mC:\Users\Lenovo\Desktop\NewBranch\branch-backend\src\modules\items\items.service.ts:56:20[39m

[31m  53 [39m
[31m  54 const [total, items, categories, warehouses] = await Promise.all([[39m
[31m  55   prisma.items.count({ where }),[39m
[31m→ 56   prisma.items.findMany([39m
[31mTimed out fetching a new connection from the connection pool. More info: http://pris.ly/d/connection-pool (Current connection pool timeout: 10, connection limit: 21)[39m
[31m    at $n.handleRequestError (C:\Users\Lenovo\Desktop\NewBranch\branch-backend\node_modules\@prisma\client\runtime\library.js:121:7315)[39m
[31m    at $n.handleAndLogRequestError (C:\Users\Lenovo\Desktop\NewBranch\branch-backend\node_modules\@prisma\client\runtime\library.js:121:6623)[39m
[31m    at $n.request (C:\Users\Lenovo\Desktop\NewBranch\branch-backend\node_modules\@prisma\client\runtime\library.js:121:6307)[39m
[31m    at async l (C:\Users\Lenovo\Desktop\NewBranch\branch-backend\node_modules\@prisma\client\runtime\library.js:130:9633)[39m
[31m    at async Promise.all (index 1)[39m
[31m    at async ItemsService.getItems (C:\Users\Lenovo\Desktop\NewBranch\branch-backend\src\modules\items\items.service.ts:54:52)[39m
[31m    at async getAll (C:\Users\Lenovo\Desktop\NewBranch\branch-backend\src\modules\items\items.controller.ts:11:22)[39m
[2026-08-12 16:52:24:5224] [[31merror[39m]: [31mPrismaClientKnownRequestError: [39m
[31mInvalid `prisma.purchase_request.findUnique()` invocation in[39m
[31mC:\Users\Lenovo\Desktop\NewBranch\branch-backend\src\modules\purchase-request\purchase-request.service.ts:123:51[39m

[31m  120 [39m
[31m  121 /** Get single purchase request details by ID */[39m
[31m  122 public async getPurchaseRequestById(id: number) {[39m
[31m→ 123   const request = await prisma.purchase_request.findUnique([39m
[31mTimed out fetching a new connection from the connection pool. More info: http://pris.ly/d/connection-pool (Current connection pool timeout: 10, connection limit: 21)[39m
[31m    at $n.handleRequestError (C:\Users\Lenovo\Desktop\NewBranch\branch-backend\node_modules\@prisma\client\runtime\library.js:121:7315)[39m
[31m    at $n.handleAndLogRequestError (C:\Users\Lenovo\Desktop\NewBranch\branch-backend\node_modules\@prisma\client\runtime\library.js:121:6623)[39m
[31m    at $n.request (C:\Users\Lenovo\Desktop\NewBranch\branch-backend\node_modules\@prisma\client\runtime\library.js:121:6307)[39m
[31m    at async l (C:\Users\Lenovo\Desktop\NewBranch\branch-backend\node_modules\@prisma\client\runtime\library.js:130:9633)[39m
[31m    at async PurchaseRequestService.getPurchaseRequestById (C:\Users\Lenovo\Desktop\NewBranch\branch-backend\src\modules\purchase-request\purchase-request.service.ts:123:21)[39m
[31m    at async getById (C:\Users\Lenovo\Desktop\NewBranch\branch-backend\src\modules\purchase-request\purchase-request.controller.ts:39:23)[39m
[2026-08-12 16:52:26:5226] [[31merror[39m]: [31mPrismaClientKnownRequestError: [39m
[31mInvalid `prisma.purchase_request.findMany()` invocation in[39m
[31mC:\Users\Lenovo\Desktop\NewBranch\branch-backend\src\modules\purchase-request\purchase-request.service.ts:91:52[39m

[31m  88   ];[39m
[31m  89 }[39m
[31m  90 [39m
[31m→ 91 const requests = await prisma.purchase_request.findMany([39m
[31mTimed out fetching a new connection from the connection pool. More info: http://pris.ly/d/connection-pool (Current connection pool timeout: 10, connection limit: 21)[39m
[31m    at $n.handleRequestError (C:\Users\Lenovo\Desktop\NewBranch\branch-backend\node_modules\@prisma\client\runtime\library.js:121:7315)[39m
[31m    at $n.handleAndLogRequestError (C:\Users\Lenovo\Desktop\NewBranch\branch-backend\node_modules\@prisma\client\runtime\library.js:121:6623)[39m
[31m    at $n.request (C:\Users\Lenovo\Desktop\NewBranch\branch-backend\node_modules\@prisma\client\runtime\library.js:121:6307)[39m
[31m    at async l (C:\Users\Lenovo\Desktop\NewBranch\branch-backend\node_modules\@prisma\client\runtime\library.js:130:9633)[39m
[31m    at async PurchaseRequestService.getPurchaseRequests (C:\Users\Lenovo\Desktop\NewBranch\branch-backend\src\modules\purchase-request\purchase-request.service.ts:91:22)[39m
[31m    at async getAll (C:\Users\Lenovo\Desktop\NewBranch\branch-backend\src\modules\purchase-request\purchase-request.controller.ts:16:24)[39m
[2026-08-12 16:52:37:5237] [[31merror[39m]: [31mPrismaClientKnownRequestError: [39m
[31mInvalid `prisma.purchase_request.findMany()` invocation in[39m
[31mC:\Users\Lenovo\Desktop\NewBranch\branch-backend\src\modules\purchase-request\purchase-request.service.ts:91:52[39m

[31m  88   ];[39m
[31m  89 }[39m
[31m  90 [39m
[31m→ 91 const requests = await prisma.purchase_request.findMany([39m
[31mTimed out fetching a new connection from the connection pool. More info: http://pris.ly/d/connection-pool (Current connection pool timeout: 10, connection limit: 21)[39m
[31m    at $n.handleRequestError (C:\Users\Lenovo\Desktop\NewBranch\branch-backend\node_modules\@prisma\client\runtime\library.js:121:7315)[39m
[31m    at $n.handleAndLogRequestError (C:\Users\Lenovo\Desktop\NewBranch\branch-backend\node_modules\@prisma\client\runtime\library.js:121:6623)[39m
[31m    at $n.request (C:\Users\Lenovo\Desktop\NewBranch\branch-backend\node_modules\@prisma\client\runtime\library.js:121:6307)[39m
[31m    at async l (C:\Users\Lenovo\Desktop\NewBranch\branch-backend\node_modules\@prisma\client\runtime\library.js:130:9633)[39m
[31m    at async PurchaseRequestService.getPurchaseRequests (C:\Users\Lenovo\Desktop\NewBranch\branch-backend\src\modules\purchase-request\purchase-request.service.ts:91:22)[39m
[31m    at async getAll (C:\Users\Lenovo\Desktop\NewBranch\branch-backend\src\modules\purchase-request\purchase-request.controller.ts:16:24)[39m
[2026-08-12 16:56:23:5623] [[31merror[39m]: [31mPrismaClientKnownRequestError: [39m
[31mInvalid `prisma.purchase_request.findMany()` invocation in[39m
[31mC:\Users\Lenovo\Desktop\NewBranch\branch-backend\src\modules\purchase-request\purchase-request.service.ts:91:52[39m

[31m  88   ];[39m
[31m  89 }[39m
[31m  90 [39m
[31m→ 91 const requests = await prisma.purchase_request.findMany([39m
[31mTimed out fetching a new connection from the connection pool. More info: http://pris.ly/d/connection-pool (Current connection pool timeout: 10, connection limit: 21)[39m
[31m    at $n.handleRequestError (C:\Users\Lenovo\Desktop\NewBranch\branch-backend\node_modules\@prisma\client\runtime\library.js:121:7315)[39m
[31m    at $n.handleAndLogRequestError (C:\Users\Lenovo\Desktop\NewBranch\branch-backend\node_modules\@prisma\client\runtime\library.js:121:6623)[39m
[31m    at $n.request (C:\Users\Lenovo\Desktop\NewBranch\branch-backend\node_modules\@prisma\client\runtime\library.js:121:6307)[39m
[31m    at async l (C:\Users\Lenovo\Desktop\NewBranch\branch-backend\node_modules\@prisma\client\runtime\library.js:130:9633)[39m
[31m    at async PurchaseRequestService.getPurchaseRequests (C:\Users\Lenovo\Desktop\NewBranch\branch-backend\src\modules\purchase-request\purchase-request.service.ts:91:22)[39m
[31m    at async getAll (C:\Users\Lenovo\Desktop\NewBranch\branch-backend\src\modules\purchase-request\purchase-request.controller.ts:16:24)[39m
[2026-08-12 16:56:36:5636] [[31merror[39m]: [31mPrismaClientKnownRequestError: [39m
[31mInvalid `prisma.purchase_request.findMany()` invocation in[39m
[31mC:\Users\Lenovo\Desktop\NewBranch\branch-backend\src\modules\purchase-request\purchase-request.service.ts:91:52[39m

[31m  88   ];[39m
[31m  89 }[39m
[31m  90 [39m
[31m→ 91 const requests = await prisma.purchase_request.findMany([39m
[31mTimed out fetching a new connection from the connection pool. More info: http://pris.ly/d/connection-pool (Current connection pool timeout: 10, connection limit: 21)[39m
[31m    at $n.handleRequestError (C:\Users\Lenovo\Desktop\NewBranch\branch-backend\node_modules\@prisma\client\runtime\library.js:121:7315)[39m
[31m    at $n.handleAndLogRequestError (C:\Users\Lenovo\Desktop\NewBranch\branch-backend\node_modules\@prisma\client\runtime\library.js:121:6623)[39m
[31m    at $n.request (C:\Users\Lenovo\Desktop\NewBranch\branch-backend\node_modules\@prisma\client\runtime\library.js:121:6307)[39m
[31m    at async l (C:\Users\Lenovo\Desktop\NewBranch\branch-backend\node_modules\@prisma\client\runtime\library.js:130:9633)[39m
[31m    at async PurchaseRequestService.getPurchaseRequests (C:\Users\Lenovo\Desktop\NewBranch\branch-backend\src\modules\purchase-request\purchase-request.service.ts:91:22)[39m
[31m    at async getAll (C:\Users\Lenovo\Desktop\NewBranch\branch-backend\src\modules\purchase-request\purchase-request.controller.ts:16:24)[39m
[2026-08-12 17:27:31:2731] [[31merror[39m]: [31mError: Invalid or expired authentication token.[39m
[31m    at auth (C:\Users\Lenovo\Desktop\NewBranch\branch-backend\src\middleware\auth.middleware.ts:44:13)[39m
[31m    at Layer.handleRequest (C:\Users\Lenovo\Desktop\NewBranch\branch-backend\node_modules\router\lib\layer.js:152:17)[39m
[31m    at trimPrefix (C:\Users\Lenovo\Desktop\NewBranch\branch-backend\node_modules\router\index.js:342:13)[39m
[31m    at C:\Users\Lenovo\Desktop\NewBranch\branch-backend\node_modules\router\index.js:297:9[39m
[31m    at processParams (C:\Users\Lenovo\Desktop\NewBranch\branch-backend\node_modules\router\index.js:582:12)[39m
[31m    at next (C:\Users\Lenovo\Desktop\NewBranch\branch-backend\node_modules\router\index.js:291:5)[39m
[31m    at Function.handle (C:\Users\Lenovo\Desktop\NewBranch\branch-backend\node_modules\router\index.js:186:3)[39m
[31m    at router (C:\Users\Lenovo\Desktop\NewBranch\branch-backend\node_modules\router\index.js:60:12)[39m
[31m    at Layer.handleRequest (C:\Users\Lenovo\Desktop\NewBranch\branch-backend\node_modules\router\lib\layer.js:152:17)[39m
[31m    at trimPrefix (C:\Users\Lenovo\Desktop\NewBranch\branch-backend\node_modules\router\index.js:342:13)[39m
[2026-08-12 17:27:31:2731] [[31merror[39m]: [31mError: Invalid or expired authentication token.[39m
[31m    at auth (C:\Users\Lenovo\Desktop\NewBranch\branch-backend\src\middleware\auth.middleware.ts:44:13)[39m
[31m    at Layer.handleRequest (C:\Users\Lenovo\Desktop\NewBranch\branch-backend\node_modules\router\lib\layer.js:152:17)[39m
[31m    at trimPrefix (C:\Users\Lenovo\Desktop\NewBranch\branch-backend\node_modules\router\index.js:342:13)[39m
[31m    at C:\Users\Lenovo\Desktop\NewBranch\branch-backend\node_modules\router\index.js:297:9[39m
[31m    at processParams (C:\Users\Lenovo\Desktop\NewBranch\branch-backend\node_modules\router\index.js:582:12)[39m
[31m    at next (C:\Users\Lenovo\Desktop\NewBranch\branch-backend\node_modules\router\index.js:291:5)[39m
[31m    at Function.handle (C:\Users\Lenovo\Desktop\NewBranch\branch-backend\node_modules\router\index.js:186:3)[39m
[31m    at router (C:\Users\Lenovo\Desktop\NewBranch\branch-backend\node_modules\router\index.js:60:12)[39m
[31m    at Layer.handleRequest (C:\Users\Lenovo\Desktop\NewBranch\branch-backend\node_modules\router\lib\layer.js:152:17)[39m
[31m    at trimPrefix (C:\Users\Lenovo\Desktop\NewBranch\branch-backend\node_modules\router\index.js:342:13)[39m
[2026-08-12 17:27:31:2731] [[31merror[39m]: [31mError: Invalid or expired authentication token.[39m
[31m    at auth (C:\Users\Lenovo\Desktop\NewBranch\branch-backend\src\middleware\auth.middleware.ts:44:13)[39m
[31m    at Layer.handleRequest (C:\Users\Lenovo\Desktop\NewBranch\branch-backend\node_modules\router\lib\layer.js:152:17)[39m
[31m    at trimPrefix (C:\Users\Lenovo\Desktop\NewBranch\branch-backend\node_modules\router\index.js:342:13)[39m
[31m    at C:\Users\Lenovo\Desktop\NewBranch\branch-backend\node_modules\router\index.js:297:9[39m
[31m    at processParams (C:\Users\Lenovo\Desktop\NewBranch\branch-backend\node_modules\router\index.js:582:12)[39m
[31m    at next (C:\Users\Lenovo\Desktop\NewBranch\branch-backend\node_modules\router\index.js:291:5)[39m
[31m    at Function.handle (C:\Users\Lenovo\Desktop\NewBranch\branch-backend\node_modules\router\index.js:186:3)[39m
[31m    at router (C:\Users\Lenovo\Desktop\NewBranch\branch-backend\node_modules\router\index.js:60:12)[39m
[31m    at Layer.handleRequest (C:\Users\Lenovo\Desktop\NewBranch\branch-backend\node_modules\router\lib\layer.js:152:17)[39m
[31m    at trimPrefix (C:\Users\Lenovo\Desktop\NewBranch\branch-backend\node_modules\router\index.js:342:13)[39m
[2026-08-12 17:27:31:2731] [[31merror[39m]: [31mError: Invalid or expired authentication token.[39m
[31m    at auth (C:\Users\Lenovo\Desktop\NewBranch\branch-backend\src\middleware\auth.middleware.ts:44:13)[39m
[31m    at Layer.handleRequest (C:\Users\Lenovo\Desktop\NewBranch\branch-backend\node_modules\router\lib\layer.js:152:17)[39m
[31m    at trimPrefix (C:\Users\Lenovo\Desktop\NewBranch\branch-backend\node_modules\router\index.js:342:13)[39m
[31m    at C:\Users\Lenovo\Desktop\NewBranch\branch-backend\node_modules\router\index.js:297:9[39m
[31m    at processParams (C:\Users\Lenovo\Desktop\NewBranch\branch-backend\node_modules\router\index.js:582:12)[39m
[31m    at next (C:\Users\Lenovo\Desktop\NewBranch\branch-backend\node_modules\router\index.js:291:5)[39m
[31m    at Function.handle (C:\Users\Lenovo\Desktop\NewBranch\branch-backend\node_modules\router\index.js:186:3)[39m
[31m    at router (C:\Users\Lenovo\Desktop\NewBranch\branch-backend\node_modules\router\index.js:60:12)[39m
[31m    at Layer.handleRequest (C:\Users\Lenovo\Desktop\NewBranch\branch-backend\node_modules\router\lib\layer.js:152:17)[39m
[31m    at trimPrefix (C:\Users\Lenovo\Desktop\NewBranch\branch-backend\node_modules\router\index.js:342:13)[39m
[2026-08-12 17:53:28:5328] [[31merror[39m]: [31mError: Invalid or expired authentication token.[39m
[31m    at auth (C:\Users\Lenovo\Desktop\NewBranch\branch-backend\src\middleware\auth.middleware.ts:44:13)[39m
[31m    at Layer.handleRequest (C:\Users\Lenovo\Desktop\NewBranch\branch-backend\node_modules\router\lib\layer.js:152:17)[39m
[31m    at trimPrefix (C:\Users\Lenovo\Desktop\NewBranch\branch-backend\node_modules\router\index.js:342:13)[39m
[31m    at C:\Users\Lenovo\Desktop\NewBranch\branch-backend\node_modules\router\index.js:297:9[39m
[31m    at processParams (C:\Users\Lenovo\Desktop\NewBranch\branch-backend\node_modules\router\index.js:582:12)[39m
[31m    at next (C:\Users\Lenovo\Desktop\NewBranch\branch-backend\node_modules\router\index.js:291:5)[39m
[31m    at Function.handle (C:\Users\Lenovo\Desktop\NewBranch\branch-backend\node_modules\router\index.js:186:3)[39m
[31m    at router (C:\Users\Lenovo\Desktop\NewBranch\branch-backend\node_modules\router\index.js:60:12)[39m
[31m    at Layer.handleRequest (C:\Users\Lenovo\Desktop\NewBranch\branch-backend\node_modules\router\lib\layer.js:152:17)[39m
[31m    at trimPrefix (C:\Users\Lenovo\Desktop\NewBranch\branch-backend\node_modules\router\index.js:342:13)[39m
[2026-08-12 18:17:22:1722] [[31merror[39m]: [31mError: Invalid or expired authentication token.[39m
[31m    at auth (C:\Users\Lenovo\Desktop\NewBranch\branch-backend\src\middleware\auth.middleware.ts:44:13)[39m
[31m    at Layer.handleRequest (C:\Users\Lenovo\Desktop\NewBranch\branch-backend\node_modules\router\lib\layer.js:152:17)[39m
[31m    at trimPrefix (C:\Users\Lenovo\Desktop\NewBranch\branch-backend\node_modules\router\index.js:342:13)[39m
[31m    at C:\Users\Lenovo\Desktop\NewBranch\branch-backend\node_modules\router\index.js:297:9[39m
[31m    at processParams (C:\Users\Lenovo\Desktop\NewBranch\branch-backend\node_modules\router\index.js:582:12)[39m
[31m    at next (C:\Users\Lenovo\Desktop\NewBranch\branch-backend\node_modules\router\index.js:291:5)[39m
[31m    at Function.handle (C:\Users\Lenovo\Desktop\NewBranch\branch-backend\node_modules\router\index.js:186:3)[39m
[31m    at router (C:\Users\Lenovo\Desktop\NewBranch\branch-backend\node_modules\router\index.js:60:12)[39m
[31m    at Layer.handleRequest (C:\Users\Lenovo\Desktop\NewBranch\branch-backend\node_modules\router\lib\layer.js:152:17)[39m
[31m    at trimPrefix (C:\Users\Lenovo\Desktop\NewBranch\branch-backend\node_modules\router\index.js:342:13)[39m
[2026-08-12 18:17:22:1722] [[31merror[39m]: [31mError: Invalid or expired authentication token.[39m
[31m    at auth (C:\Users\Lenovo\Desktop\NewBranch\branch-backend\src\middleware\auth.middleware.ts:44:13)[39m
[31m    at Layer.handleRequest (C:\Users\Lenovo\Desktop\NewBranch\branch-backend\node_modules\router\lib\layer.js:152:17)[39m
[31m    at trimPrefix (C:\Users\Lenovo\Desktop\NewBranch\branch-backend\node_modules\router\index.js:342:13)[39m
[31m    at C:\Users\Lenovo\Desktop\NewBranch\branch-backend\node_modules\router\index.js:297:9[39m
[31m    at processParams (C:\Users\Lenovo\Desktop\NewBranch\branch-backend\node_modules\router\index.js:582:12)[39m
[31m    at next (C:\Users\Lenovo\Desktop\NewBranch\branch-backend\node_modules\router\index.js:291:5)[39m
[31m    at Function.handle (C:\Users\Lenovo\Desktop\NewBranch\branch-backend\node_modules\router\index.js:186:3)[39m
[31m    at router (C:\Users\Lenovo\Desktop\NewBranch\branch-backend\node_modules\router\index.js:60:12)[39m
[31m    at Layer.handleRequest (C:\Users\Lenovo\Desktop\NewBranch\branch-backend\node_modules\router\lib\layer.js:152:17)[39m
[31m    at trimPrefix (C:\Users\Lenovo\Desktop\NewBranch\branch-backend\node_modules\router\index.js:342:13)[39m
[2026-08-12 18:17:22:1722] [[31merror[39m]: [31mError: Invalid or expired authentication token.[39m
[31m    at auth (C:\Users\Lenovo\Desktop\NewBranch\branch-backend\src\middleware\auth.middleware.ts:44:13)[39m
[31m    at Layer.handleRequest (C:\Users\Lenovo\Desktop\NewBranch\branch-backend\node_modules\router\lib\layer.js:152:17)[39m
[31m    at trimPrefix (C:\Users\Lenovo\Desktop\NewBranch\branch-backend\node_modules\router\index.js:342:13)[39m
[31m    at C:\Users\Lenovo\Desktop\NewBranch\branch-backend\node_modules\router\index.js:297:9[39m
[31m    at processParams (C:\Users\Lenovo\Desktop\NewBranch\branch-backend\node_modules\router\index.js:582:12)[39m
[31m    at next (C:\Users\Lenovo\Desktop\NewBranch\branch-backend\node_modules\router\index.js:291:5)[39m
[31m    at Function.handle (C:\Users\Lenovo\Desktop\NewBranch\branch-backend\node_modules\router\index.js:186:3)[39m
[31m    at router (C:\Users\Lenovo\Desktop\NewBranch\branch-backend\node_modules\router\index.js:60:12)[39m
[31m    at Layer.handleRequest (C:\Users\Lenovo\Desktop\NewBranch\branch-backend\node_modules\router\lib\layer.js:152:17)[39m
[31m    at trimPrefix (C:\Users\Lenovo\Desktop\NewBranch\branch-backend\node_modules\router\index.js:342:13)[39m
[2026-08-13 10:07:05:75] [[31merror[39m]: [31mError: Invalid or expired authentication token.[39m
[31m    at auth (C:\Users\Lenovo\Desktop\NewBranch\branch-backend\src\middleware\auth.middleware.ts:44:13)[39m
[31m    at Layer.handleRequest (C:\Users\Lenovo\Desktop\NewBranch\branch-backend\node_modules\router\lib\layer.js:152:17)[39m
[31m    at trimPrefix (C:\Users\Lenovo\Desktop\NewBranch\branch-backend\node_modules\router\index.js:342:13)[39m
[31m    at C:\Users\Lenovo\Desktop\NewBranch\branch-backend\node_modules\router\index.js:297:9[39m
[31m    at processParams (C:\Users\Lenovo\Desktop\NewBranch\branch-backend\node_modules\router\index.js:582:12)[39m
[31m    at next (C:\Users\Lenovo\Desktop\NewBranch\branch-backend\node_modules\router\index.js:291:5)[39m
[31m    at Function.handle (C:\Users\Lenovo\Desktop\NewBranch\branch-backend\node_modules\router\index.js:186:3)[39m
[31m    at router (C:\Users\Lenovo\Desktop\NewBranch\branch-backend\node_modules\router\index.js:60:12)[39m
[31m    at Layer.handleRequest (C:\Users\Lenovo\Desktop\NewBranch\branch-backend\node_modules\router\lib\layer.js:152:17)[39m
[31m    at trimPrefix (C:\Users\Lenovo\Desktop\NewBranch\branch-backend\node_modules\router\index.js:342:13)[39m
[2026-08-13 10:07:06:76] [[31merror[39m]: [31mError: Invalid or expired authentication token.[39m
[31m    at auth (C:\Users\Lenovo\Desktop\NewBranch\branch-backend\src\middleware\auth.middleware.ts:44:13)[39m
[31m    at Layer.handleRequest (C:\Users\Lenovo\Desktop\NewBranch\branch-backend\node_modules\router\lib\layer.js:152:17)[39m
[31m    at trimPrefix (C:\Users\Lenovo\Desktop\NewBranch\branch-backend\node_modules\router\index.js:342:13)[39m
[31m    at C:\Users\Lenovo\Desktop\NewBranch\branch-backend\node_modules\router\index.js:297:9[39m
[31m    at processParams (C:\Users\Lenovo\Desktop\NewBranch\branch-backend\node_modules\router\index.js:582:12)[39m
[31m    at next (C:\Users\Lenovo\Desktop\NewBranch\branch-backend\node_modules\router\index.js:291:5)[39m
[31m    at Function.handle (C:\Users\Lenovo\Desktop\NewBranch\branch-backend\node_modules\router\index.js:186:3)[39m
[31m    at router (C:\Users\Lenovo\Desktop\NewBranch\branch-backend\node_modules\router\index.js:60:12)[39m
[31m    at Layer.handleRequest (C:\Users\Lenovo\Desktop\NewBranch\branch-backend\node_modules\router\lib\layer.js:152:17)[39m
[31m    at trimPrefix (C:\Users\Lenovo\Desktop\NewBranch\branch-backend\node_modules\router\index.js:342:13)[39m
[2026-08-13 10:07:06:76] [[31merror[39m]: [31mError: Invalid or expired authentication token.[39m
[31m    at auth (C:\Users\Lenovo\Desktop\NewBranch\branch-backend\src\middleware\auth.middleware.ts:44:13)[39m
[31m    at Layer.handleRequest (C:\Users\Lenovo\Desktop\NewBranch\branch-backend\node_modules\router\lib\layer.js:152:17)[39m
[31m    at trimPrefix (C:\Users\Lenovo\Desktop\NewBranch\branch-backend\node_modules\router\index.js:342:13)[39m
[31m    at C:\Users\Lenovo\Desktop\NewBranch\branch-backend\node_modules\router\index.js:297:9[39m
[31m    at processParams (C:\Users\Lenovo\Desktop\NewBranch\branch-backend\node_modules\router\index.js:582:12)[39m
[31m    at next (C:\Users\Lenovo\Desktop\NewBranch\branch-backend\node_modules\router\index.js:291:5)[39m
[31m    at Function.handle (C:\Users\Lenovo\Desktop\NewBranch\branch-backend\node_modules\router\index.js:186:3)[39m
[31m    at router (C:\Users\Lenovo\Desktop\NewBranch\branch-backend\node_modules\router\index.js:60:12)[39m
[31m    at Layer.handleRequest (C:\Users\Lenovo\Desktop\NewBranch\branch-backend\node_modules\router\lib\layer.js:152:17)[39m
[31m    at trimPrefix (C:\Users\Lenovo\Desktop\NewBranch\branch-backend\node_modules\router\index.js:342:13)[39m
[2026-08-13 12:51:52:5152] [[31merror[39m]: [31mError: Invalid or expired authentication token.[39m
[31m    at auth (C:\Users\Lenovo\Desktop\NewBranch\branch-backend\src\middleware\auth.middleware.ts:44:13)[39m
[31m    at Layer.handleRequest (C:\Users\Lenovo\Desktop\NewBranch\branch-backend\node_modules\router\lib\layer.js:152:17)[39m
[31m    at trimPrefix (C:\Users\Lenovo\Desktop\NewBranch\branch-backend\node_modules\router\index.js:342:13)[39m
[31m    at C:\Users\Lenovo\Desktop\NewBranch\branch-backend\node_modules\router\index.js:297:9[39m
[31m    at processParams (C:\Users\Lenovo\Desktop\NewBranch\branch-backend\node_modules\router\index.js:582:12)[39m
[31m    at next (C:\Users\Lenovo\Desktop\NewBranch\branch-backend\node_modules\router\index.js:291:5)[39m
[31m    at Function.handle (C:\Users\Lenovo\Desktop\NewBranch\branch-backend\node_modules\router\index.js:186:3)[39m
[31m    at router (C:\Users\Lenovo\Desktop\NewBranch\branch-backend\node_modules\router\index.js:60:12)[39m
[31m    at Layer.handleRequest (C:\Users\Lenovo\Desktop\NewBranch\branch-backend\node_modules\router\lib\layer.js:152:17)[39m
[31m    at trimPrefix (C:\Users\Lenovo\Desktop\NewBranch\branch-backend\node_modules\router\index.js:342:13)[39m
[2026-08-18 10:01:30:130] [[31merror[39m]: [31mError: Invalid or expired authentication token.[39m
[31m    at auth (C:\Users\Lenovo\Desktop\NewBranch\branch-backend\src\middleware\auth.middleware.ts:44:13)[39m
[31m    at Layer.handleRequest (C:\Users\Lenovo\Desktop\NewBranch\branch-backend\node_modules\router\lib\layer.js:152:17)[39m
[31m    at trimPrefix (C:\Users\Lenovo\Desktop\NewBranch\branch-backend\node_modules\router\index.js:342:13)[39m
[31m    at C:\Users\Lenovo\Desktop\NewBranch\branch-backend\node_modules\router\index.js:297:9[39m
[31m    at processParams (C:\Users\Lenovo\Desktop\NewBranch\branch-backend\node_modules\router\index.js:582:12)[39m
[31m    at next (C:\Users\Lenovo\Desktop\NewBranch\branch-backend\node_modules\router\index.js:291:5)[39m
[31m    at Function.handle (C:\Users\Lenovo\Desktop\NewBranch\branch-backend\node_modules\router\index.js:186:3)[39m
[31m    at router (C:\Users\Lenovo\Desktop\NewBranch\branch-backend\node_modules\router\index.js:60:12)[39m
[31m    at Layer.handleRequest (C:\Users\Lenovo\Desktop\NewBranch\branch-backend\node_modules\router\lib\layer.js:152:17)[39m
[31m    at trimPrefix (C:\Users\Lenovo\Desktop\NewBranch\branch-backend\node_modules\router\index.js:342:13)[39m
[2026-08-18 10:01:40:140] [[31merror[39m]: [31mPrismaClientInitializationError: [39m
[31mInvalid `prisma.users.findUnique()` invocation in[39m
[31mC:\Users\Lenovo\Desktop\NewBranch\branch-backend\src\modules\auth\auth.service.ts:151:37[39m

[31m  148 }[39m
[31m  149 [39m
[31m  150 // Verify user still exists and is active[39m
[31m→ 151 const user = await prisma.users.findUnique([39m
[31mTimed out fetching a new connection from the connection pool. More info: http://pris.ly/d/connection-pool (Current connection pool timeout: 10, connection limit: 21)[39m
[31m    at $n.handleRequestError (C:\Users\Lenovo\Desktop\NewBranch\branch-backend\node_modules\@prisma\client\runtime\library.js:121:7615)[39m
[31m    at $n.handleAndLogRequestError (C:\Users\Lenovo\Desktop\NewBranch\branch-backend\node_modules\@prisma\client\runtime\library.js:121:6623)[39m
[31m    at $n.request (C:\Users\Lenovo\Desktop\NewBranch\branch-backend\node_modules\@prisma\client\runtime\library.js:121:6307)[39m
[31m    at async l (C:\Users\Lenovo\Desktop\NewBranch\branch-backend\node_modules\@prisma\client\runtime\library.js:130:9633)[39m
[31m    at async AuthService.refresh (C:\Users\Lenovo\Desktop\NewBranch\branch-backend\src\modules\auth\auth.service.ts:151:18)[39m
[31m    at async refresh (C:\Users\Lenovo\Desktop\NewBranch\branch-backend\src\modules\auth\auth.controller.ts:55:45)[39m
[2026-08-18 10:02:01:21] [[31merror[39m]: [31mPrismaClientInitializationError: [39m
[31mInvalid `prisma.users.findFirst()` invocation in[39m
[31mC:\Users\Lenovo\Desktop\NewBranch\branch-backend\src\modules\auth\auth.service.ts:69:37[39m

[31m  66   throw new BadRequestError('Email and password are required.');[39m
[31m  67 }[39m
[31m  68 [39m
[31m→ 69 const user = await prisma.users.findFirst([39m
[31mTimed out fetching a new connection from the connection pool. More info: http://pris.ly/d/connection-pool (Current connection pool timeout: 10, connection limit: 21)[39m
[31m    at $n.handleRequestError (C:\Users\Lenovo\Desktop\NewBranch\branch-backend\node_modules\@prisma\client\runtime\library.js:121:7615)[39m
[31m    at $n.handleAndLogRequestError (C:\Users\Lenovo\Desktop\NewBranch\branch-backend\node_modules\@prisma\client\runtime\library.js:121:6623)[39m
[31m    at $n.request (C:\Users\Lenovo\Desktop\NewBranch\branch-backend\node_modules\@prisma\client\runtime\library.js:121:6307)[39m
[31m    at async l (C:\Users\Lenovo\Desktop\NewBranch\branch-backend\node_modules\@prisma\client\runtime\library.js:130:9633)[39m
[31m    at async AuthService.login (C:\Users\Lenovo\Desktop\NewBranch\branch-backend\src\modules\auth\auth.service.ts:69:18)[39m
[31m    at async login (C:\Users\Lenovo\Desktop\NewBranch\branch-backend\src\modules\auth\auth.controller.ts:37:51)[39m
[2026-08-18 10:19:09:199] [[31merror[39m]: [31mError: Invalid or expired authentication token.[39m
[31m    at auth (C:\Users\Lenovo\Desktop\NewBranch\branch-backend\src\middleware\auth.middleware.ts:44:13)[39m
[31m    at Layer.handleRequest (C:\Users\Lenovo\Desktop\NewBranch\branch-backend\node_modules\router\lib\layer.js:152:17)[39m
[31m    at trimPrefix (C:\Users\Lenovo\Desktop\NewBranch\branch-backend\node_modules\router\index.js:342:13)[39m
[31m    at C:\Users\Lenovo\Desktop\NewBranch\branch-backend\node_modules\router\index.js:297:9[39m
[31m    at processParams (C:\Users\Lenovo\Desktop\NewBranch\branch-backend\node_modules\router\index.js:582:12)[39m
[31m    at next (C:\Users\Lenovo\Desktop\NewBranch\branch-backend\node_modules\router\index.js:291:5)[39m
[31m    at Function.handle (C:\Users\Lenovo\Desktop\NewBranch\branch-backend\node_modules\router\index.js:186:3)[39m
[31m    at router (C:\Users\Lenovo\Desktop\NewBranch\branch-backend\node_modules\router\index.js:60:12)[39m
[31m    at Layer.handleRequest (C:\Users\Lenovo\Desktop\NewBranch\branch-backend\node_modules\router\lib\layer.js:152:17)[39m
[31m    at trimPrefix (C:\Users\Lenovo\Desktop\NewBranch\branch-backend\node_modules\router\index.js:342:13)[39m
[2026-08-18 10:19:09:199] [[31merror[39m]: [31mError: Invalid or expired authentication token.[39m
[31m    at auth (C:\Users\Lenovo\Desktop\NewBranch\branch-backend\src\middleware\auth.middleware.ts:44:13)[39m
[31m    at Layer.handleRequest (C:\Users\Lenovo\Desktop\NewBranch\branch-backend\node_modules\router\lib\layer.js:152:17)[39m
[31m    at trimPrefix (C:\Users\Lenovo\Desktop\NewBranch\branch-backend\node_modules\router\index.js:342:13)[39m
[31m    at C:\Users\Lenovo\Desktop\NewBranch\branch-backend\node_modules\router\index.js:297:9[39m
[31m    at processParams (C:\Users\Lenovo\Desktop\NewBranch\branch-backend\node_modules\router\index.js:582:12)[39m
[31m    at next (C:\Users\Lenovo\Desktop\NewBranch\branch-backend\node_modules\router\index.js:291:5)[39m
[31m    at Function.handle (C:\Users\Lenovo\Desktop\NewBranch\branch-backend\node_modules\router\index.js:186:3)[39m
[31m    at router (C:\Users\Lenovo\Desktop\NewBranch\branch-backend\node_modules\router\index.js:60:12)[39m
[31m    at Layer.handleRequest (C:\Users\Lenovo\Desktop\NewBranch\branch-backend\node_modules\router\lib\layer.js:152:17)[39m
[31m    at trimPrefix (C:\Users\Lenovo\Desktop\NewBranch\branch-backend\node_modules\router\index.js:342:13)[39m
[2026-08-18 10:19:09:199] [[31merror[39m]: [31mError: Invalid or expired authentication token.[39m
[31m    at auth (C:\Users\Lenovo\Desktop\NewBranch\branch-backend\src\middleware\auth.middleware.ts:44:13)[39m
[31m    at Layer.handleRequest (C:\Users\Lenovo\Desktop\NewBranch\branch-backend\node_modules\router\lib\layer.js:152:17)[39m
[31m    at trimPrefix (C:\Users\Lenovo\Desktop\NewBranch\branch-backend\node_modules\router\index.js:342:13)[39m
[31m    at C:\Users\Lenovo\Desktop\NewBranch\branch-backend\node_modules\router\index.js:297:9[39m
[31m    at processParams (C:\Users\Lenovo\Desktop\NewBranch\branch-backend\node_modules\router\index.js:582:12)[39m
[31m    at next (C:\Users\Lenovo\Desktop\NewBranch\branch-backend\node_modules\router\index.js:291:5)[39m
[31m    at Function.handle (C:\Users\Lenovo\Desktop\NewBranch\branch-backend\node_modules\router\index.js:186:3)[39m
[31m    at router (C:\Users\Lenovo\Desktop\NewBranch\branch-backend\node_modules\router\index.js:60:12)[39m
[31m    at Layer.handleRequest (C:\Users\Lenovo\Desktop\NewBranch\branch-backend\node_modules\router\lib\layer.js:152:17)[39m
[31m    at trimPrefix (C:\Users\Lenovo\Desktop\NewBranch\branch-backend\node_modules\router\index.js:342:13)[39m
[2026-08-18 10:19:09:199] [[31merror[39m]: [31mError: Invalid or expired authentication token.[39m
[31m    at auth (C:\Users\Lenovo\Desktop\NewBranch\branch-backend\src\middleware\auth.middleware.ts:44:13)[39m
[31m    at Layer.handleRequest (C:\Users\Lenovo\Desktop\NewBranch\branch-backend\node_modules\router\lib\layer.js:152:17)[39m
[31m    at trimPrefix (C:\Users\Lenovo\Desktop\NewBranch\branch-backend\node_modules\router\index.js:342:13)[39m
[31m    at C:\Users\Lenovo\Desktop\NewBranch\branch-backend\node_modules\router\index.js:297:9[39m
[31m    at processParams (C:\Users\Lenovo\Desktop\NewBranch\branch-backend\node_modules\router\index.js:582:12)[39m
[31m    at next (C:\Users\Lenovo\Desktop\NewBranch\branch-backend\node_modules\router\index.js:291:5)[39m
[31m    at Function.handle (C:\Users\Lenovo\Desktop\NewBranch\branch-backend\node_modules\router\index.js:186:3)[39m
[31m    at router (C:\Users\Lenovo\Desktop\NewBranch\branch-backend\node_modules\router\index.js:60:12)[39m
[31m    at Layer.handleRequest (C:\Users\Lenovo\Desktop\NewBranch\branch-backend\node_modules\router\lib\layer.js:152:17)[39m
[31m    at trimPrefix (C:\Users\Lenovo\Desktop\NewBranch\branch-backend\node_modules\router\index.js:342:13)[39m
[2026-08-18 10:36:07:367] [[31merror[39m]: [31mError: Invalid or expired authentication token.[39m
[31m    at auth (C:\Users\Lenovo\Desktop\NewBranch\branch-backend\src\middleware\auth.middleware.ts:44:13)[39m
[31m    at Layer.handleRequest (C:\Users\Lenovo\Desktop\NewBranch\branch-backend\node_modules\router\lib\layer.js:152:17)[39m
[31m    at trimPrefix (C:\Users\Lenovo\Desktop\NewBranch\branch-backend\node_modules\router\index.js:342:13)[39m
[31m    at C:\Users\Lenovo\Desktop\NewBranch\branch-backend\node_modules\router\index.js:297:9[39m
[31m    at processParams (C:\Users\Lenovo\Desktop\NewBranch\branch-backend\node_modules\router\index.js:582:12)[39m
[31m    at next (C:\Users\Lenovo\Desktop\NewBranch\branch-backend\node_modules\router\index.js:291:5)[39m
[31m    at Function.handle (C:\Users\Lenovo\Desktop\NewBranch\branch-backend\node_modules\router\index.js:186:3)[39m
[31m    at router (C:\Users\Lenovo\Desktop\NewBranch\branch-backend\node_modules\router\index.js:60:12)[39m
[31m    at Layer.handleRequest (C:\Users\Lenovo\Desktop\NewBranch\branch-backend\node_modules\router\lib\layer.js:152:17)[39m
[31m    at trimPrefix (C:\Users\Lenovo\Desktop\NewBranch\branch-backend\node_modules\router\index.js:342:13)[39m
[2026-08-18 10:36:07:367] [[31merror[39m]: [31mError: Invalid or expired authentication token.[39m
[31m    at auth (C:\Users\Lenovo\Desktop\NewBranch\branch-backend\src\middleware\auth.middleware.ts:44:13)[39m
[31m    at Layer.handleRequest (C:\Users\Lenovo\Desktop\NewBranch\branch-backend\node_modules\router\lib\layer.js:152:17)[39m
[31m    at trimPrefix (C:\Users\Lenovo\Desktop\NewBranch\branch-backend\node_modules\router\index.js:342:13)[39m
[31m    at C:\Users\Lenovo\Desktop\NewBranch\branch-backend\node_modules\router\index.js:297:9[39m
[31m    at processParams (C:\Users\Lenovo\Desktop\NewBranch\branch-backend\node_modules\router\index.js:582:12)[39m
[31m    at next (C:\Users\Lenovo\Desktop\NewBranch\branch-backend\node_modules\router\index.js:291:5)[39m
[31m    at Function.handle (C:\Users\Lenovo\Desktop\NewBranch\branch-backend\node_modules\router\index.js:186:3)[39m
[31m    at router (C:\Users\Lenovo\Desktop\NewBranch\branch-backend\node_modules\router\index.js:60:12)[39m
[31m    at Layer.handleRequest (C:\Users\Lenovo\Desktop\NewBranch\branch-backend\node_modules\router\lib\layer.js:152:17)[39m
[31m    at trimPrefix (C:\Users\Lenovo\Desktop\NewBranch\branch-backend\node_modules\router\index.js:342:13)[39m
[2026-08-18 10:36:07:367] [[31merror[39m]: [31mError: Invalid or expired authentication token.[39m
[31m    at auth (C:\Users\Lenovo\Desktop\NewBranch\branch-backend\src\middleware\auth.middleware.ts:44:13)[39m
[31m    at Layer.handleRequest (C:\Users\Lenovo\Desktop\NewBranch\branch-backend\node_modules\router\lib\layer.js:152:17)[39m
[31m    at trimPrefix (C:\Users\Lenovo\Desktop\NewBranch\branch-backend\node_modules\router\index.js:342:13)[39m
[31m    at C:\Users\Lenovo\Desktop\NewBranch\branch-backend\node_modules\router\index.js:297:9[39m
[31m    at processParams (C:\Users\Lenovo\Desktop\NewBranch\branch-backend\node_modules\router\index.js:582:12)[39m
[31m    at next (C:\Users\Lenovo\Desktop\NewBranch\branch-backend\node_modules\router\index.js:291:5)[39m
[31m    at Function.handle (C:\Users\Lenovo\Desktop\NewBranch\branch-backend\node_modules\router\index.js:186:3)[39m
[31m    at router (C:\Users\Lenovo\Desktop\NewBranch\branch-backend\node_modules\router\index.js:60:12)[39m
[31m    at Layer.handleRequest (C:\Users\Lenovo\Desktop\NewBranch\branch-backend\node_modules\router\lib\layer.js:152:17)[39m
[31m    at trimPrefix (C:\Users\Lenovo\Desktop\NewBranch\branch-backend\node_modules\router\index.js:342:13)[39m
[2026-08-18 10:36:09:369] [[31merror[39m]: [31mError: Invalid email or password.[39m
[31m    at AuthService.login (C:\Users\Lenovo\Desktop\NewBranch\branch-backend\src\modules\auth\auth.service.ts:79:13)[39m
[31m    at async login (C:\Users\Lenovo\Desktop\NewBranch\branch-backend\src\modules\auth\auth.controller.ts:37:51)[39m
[2026-08-18 10:36:09:369] [[31merror[39m]: [31mError: Refresh token is missing.[39m
[31m    at AuthService.refresh (C:\Users\Lenovo\Desktop\NewBranch\branch-backend\src\modules\auth\auth.service.ts:127:13)[39m
[31m    at refresh (C:\Users\Lenovo\Desktop\NewBranch\branch-backend\src\modules\auth\auth.controller.ts:55:63)[39m
[31m    at Layer.handleRequest (C:\Users\Lenovo\Desktop\NewBranch\branch-backend\node_modules\router\lib\layer.js:152:17)[39m
[31m    at next (C:\Users\Lenovo\Desktop\NewBranch\branch-backend\node_modules\router\lib\route.js:157:13)[39m
[31m    at Route.dispatch (C:\Users\Lenovo\Desktop\NewBranch\branch-backend\node_modules\router\lib\route.js:117:3)[39m
[31m    at handle (C:\Users\Lenovo\Desktop\NewBranch\branch-backend\node_modules\router\index.js:435:11)[39m
[31m    at Layer.handleRequest (C:\Users\Lenovo\Desktop\NewBranch\branch-backend\node_modules\router\lib\layer.js:152:17)[39m
[31m    at C:\Users\Lenovo\Desktop\NewBranch\branch-backend\node_modules\router\index.js:295:15[39m
[31m    at processParams (C:\Users\Lenovo\Desktop\NewBranch\branch-backend\node_modules\router\index.js:582:12)[39m
[31m    at next (C:\Users\Lenovo\Desktop\NewBranch\branch-backend\node_modules\router\index.js:291:5)[39m
[2026-08-18 10:41:24:4124] [[31merror[39m]: [31mError: Invalid email or password.[39m
[31m    at AuthService.login (C:\Users\Lenovo\Desktop\NewBranch\branch-backend\src\modules\auth\auth.service.ts:79:13)[39m
[31m    at async login (C:\Users\Lenovo\Desktop\NewBranch\branch-backend\src\modules\auth\auth.controller.ts:37:51)[39m
[2026-08-18 10:41:24:4124] [[31merror[39m]: [31mError: Refresh token is missing.[39m
[31m    at AuthService.refresh (C:\Users\Lenovo\Desktop\NewBranch\branch-backend\src\modules\auth\auth.service.ts:127:13)[39m
[31m    at refresh (C:\Users\Lenovo\Desktop\NewBranch\branch-backend\src\modules\auth\auth.controller.ts:55:63)[39m
[31m    at Layer.handleRequest (C:\Users\Lenovo\Desktop\NewBranch\branch-backend\node_modules\router\lib\layer.js:152:17)[39m
[31m    at next (C:\Users\Lenovo\Desktop\NewBranch\branch-backend\node_modules\router\lib\route.js:157:13)[39m
[31m    at Route.dispatch (C:\Users\Lenovo\Desktop\NewBranch\branch-backend\node_modules\router\lib\route.js:117:3)[39m
[31m    at handle (C:\Users\Lenovo\Desktop\NewBranch\branch-backend\node_modules\router\index.js:435:11)[39m
[31m    at Layer.handleRequest (C:\Users\Lenovo\Desktop\NewBranch\branch-backend\node_modules\router\lib\layer.js:152:17)[39m
[31m    at C:\Users\Lenovo\Desktop\NewBranch\branch-backend\node_modules\router\index.js:295:15[39m
[31m    at processParams (C:\Users\Lenovo\Desktop\NewBranch\branch-backend\node_modules\router\index.js:582:12)[39m
[31m    at next (C:\Users\Lenovo\Desktop\NewBranch\branch-backend\node_modules\router\index.js:291:5)[39m
[2026-09-14 16:51:28:5128] [[31merror[39m]: [31mError: Invalid or expired authentication token.[39m
[31m    at auth (C:\Users\Lenovo\Desktop\NewBranch\branch-backend\src\middleware\auth.middleware.ts:44:13)[39m
[31m    at Layer.handleRequest (C:\Users\Lenovo\Desktop\NewBranch\branch-backend\node_modules\router\lib\layer.js:152:17)[39m
[31m    at trimPrefix (C:\Users\Lenovo\Desktop\NewBranch\branch-backend\node_modules\router\index.js:342:13)[39m
[31m    at C:\Users\Lenovo\Desktop\NewBranch\branch-backend\node_modules\router\index.js:297:9[39m
[31m    at processParams (C:\Users\Lenovo\Desktop\NewBranch\branch-backend\node_modules\router\index.js:582:12)[39m
[31m    at next (C:\Users\Lenovo\Desktop\NewBranch\branch-backend\node_modules\router\index.js:291:5)[39m
[31m    at Function.handle (C:\Users\Lenovo\Desktop\NewBranch\branch-backend\node_modules\router\index.js:186:3)[39m
[31m    at router (C:\Users\Lenovo\Desktop\NewBranch\branch-backend\node_modules\router\index.js:60:12)[39m
[31m    at Layer.handleRequest (C:\Users\Lenovo\Desktop\NewBranch\branch-backend\node_modules\router\lib\layer.js:152:17)[39m
[31m    at trimPrefix (C:\Users\Lenovo\Desktop\NewBranch\branch-backend\node_modules\router\index.js:342:13)[39m
[2026-09-14 16:51:28:5128] [[31merror[39m]: [31mError: Invalid or expired authentication token.[39m
[31m    at auth (C:\Users\Lenovo\Desktop\NewBranch\branch-backend\src\middleware\auth.middleware.ts:44:13)[39m
[31m    at Layer.handleRequest (C:\Users\Lenovo\Desktop\NewBranch\branch-backend\node_modules\router\lib\layer.js:152:17)[39m
[31m    at trimPrefix (C:\Users\Lenovo\Desktop\NewBranch\branch-backend\node_modules\router\index.js:342:13)[39m
[31m    at C:\Users\Lenovo\Desktop\NewBranch\branch-backend\node_modules\router\index.js:297:9[39m
[31m    at processParams (C:\Users\Lenovo\Desktop\NewBranch\branch-backend\node_modules\router\index.js:582:12)[39m
[31m    at next (C:\Users\Lenovo\Desktop\NewBranch\branch-backend\node_modules\router\index.js:291:5)[39m
[31m    at Function.handle (C:\Users\Lenovo\Desktop\NewBranch\branch-backend\node_modules\router\index.js:186:3)[39m
[31m    at router (C:\Users\Lenovo\Desktop\NewBranch\branch-backend\node_modules\router\index.js:60:12)[39m
[31m    at Layer.handleRequest (C:\Users\Lenovo\Desktop\NewBranch\branch-backend\node_modules\router\lib\layer.js:152:17)[39m
[31m    at trimPrefix (C:\Users\Lenovo\Desktop\NewBranch\branch-backend\node_modules\router\index.js:342:13)[39m
[2026-09-14 16:51:28:5128] [[31merror[39m]: [31mError: Invalid or expired authentication token.[39m
[31m    at auth (C:\Users\Lenovo\Desktop\NewBranch\branch-backend\src\middleware\auth.middleware.ts:44:13)[39m
[31m    at Layer.handleRequest (C:\Users\Lenovo\Desktop\NewBranch\branch-backend\node_modules\router\lib\layer.js:152:17)[39m
[31m    at trimPrefix (C:\Users\Lenovo\Desktop\NewBranch\branch-backend\node_modules\router\index.js:342:13)[39m
[31m    at C:\Users\Lenovo\Desktop\NewBranch\branch-backend\node_modules\router\index.js:297:9[39m
[31m    at processParams (C:\Users\Lenovo\Desktop\NewBranch\branch-backend\node_modules\router\index.js:582:12)[39m
[31m    at next (C:\Users\Lenovo\Desktop\NewBranch\branch-backend\node_modules\router\index.js:291:5)[39m
[31m    at Function.handle (C:\Users\Lenovo\Desktop\NewBranch\branch-backend\node_modules\router\index.js:186:3)[39m
[31m    at router (C:\Users\Lenovo\Desktop\NewBranch\branch-backend\node_modules\router\index.js:60:12)[39m
[31m    at Layer.handleRequest (C:\Users\Lenovo\Desktop\NewBranch\branch-backend\node_modules\router\lib\layer.js:152:17)[39m
[31m    at trimPrefix (C:\Users\Lenovo\Desktop\NewBranch\branch-backend\node_modules\router\index.js:342:13)[39m
[2026-09-14 16:51:28:5128] [[31merror[39m]: [31mError: Invalid or expired authentication token.[39m
[31m    at auth (C:\Users\Lenovo\Desktop\NewBranch\branch-backend\src\middleware\auth.middleware.ts:44:13)[39m
[31m    at Layer.handleRequest (C:\Users\Lenovo\Desktop\NewBranch\branch-backend\node_modules\router\lib\layer.js:152:17)[39m
[31m    at trimPrefix (C:\Users\Lenovo\Desktop\NewBranch\branch-backend\node_modules\router\index.js:342:13)[39m
[31m    at C:\Users\Lenovo\Desktop\NewBranch\branch-backend\node_modules\router\index.js:297:9[39m
[31m    at processParams (C:\Users\Lenovo\Desktop\NewBranch\branch-backend\node_modules\router\index.js:582:12)[39m
[31m    at next (C:\Users\Lenovo\Desktop\NewBranch\branch-backend\node_modules\router\index.js:291:5)[39m
[31m    at Function.handle (C:\Users\Lenovo\Desktop\NewBranch\branch-backend\node_modules\router\index.js:186:3)[39m
[31m    at router (C:\Users\Lenovo\Desktop\NewBranch\branch-backend\node_modules\router\index.js:60:12)[39m
[31m    at Layer.handleRequest (C:\Users\Lenovo\Desktop\NewBranch\branch-backend\node_modules\router\lib\layer.js:152:17)[39m
[31m    at trimPrefix (C:\Users\Lenovo\Desktop\NewBranch\branch-backend\node_modules\router\index.js:342:13)[39m
[2026-09-14 16:51:28:5128] [[31merror[39m]: [31mError: Invalid or expired authentication token.[39m
[31m    at auth (C:\Users\Lenovo\Desktop\NewBranch\branch-backend\src\middleware\auth.middleware.ts:44:13)[39m
[31m    at Layer.handleRequest (C:\Users\Lenovo\Desktop\NewBranch\branch-backend\node_modules\router\lib\layer.js:152:17)[39m
[31m    at trimPrefix (C:\Users\Lenovo\Desktop\NewBranch\branch-backend\node_modules\router\index.js:342:13)[39m
[31m    at C:\Users\Lenovo\Desktop\NewBranch\branch-backend\node_modules\router\index.js:297:9[39m
[31m    at processParams (C:\Users\Lenovo\Desktop\NewBranch\branch-backend\node_modules\router\index.js:582:12)[39m
[31m    at next (C:\Users\Lenovo\Desktop\NewBranch\branch-backend\node_modules\router\index.js:291:5)[39m
[31m    at Function.handle (C:\Users\Lenovo\Desktop\NewBranch\branch-backend\node_modules\router\index.js:186:3)[39m
[31m    at router (C:\Users\Lenovo\Desktop\NewBranch\branch-backend\node_modules\router\index.js:60:12)[39m
[31m    at Layer.handleRequest (C:\Users\Lenovo\Desktop\NewBranch\branch-backend\node_modules\router\lib\layer.js:152:17)[39m
[31m    at trimPrefix (C:\Users\Lenovo\Desktop\NewBranch\branch-backend\node_modules\router\index.js:342:13)[39m
[2026-09-14 16:51:28:5128] [[31merror[39m]: [31mError: Invalid or expired authentication token.[39m
[31m    at auth (C:\Users\Lenovo\Desktop\NewBranch\branch-backend\src\middleware\auth.middleware.ts:44:13)[39m
[31m    at Layer.handleRequest (C:\Users\Lenovo\Desktop\NewBranch\branch-backend\node_modules\router\lib\layer.js:152:17)[39m
[31m    at trimPrefix (C:\Users\Lenovo\Desktop\NewBranch\branch-backend\node_modules\router\index.js:342:13)[39m
[31m    at C:\Users\Lenovo\Desktop\NewBranch\branch-backend\node_modules\router\index.js:297:9[39m
[31m    at processParams (C:\Users\Lenovo\Desktop\NewBranch\branch-backend\node_modules\router\index.js:582:12)[39m
[31m    at next (C:\Users\Lenovo\Desktop\NewBranch\branch-backend\node_modules\router\index.js:291:5)[39m
[31m    at Function.handle (C:\Users\Lenovo\Desktop\NewBranch\branch-backend\node_modules\router\index.js:186:3)[39m
[31m    at router (C:\Users\Lenovo\Desktop\NewBranch\branch-backend\node_modules\router\index.js:60:12)[39m
[31m    at Layer.handleRequest (C:\Users\Lenovo\Desktop\NewBranch\branch-backend\node_modules\router\lib\layer.js:152:17)[39m
[31m    at trimPrefix (C:\Users\Lenovo\Desktop\NewBranch\branch-backend\node_modules\router\index.js:342:13)[39m
[2026-09-14 16:51:28:5128] [[31merror[39m]: [31mError: Invalid or expired authentication token.[39m
[31m    at auth (C:\Users\Lenovo\Desktop\NewBranch\branch-backend\src\middleware\auth.middleware.ts:44:13)[39m
[31m    at Layer.handleRequest (C:\Users\Lenovo\Desktop\NewBranch\branch-backend\node_modules\router\lib\layer.js:152:17)[39m
[31m    at trimPrefix (C:\Users\Lenovo\Desktop\NewBranch\branch-backend\node_modules\router\index.js:342:13)[39m
[31m    at C:\Users\Lenovo\Desktop\NewBranch\branch-backend\node_modules\router\index.js:297:9[39m
[31m    at processParams (C:\Users\Lenovo\Desktop\NewBranch\branch-backend\node_modules\router\index.js:582:12)[39m
[31m    at next (C:\Users\Lenovo\Desktop\NewBranch\branch-backend\node_modules\router\index.js:291:5)[39m
[31m    at Function.handle (C:\Users\Lenovo\Desktop\NewBranch\branch-backend\node_modules\router\index.js:186:3)[39m
[31m    at router (C:\Users\Lenovo\Desktop\NewBranch\branch-backend\node_modules\router\index.js:60:12)[39m
[31m    at Layer.handleRequest (C:\Users\Lenovo\Desktop\NewBranch\branch-backend\node_modules\router\lib\layer.js:152:17)[39m
[31m    at trimPrefix (C:\Users\Lenovo\Desktop\NewBranch\branch-backend\node_modules\router\index.js:342:13)[39m
[2026-09-14 17:06:53:653] [[31merror[39m]: [31mError: Invalid or expired authentication token.[39m
[31m    at auth (C:\Users\Lenovo\Desktop\NewBranch\branch-backend\src\middleware\auth.middleware.ts:44:13)[39m
[31m    at Layer.handleRequest (C:\Users\Lenovo\Desktop\NewBranch\branch-backend\node_modules\router\lib\layer.js:152:17)[39m
[31m    at trimPrefix (C:\Users\Lenovo\Desktop\NewBranch\branch-backend\node_modules\router\index.js:342:13)[39m
[31m    at C:\Users\Lenovo\Desktop\NewBranch\branch-backend\node_modules\router\index.js:297:9[39m
[31m    at processParams (C:\Users\Lenovo\Desktop\NewBranch\branch-backend\node_modules\router\index.js:582:12)[39m
[31m    at next (C:\Users\Lenovo\Desktop\NewBranch\branch-backend\node_modules\router\index.js:291:5)[39m
[31m    at Function.handle (C:\Users\Lenovo\Desktop\NewBranch\branch-backend\node_modules\router\index.js:186:3)[39m
[31m    at router (C:\Users\Lenovo\Desktop\NewBranch\branch-backend\node_modules\router\index.js:60:12)[39m
[31m    at Layer.handleRequest (C:\Users\Lenovo\Desktop\NewBranch\branch-backend\node_modules\router\lib\layer.js:152:17)[39m
[31m    at trimPrefix (C:\Users\Lenovo\Desktop\NewBranch\branch-backend\node_modules\router\index.js:342:13)[39m
[2026-09-14 17:25:13:2513] [[31merror[39m]: [31mError: Invalid or expired authentication token.[39m
[31m    at auth (C:\Users\Lenovo\Desktop\NewBranch\branch-backend\src\middleware\auth.middleware.ts:44:13)[39m
[31m    at Layer.handleRequest (C:\Users\Lenovo\Desktop\NewBranch\branch-backend\node_modules\router\lib\layer.js:152:17)[39m
[31m    at trimPrefix (C:\Users\Lenovo\Desktop\NewBranch\branch-backend\node_modules\router\index.js:342:13)[39m
[31m    at C:\Users\Lenovo\Desktop\NewBranch\branch-backend\node_modules\router\index.js:297:9[39m
[31m    at processParams (C:\Users\Lenovo\Desktop\NewBranch\branch-backend\node_modules\router\index.js:582:12)[39m
[31m    at next (C:\Users\Lenovo\Desktop\NewBranch\branch-backend\node_modules\router\index.js:291:5)[39m
[31m    at Function.handle (C:\Users\Lenovo\Desktop\NewBranch\branch-backend\node_modules\router\index.js:186:3)[39m
[31m    at router (C:\Users\Lenovo\Desktop\NewBranch\branch-backend\node_modules\router\index.js:60:12)[39m
[31m    at Layer.handleRequest (C:\Users\Lenovo\Desktop\NewBranch\branch-backend\node_modules\router\lib\layer.js:152:17)[39m
[31m    at trimPrefix (C:\Users\Lenovo\Desktop\NewBranch\branch-backend\node_modules\router\index.js:342:13)[39m
[2026-09-14 17:40:50:4050] [[31merror[39m]: [31mError: Invalid or expired authentication token.[39m
[31m    at auth (C:\Users\Lenovo\Desktop\NewBranch\branch-backend\src\middleware\auth.middleware.ts:44:13)[39m
[31m    at Layer.handleRequest (C:\Users\Lenovo\Desktop\NewBranch\branch-backend\node_modules\router\lib\layer.js:152:17)[39m
[31m    at trimPrefix (C:\Users\Lenovo\Desktop\NewBranch\branch-backend\node_modules\router\index.js:342:13)[39m
[31m    at C:\Users\Lenovo\Desktop\NewBranch\branch-backend\node_modules\router\index.js:297:9[39m
[31m    at processParams (C:\Users\Lenovo\Desktop\NewBranch\branch-backend\node_modules\router\index.js:582:12)[39m
[31m    at next (C:\Users\Lenovo\Desktop\NewBranch\branch-backend\node_modules\router\index.js:291:5)[39m
[31m    at Function.handle (C:\Users\Lenovo\Desktop\NewBranch\branch-backend\node_modules\router\index.js:186:3)[39m
[31m    at router (C:\Users\Lenovo\Desktop\NewBranch\branch-backend\node_modules\router\index.js:60:12)[39m
[31m    at Layer.handleRequest (C:\Users\Lenovo\Desktop\NewBranch\branch-backend\node_modules\router\lib\layer.js:152:17)[39m
[31m    at trimPrefix (C:\Users\Lenovo\Desktop\NewBranch\branch-backend\node_modules\router\index.js:342:13)[39m
[2026-09-14 18:04:11:411] [[31merror[39m]: [31mError: Invalid or expired authentication token.[39m
[31m    at auth (C:\Users\Lenovo\Desktop\NewBranch\branch-backend\src\middleware\auth.middleware.ts:44:13)[39m
[31m    at Layer.handleRequest (C:\Users\Lenovo\Desktop\NewBranch\branch-backend\node_modules\router\lib\layer.js:152:17)[39m
[31m    at trimPrefix (C:\Users\Lenovo\Desktop\NewBranch\branch-backend\node_modules\router\index.js:342:13)[39m
[31m    at C:\Users\Lenovo\Desktop\NewBranch\branch-backend\node_modules\router\index.js:297:9[39m
[31m    at processParams (C:\Users\Lenovo\Desktop\NewBranch\branch-backend\node_modules\router\index.js:582:12)[39m
[31m    at next (C:\Users\Lenovo\Desktop\NewBranch\branch-backend\node_modules\router\index.js:291:5)[39m
[31m    at Function.handle (C:\Users\Lenovo\Desktop\NewBranch\branch-backend\node_modules\router\index.js:186:3)[39m
[31m    at router (C:\Users\Lenovo\Desktop\NewBranch\branch-backend\node_modules\router\index.js:60:12)[39m
[31m    at Layer.handleRequest (C:\Users\Lenovo\Desktop\NewBranch\branch-backend\node_modules\router\lib\layer.js:152:17)[39m
[31m    at trimPrefix (C:\Users\Lenovo\Desktop\NewBranch\branch-backend\node_modules\router\index.js:342:13)[39m
[2026-09-14 18:23:25:2325] [[31merror[39m]: [31mError: Invalid or expired authentication token.[39m
[31m    at auth (C:\Users\Lenovo\Desktop\NewBranch\branch-backend\src\middleware\auth.middleware.ts:44:13)[39m
[31m    at Layer.handleRequest (C:\Users\Lenovo\Desktop\NewBranch\branch-backend\node_modules\router\lib\layer.js:152:17)[39m
[31m    at next (C:\Users\Lenovo\Desktop\NewBranch\branch-backend\node_modules\router\lib\route.js:157:13)[39m
[31m    at Route.dispatch (C:\Users\Lenovo\Desktop\NewBranch\branch-backend\node_modules\router\lib\route.js:117:3)[39m
[31m    at handle (C:\Users\Lenovo\Desktop\NewBranch\branch-backend\node_modules\router\index.js:435:11)[39m
[31m    at Layer.handleRequest (C:\Users\Lenovo\Desktop\NewBranch\branch-backend\node_modules\router\lib\layer.js:152:17)[39m
[31m    at C:\Users\Lenovo\Desktop\NewBranch\branch-backend\node_modules\router\index.js:295:15[39m
[31m    at processParams (C:\Users\Lenovo\Desktop\NewBranch\branch-backend\node_modules\router\index.js:582:12)[39m
[31m    at next (C:\Users\Lenovo\Desktop\NewBranch\branch-backend\node_modules\router\index.js:291:5)[39m
[31m    at Function.handle (C:\Users\Lenovo\Desktop\NewBranch\branch-backend\node_modules\router\index.js:186:3)[39m
[2026-09-15 09:30:25:3025] [[31merror[39m]: [31mError: Invalid or expired authentication token.[39m
[31m    at auth (C:\Users\Lenovo\Desktop\NewBranch\branch-backend\src\middleware\auth.middleware.ts:44:13)[39m
[31m    at Layer.handleRequest (C:\Users\Lenovo\Desktop\NewBranch\branch-backend\node_modules\router\lib\layer.js:152:17)[39m
[31m    at trimPrefix (C:\Users\Lenovo\Desktop\NewBranch\branch-backend\node_modules\router\index.js:342:13)[39m
[31m    at C:\Users\Lenovo\Desktop\NewBranch\branch-backend\node_modules\router\index.js:297:9[39m
[31m    at processParams (C:\Users\Lenovo\Desktop\NewBranch\branch-backend\node_modules\router\index.js:582:12)[39m
[31m    at next (C:\Users\Lenovo\Desktop\NewBranch\branch-backend\node_modules\router\index.js:291:5)[39m
[31m    at Function.handle (C:\Users\Lenovo\Desktop\NewBranch\branch-backend\node_modules\router\index.js:186:3)[39m
[31m    at router (C:\Users\Lenovo\Desktop\NewBranch\branch-backend\node_modules\router\index.js:60:12)[39m
[31m    at Layer.handleRequest (C:\Users\Lenovo\Desktop\NewBranch\branch-backend\node_modules\router\lib\layer.js:152:17)[39m
[31m    at trimPrefix (C:\Users\Lenovo\Desktop\NewBranch\branch-backend\node_modules\router\index.js:342:13)[39m
[2026-09-15 09:30:25:3025] [[31merror[39m]: [31mError: Invalid or expired authentication token.[39m
[31m    at auth (C:\Users\Lenovo\Desktop\NewBranch\branch-backend\src\middleware\auth.middleware.ts:44:13)[39m
[31m    at Layer.handleRequest (C:\Users\Lenovo\Desktop\NewBranch\branch-backend\node_modules\router\lib\layer.js:152:17)[39m
[31m    at trimPrefix (C:\Users\Lenovo\Desktop\NewBranch\branch-backend\node_modules\router\index.js:342:13)[39m
[31m    at C:\Users\Lenovo\Desktop\NewBranch\branch-backend\node_modules\router\index.js:297:9[39m
[31m    at processParams (C:\Users\Lenovo\Desktop\NewBranch\branch-backend\node_modules\router\index.js:582:12)[39m
[31m    at next (C:\Users\Lenovo\Desktop\NewBranch\branch-backend\node_modules\router\index.js:291:5)[39m
[31m    at Function.handle (C:\Users\Lenovo\Desktop\NewBranch\branch-backend\node_modules\router\index.js:186:3)[39m
[31m    at router (C:\Users\Lenovo\Desktop\NewBranch\branch-backend\node_modules\router\index.js:60:12)[39m
[31m    at Layer.handleRequest (C:\Users\Lenovo\Desktop\NewBranch\branch-backend\node_modules\router\lib\layer.js:152:17)[39m
[31m    at trimPrefix (C:\Users\Lenovo\Desktop\NewBranch\branch-backend\node_modules\router\index.js:342:13)[39m
[2026-09-15 09:30:25:3025] [[31merror[39m]: [31mError: Invalid or expired authentication token.[39m
[31m    at auth (C:\Users\Lenovo\Desktop\NewBranch\branch-backend\src\middleware\auth.middleware.ts:44:13)[39m
[31m    at Layer.handleRequest (C:\Users\Lenovo\Desktop\NewBranch\branch-backend\node_modules\router\lib\layer.js:152:17)[39m
[31m    at trimPrefix (C:\Users\Lenovo\Desktop\NewBranch\branch-backend\node_modules\router\index.js:342:13)[39m
[31m    at C:\Users\Lenovo\Desktop\NewBranch\branch-backend\node_modules\router\index.js:297:9[39m
[31m    at processParams (C:\Users\Lenovo\Desktop\NewBranch\branch-backend\node_modules\router\index.js:582:12)[39m
[31m    at next (C:\Users\Lenovo\Desktop\NewBranch\branch-backend\node_modules\router\index.js:291:5)[39m
[31m    at Function.handle (C:\Users\Lenovo\Desktop\NewBranch\branch-backend\node_modules\router\index.js:186:3)[39m
[31m    at router (C:\Users\Lenovo\Desktop\NewBranch\branch-backend\node_modules\router\index.js:60:12)[39m
[31m    at Layer.handleRequest (C:\Users\Lenovo\Desktop\NewBranch\branch-backend\node_modules\router\lib\layer.js:152:17)[39m
[31m    at trimPrefix (C:\Users\Lenovo\Desktop\NewBranch\branch-backend\node_modules\router\index.js:342:13)[39m
[2026-09-15 09:30:31:3031] [[31merror[39m]: [31mError: Invalid or expired authentication token.[39m
[31m    at auth (C:\Users\Lenovo\Desktop\NewBranch\branch-backend\src\middleware\auth.middleware.ts:44:13)[39m
[31m    at Layer.handleRequest (C:\Users\Lenovo\Desktop\NewBranch\branch-backend\node_modules\router\lib\layer.js:152:17)[39m
[31m    at trimPrefix (C:\Users\Lenovo\Desktop\NewBranch\branch-backend\node_modules\router\index.js:342:13)[39m
[31m    at C:\Users\Lenovo\Desktop\NewBranch\branch-backend\node_modules\router\index.js:297:9[39m
[31m    at processParams (C:\Users\Lenovo\Desktop\NewBranch\branch-backend\node_modules\router\index.js:582:12)[39m
[31m    at next (C:\Users\Lenovo\Desktop\NewBranch\branch-backend\node_modules\router\index.js:291:5)[39m
[31m    at Function.handle (C:\Users\Lenovo\Desktop\NewBranch\branch-backend\node_modules\router\index.js:186:3)[39m
[31m    at router (C:\Users\Lenovo\Desktop\NewBranch\branch-backend\node_modules\router\index.js:60:12)[39m
[31m    at Layer.handleRequest (C:\Users\Lenovo\Desktop\NewBranch\branch-backend\node_modules\router\lib\layer.js:152:17)[39m
[31m    at trimPrefix (C:\Users\Lenovo\Desktop\NewBranch\branch-backend\node_modules\router\index.js:342:13)[39m
[2026-09-15 09:30:31:3031] [[31merror[39m]: [31mError: Invalid or expired authentication token.[39m
[31m    at auth (C:\Users\Lenovo\Desktop\NewBranch\branch-backend\src\middleware\auth.middleware.ts:44:13)[39m
[31m    at Layer.handleRequest (C:\Users\Lenovo\Desktop\NewBranch\branch-backend\node_modules\router\lib\layer.js:152:17)[39m
[31m    at trimPrefix (C:\Users\Lenovo\Desktop\NewBranch\branch-backend\node_modules\router\index.js:342:13)[39m
[31m    at C:\Users\Lenovo\Desktop\NewBranch\branch-backend\node_modules\router\index.js:297:9[39m
[31m    at processParams (C:\Users\Lenovo\Desktop\NewBranch\branch-backend\node_modules\router\index.js:582:12)[39m
[31m    at next (C:\Users\Lenovo\Desktop\NewBranch\branch-backend\node_modules\router\index.js:291:5)[39m
[31m    at Function.handle (C:\Users\Lenovo\Desktop\NewBranch\branch-backend\node_modules\router\index.js:186:3)[39m
[31m    at router (C:\Users\Lenovo\Desktop\NewBranch\branch-backend\node_modules\router\index.js:60:12)[39m
[31m    at Layer.handleRequest (C:\Users\Lenovo\Desktop\NewBranch\branch-backend\node_modules\router\lib\layer.js:152:17)[39m
[31m    at trimPrefix (C:\Users\Lenovo\Desktop\NewBranch\branch-backend\node_modules\router\index.js:342:13)[39m
[2026-09-15 09:30:31:3031] [[31merror[39m]: [31mError: Invalid or expired authentication token.[39m
[31m    at auth (C:\Users\Lenovo\Desktop\NewBranch\branch-backend\src\middleware\auth.middleware.ts:44:13)[39m
[31m    at Layer.handleRequest (C:\Users\Lenovo\Desktop\NewBranch\branch-backend\node_modules\router\lib\layer.js:152:17)[39m
[31m    at trimPrefix (C:\Users\Lenovo\Desktop\NewBranch\branch-backend\node_modules\router\index.js:342:13)[39m
[31m    at C:\Users\Lenovo\Desktop\NewBranch\branch-backend\node_modules\router\index.js:297:9[39m
[31m    at processParams (C:\Users\Lenovo\Desktop\NewBranch\branch-backend\node_modules\router\index.js:582:12)[39m
[31m    at next (C:\Users\Lenovo\Desktop\NewBranch\branch-backend\node_modules\router\index.js:291:5)[39m
[31m    at Function.handle (C:\Users\Lenovo\Desktop\NewBranch\branch-backend\node_modules\router\index.js:186:3)[39m
[31m    at router (C:\Users\Lenovo\Desktop\NewBranch\branch-backend\node_modules\router\index.js:60:12)[39m
[31m    at Layer.handleRequest (C:\Users\Lenovo\Desktop\NewBranch\branch-backend\node_modules\router\lib\layer.js:152:17)[39m
[31m    at trimPrefix (C:\Users\Lenovo\Desktop\NewBranch\branch-backend\node_modules\router\index.js:342:13)[39m
[2026-09-15 09:30:31:3031] [[31merror[39m]: [31mError: Invalid or expired authentication token.[39m
[31m    at auth (C:\Users\Lenovo\Desktop\NewBranch\branch-backend\src\middleware\auth.middleware.ts:44:13)[39m
[31m    at Layer.handleRequest (C:\Users\Lenovo\Desktop\NewBranch\branch-backend\node_modules\router\lib\layer.js:152:17)[39m
[31m    at trimPrefix (C:\Users\Lenovo\Desktop\NewBranch\branch-backend\node_modules\router\index.js:342:13)[39m
[31m    at C:\Users\Lenovo\Desktop\NewBranch\branch-backend\node_modules\router\index.js:297:9[39m
[31m    at processParams (C:\Users\Lenovo\Desktop\NewBranch\branch-backend\node_modules\router\index.js:582:12)[39m
[31m    at next (C:\Users\Lenovo\Desktop\NewBranch\branch-backend\node_modules\router\index.js:291:5)[39m
[31m    at Function.handle (C:\Users\Lenovo\Desktop\NewBranch\branch-backend\node_modules\router\index.js:186:3)[39m
[31m    at router (C:\Users\Lenovo\Desktop\NewBranch\branch-backend\node_modules\router\index.js:60:12)[39m
[31m    at Layer.handleRequest (C:\Users\Lenovo\Desktop\NewBranch\branch-backend\node_modules\router\lib\layer.js:152:17)[39m
[31m    at trimPrefix (C:\Users\Lenovo\Desktop\NewBranch\branch-backend\node_modules\router\index.js:342:13)[39m
[2026-09-15 09:30:33:3033] [[31merror[39m]: [31mError: Refresh token is missing.[39m
[31m    at AuthService.refresh (C:\Users\Lenovo\Desktop\NewBranch\branch-backend\src\modules\auth\auth.service.ts:127:13)[39m
[31m    at refresh (C:\Users\Lenovo\Desktop\NewBranch\branch-backend\src\modules\auth\auth.controller.ts:55:63)[39m
[31m    at Layer.handleRequest (C:\Users\Lenovo\Desktop\NewBranch\branch-backend\node_modules\router\lib\layer.js:152:17)[39m
[31m    at next (C:\Users\Lenovo\Desktop\NewBranch\branch-backend\node_modules\router\lib\route.js:157:13)[39m
[31m    at Route.dispatch (C:\Users\Lenovo\Desktop\NewBranch\branch-backend\node_modules\router\lib\route.js:117:3)[39m
[31m    at handle (C:\Users\Lenovo\Desktop\NewBranch\branch-backend\node_modules\router\index.js:435:11)[39m
[31m    at Layer.handleRequest (C:\Users\Lenovo\Desktop\NewBranch\branch-backend\node_modules\router\lib\layer.js:152:17)[39m
[31m    at C:\Users\Lenovo\Desktop\NewBranch\branch-backend\node_modules\router\index.js:295:15[39m
[31m    at processParams (C:\Users\Lenovo\Desktop\NewBranch\branch-backend\node_modules\router\index.js:582:12)[39m
[31m    at next (C:\Users\Lenovo\Desktop\NewBranch\branch-backend\node_modules\router\index.js:291:5)[39m
[2026-09-15 10:42:44:4244] [[31merror[39m]: [31mError: Invalid or expired authentication token.[39m
[31m    at auth (C:\Users\Lenovo\Desktop\NewBranch\branch-backend\src\middleware\auth.middleware.ts:44:13)[39m
[31m    at Layer.handleRequest (C:\Users\Lenovo\Desktop\NewBranch\branch-backend\node_modules\router\lib\layer.js:152:17)[39m
[31m    at trimPrefix (C:\Users\Lenovo\Desktop\NewBranch\branch-backend\node_modules\router\index.js:342:13)[39m
[31m    at C:\Users\Lenovo\Desktop\NewBranch\branch-backend\node_modules\router\index.js:297:9[39m
[31m    at processParams (C:\Users\Lenovo\Desktop\NewBranch\branch-backend\node_modules\router\index.js:582:12)[39m
[31m    at next (C:\Users\Lenovo\Desktop\NewBranch\branch-backend\node_modules\router\index.js:291:5)[39m
[31m    at Function.handle (C:\Users\Lenovo\Desktop\NewBranch\branch-backend\node_modules\router\index.js:186:3)[39m
[31m    at router (C:\Users\Lenovo\Desktop\NewBranch\branch-backend\node_modules\router\index.js:60:12)[39m
[31m    at Layer.handleRequest (C:\Users\Lenovo\Desktop\NewBranch\branch-backend\node_modules\router\lib\layer.js:152:17)[39m
[31m    at trimPrefix (C:\Users\Lenovo\Desktop\NewBranch\branch-backend\node_modules\router\index.js:342:13)[39m
[2026-09-15 10:57:53:5753] [[31merror[39m]: [31mError: Invalid or expired authentication token.[39m
[31m    at auth (C:\Users\Lenovo\Desktop\NewBranch\branch-backend\src\middleware\auth.middleware.ts:44:13)[39m
[31m    at Layer.handleRequest (C:\Users\Lenovo\Desktop\NewBranch\branch-backend\node_modules\router\lib\layer.js:152:17)[39m
[31m    at trimPrefix (C:\Users\Lenovo\Desktop\NewBranch\branch-backend\node_modules\router\index.js:342:13)[39m
[31m    at C:\Users\Lenovo\Desktop\NewBranch\branch-backend\node_modules\router\index.js:297:9[39m
[31m    at processParams (C:\Users\Lenovo\Desktop\NewBranch\branch-backend\node_modules\router\index.js:582:12)[39m
[31m    at next (C:\Users\Lenovo\Desktop\NewBranch\branch-backend\node_modules\router\index.js:291:5)[39m
[31m    at Function.handle (C:\Users\Lenovo\Desktop\NewBranch\branch-backend\node_modules\router\index.js:186:3)[39m
[31m    at router (C:\Users\Lenovo\Desktop\NewBranch\branch-backend\node_modules\router\index.js:60:12)[39m
[31m    at Layer.handleRequest (C:\Users\Lenovo\Desktop\NewBranch\branch-backend\node_modules\router\lib\layer.js:152:17)[39m
[31m    at trimPrefix (C:\Users\Lenovo\Desktop\NewBranch\branch-backend\node_modules\router\index.js:342:13)[39m
[2026-09-15 11:24:26:2426] [[31merror[39m]: [31mError: Invalid or expired authentication token.[39m
[31m    at auth (C:\Users\Lenovo\Desktop\NewBranch\branch-backend\src\middleware\auth.middleware.ts:44:13)[39m
[31m    at Layer.handleRequest (C:\Users\Lenovo\Desktop\NewBranch\branch-backend\node_modules\router\lib\layer.js:152:17)[39m
[31m    at trimPrefix (C:\Users\Lenovo\Desktop\NewBranch\branch-backend\node_modules\router\index.js:342:13)[39m
[31m    at C:\Users\Lenovo\Desktop\NewBranch\branch-backend\node_modules\router\index.js:297:9[39m
[31m    at processParams (C:\Users\Lenovo\Desktop\NewBranch\branch-backend\node_modules\router\index.js:582:12)[39m
[31m    at next (C:\Users\Lenovo\Desktop\NewBranch\branch-backend\node_modules\router\index.js:291:5)[39m
[31m    at Function.handle (C:\Users\Lenovo\Desktop\NewBranch\branch-backend\node_modules\router\index.js:186:3)[39m
[31m    at router (C:\Users\Lenovo\Desktop\NewBranch\branch-backend\node_modules\router\index.js:60:12)[39m
[31m    at Layer.handleRequest (C:\Users\Lenovo\Desktop\NewBranch\branch-backend\node_modules\router\lib\layer.js:152:17)[39m
[31m    at trimPrefix (C:\Users\Lenovo\Desktop\NewBranch\branch-backend\node_modules\router\index.js:342:13)[39m
[2026-09-15 14:21:39:2139] [[31merror[39m]: [31mError: Invalid or expired authentication token.[39m
[31m    at auth (C:\Users\Lenovo\Desktop\NewBranch\branch-backend\src\middleware\auth.middleware.ts:44:13)[39m
[31m    at Layer.handleRequest (C:\Users\Lenovo\Desktop\NewBranch\branch-backend\node_modules\router\lib\layer.js:152:17)[39m
[31m    at trimPrefix (C:\Users\Lenovo\Desktop\NewBranch\branch-backend\node_modules\router\index.js:342:13)[39m
[31m    at C:\Users\Lenovo\Desktop\NewBranch\branch-backend\node_modules\router\index.js:297:9[39m
[31m    at processParams (C:\Users\Lenovo\Desktop\NewBranch\branch-backend\node_modules\router\index.js:582:12)[39m
[31m    at next (C:\Users\Lenovo\Desktop\NewBranch\branch-backend\node_modules\router\index.js:291:5)[39m
[31m    at Function.handle (C:\Users\Lenovo\Desktop\NewBranch\branch-backend\node_modules\router\index.js:186:3)[39m
[31m    at router (C:\Users\Lenovo\Desktop\NewBranch\branch-backend\node_modules\router\index.js:60:12)[39m
[31m    at Layer.handleRequest (C:\Users\Lenovo\Desktop\NewBranch\branch-backend\node_modules\router\lib\layer.js:152:17)[39m
[31m    at trimPrefix (C:\Users\Lenovo\Desktop\NewBranch\branch-backend\node_modules\router\index.js:342:13)[39m
[2026-09-15 14:51:06:516] [[31merror[39m]: [31mError: Invalid or expired authentication token.[39m
[31m    at auth (C:\Users\Lenovo\Desktop\NewBranch\branch-backend\src\middleware\auth.middleware.ts:44:13)[39m
[31m    at Layer.handleRequest (C:\Users\Lenovo\Desktop\NewBranch\branch-backend\node_modules\router\lib\layer.js:152:17)[39m
[31m    at trimPrefix (C:\Users\Lenovo\Desktop\NewBranch\branch-backend\node_modules\router\index.js:342:13)[39m
[31m    at C:\Users\Lenovo\Desktop\NewBranch\branch-backend\node_modules\router\index.js:297:9[39m
[31m    at processParams (C:\Users\Lenovo\Desktop\NewBranch\branch-backend\node_modules\router\index.js:582:12)[39m
[31m    at next (C:\Users\Lenovo\Desktop\NewBranch\branch-backend\node_modules\router\index.js:291:5)[39m
[31m    at Function.handle (C:\Users\Lenovo\Desktop\NewBranch\branch-backend\node_modules\router\index.js:186:3)[39m
[31m    at router (C:\Users\Lenovo\Desktop\NewBranch\branch-backend\node_modules\router\index.js:60:12)[39m
[31m    at Layer.handleRequest (C:\Users\Lenovo\Desktop\NewBranch\branch-backend\node_modules\router\lib\layer.js:152:17)[39m
[31m    at trimPrefix (C:\Users\Lenovo\Desktop\NewBranch\branch-backend\node_modules\router\index.js:342:13)[39m
[2026-09-15 15:09:49:949] [[31merror[39m]: [31mError: Invalid or expired authentication token.[39m
[31m    at auth (C:\Users\Lenovo\Desktop\NewBranch\branch-backend\src\middleware\auth.middleware.ts:44:13)[39m
[31m    at Layer.handleRequest (C:\Users\Lenovo\Desktop\NewBranch\branch-backend\node_modules\router\lib\layer.js:152:17)[39m
[31m    at trimPrefix (C:\Users\Lenovo\Desktop\NewBranch\branch-backend\node_modules\router\index.js:342:13)[39m
[31m    at C:\Users\Lenovo\Desktop\NewBranch\branch-backend\node_modules\router\index.js:297:9[39m
[31m    at processParams (C:\Users\Lenovo\Desktop\NewBranch\branch-backend\node_modules\router\index.js:582:12)[39m
[31m    at next (C:\Users\Lenovo\Desktop\NewBranch\branch-backend\node_modules\router\index.js:291:5)[39m
[31m    at Function.handle (C:\Users\Lenovo\Desktop\NewBranch\branch-backend\node_modules\router\index.js:186:3)[39m
[31m    at router (C:\Users\Lenovo\Desktop\NewBranch\branch-backend\node_modules\router\index.js:60:12)[39m
[31m    at Layer.handleRequest (C:\Users\Lenovo\Desktop\NewBranch\branch-backend\node_modules\router\lib\layer.js:152:17)[39m
[31m    at trimPrefix (C:\Users\Lenovo\Desktop\NewBranch\branch-backend\node_modules\router\index.js:342:13)[39m
[2026-09-15 15:30:09:309] [[31merror[39m]: [31mError: Invalid or expired authentication token.[39m
[31m    at auth (C:\Users\Lenovo\Desktop\NewBranch\branch-backend\src\middleware\auth.middleware.ts:44:13)[39m
[31m    at Layer.handleRequest (C:\Users\Lenovo\Desktop\NewBranch\branch-backend\node_modules\router\lib\layer.js:152:17)[39m
[31m    at trimPrefix (C:\Users\Lenovo\Desktop\NewBranch\branch-backend\node_modules\router\index.js:342:13)[39m
[31m    at C:\Users\Lenovo\Desktop\NewBranch\branch-backend\node_modules\router\index.js:297:9[39m
[31m    at processParams (C:\Users\Lenovo\Desktop\NewBranch\branch-backend\node_modules\router\index.js:582:12)[39m
[31m    at next (C:\Users\Lenovo\Desktop\NewBranch\branch-backend\node_modules\router\index.js:291:5)[39m
[31m    at Function.handle (C:\Users\Lenovo\Desktop\NewBranch\branch-backend\node_modules\router\index.js:186:3)[39m
[31m    at router (C:\Users\Lenovo\Desktop\NewBranch\branch-backend\node_modules\router\index.js:60:12)[39m
[31m    at Layer.handleRequest (C:\Users\Lenovo\Desktop\NewBranch\branch-backend\node_modules\router\lib\layer.js:152:17)[39m
[31m    at trimPrefix (C:\Users\Lenovo\Desktop\NewBranch\branch-backend\node_modules\router\index.js:342:13)[39m
[2026-09-15 15:48:26:4826] [[31merror[39m]: [31mError: Invalid or expired authentication token.[39m
[31m    at auth (C:\Users\Lenovo\Desktop\NewBranch\branch-backend\src\middleware\auth.middleware.ts:44:13)[39m
[31m    at Layer.handleRequest (C:\Users\Lenovo\Desktop\NewBranch\branch-backend\node_modules\router\lib\layer.js:152:17)[39m
[31m    at trimPrefix (C:\Users\Lenovo\Desktop\NewBranch\branch-backend\node_modules\router\index.js:342:13)[39m
[31m    at C:\Users\Lenovo\Desktop\NewBranch\branch-backend\node_modules\router\index.js:297:9[39m
[31m    at processParams (C:\Users\Lenovo\Desktop\NewBranch\branch-backend\node_modules\router\index.js:582:12)[39m
[31m    at next (C:\Users\Lenovo\Desktop\NewBranch\branch-backend\node_modules\router\index.js:291:5)[39m
[31m    at Function.handle (C:\Users\Lenovo\Desktop\NewBranch\branch-backend\node_modules\router\index.js:186:3)[39m
[31m    at router (C:\Users\Lenovo\Desktop\NewBranch\branch-backend\node_modules\router\index.js:60:12)[39m
[31m    at Layer.handleRequest (C:\Users\Lenovo\Desktop\NewBranch\branch-backend\node_modules\router\lib\layer.js:152:17)[39m
[31m    at trimPrefix (C:\Users\Lenovo\Desktop\NewBranch\branch-backend\node_modules\router\index.js:342:13)[39m
[2026-09-15 15:59:41:5941] [[31merror[39m]: [31mPrismaClientKnownRequestError: [39m
[31mInvalid `prisma.users.findFirst()` invocation in[39m
[31mC:\Users\Lenovo\Desktop\NewBranch\branch-backend\src\modules\auth\auth.service.ts:69:37[39m

[31m  66   throw new BadRequestError('Email and password are required.');[39m
[31m  67 }[39m
[31m  68 [39m
[31m→ 69 const user = await prisma.users.findFirst([39m
[31mThe column `Route` does not exist in the current database.[39m
[31m    at $n.handleRequestError (C:\Users\Lenovo\Desktop\NewBranch\branch-backend\node_modules\@prisma\client\runtime\library.js:121:7315)[39m
[31m    at $n.handleAndLogRequestError (C:\Users\Lenovo\Desktop\NewBranch\branch-backend\node_modules\@prisma\client\runtime\library.js:121:6623)[39m
[31m    at $n.request (C:\Users\Lenovo\Desktop\NewBranch\branch-backend\node_modules\@prisma\client\runtime\library.js:121:6307)[39m
[31m    at async l (C:\Users\Lenovo\Desktop\NewBranch\branch-backend\node_modules\@prisma\client\runtime\library.js:130:9633)[39m
[31m    at async AuthService.login (C:\Users\Lenovo\Desktop\NewBranch\branch-backend\src\modules\auth\auth.service.ts:69:18)[39m
[31m    at async login (C:\Users\Lenovo\Desktop\NewBranch\branch-backend\src\modules\auth\auth.controller.ts:37:51)[39m
[2026-09-15 16:27:06:276] [[31merror[39m]: [31mPrismaClientKnownRequestError: [39m
[31mInvalid `prisma.purchase_request_items.findMany()` invocation in[39m
[31mC:\Users\Lenovo\Desktop\NewBranch\branch-backend\src\modules\purchase-request\purchase-request.service.ts:140:55[39m

[31m  137 if (!request) return null;[39m
[31m  138 [39m
[31m  139 // Fetch items and attachments mapped by CGuid[39m
[31m→ 140 const items = await prisma.purchase_request_items.findMany([39m
[31mThe column `PurchaseRequestId` does not exist in the current database.[39m
[31m    at $n.handleRequestError (C:\Users\Lenovo\Desktop\NewBranch\branch-backend\node_modules\@prisma\client\runtime\library.js:121:7315)[39m
[31m    at $n.handleAndLogRequestError (C:\Users\Lenovo\Desktop\NewBranch\branch-backend\node_modules\@prisma\client\runtime\library.js:121:6623)[39m
[31m    at $n.request (C:\Users\Lenovo\Desktop\NewBranch\branch-backend\node_modules\@prisma\client\runtime\library.js:121:6307)[39m
[31m    at async l (C:\Users\Lenovo\Desktop\NewBranch\branch-backend\node_modules\@prisma\client\runtime\library.js:130:9633)[39m
[31m    at async PurchaseRequestService.getPurchaseRequestById (C:\Users\Lenovo\Desktop\NewBranch\branch-backend\src\modules\purchase-request\purchase-request.service.ts:140:19)[39m
[31m    at async getById (C:\Users\Lenovo\Desktop\NewBranch\branch-backend\src\modules\purchase-request\purchase-request.controller.ts:39:23)[39m
[2026-09-15 16:27:07:277] [[31merror[39m]: [31mPrismaClientKnownRequestError: [39m
[31mInvalid `prisma.purchase_request_items.findMany()` invocation in[39m
[31mC:\Users\Lenovo\Desktop\NewBranch\branch-backend\src\modules\purchase-request\purchase-request.service.ts:140:55[39m

[31m  137 if (!request) return null;[39m
[31m  138 [39m
[31m  139 // Fetch items and attachments mapped by CGuid[39m
[31m→ 140 const items = await prisma.purchase_request_items.findMany([39m
[31mThe column `PurchaseRequestId` does not exist in the current database.[39m
[31m    at $n.handleRequestError (C:\Users\Lenovo\Desktop\NewBranch\branch-backend\node_modules\@prisma\client\runtime\library.js:121:7315)[39m
[31m    at $n.handleAndLogRequestError (C:\Users\Lenovo\Desktop\NewBranch\branch-backend\node_modules\@prisma\client\runtime\library.js:121:6623)[39m
[31m    at $n.request (C:\Users\Lenovo\Desktop\NewBranch\branch-backend\node_modules\@prisma\client\runtime\library.js:121:6307)[39m
[31m    at async l (C:\Users\Lenovo\Desktop\NewBranch\branch-backend\node_modules\@prisma\client\runtime\library.js:130:9633)[39m
[31m    at async PurchaseRequestService.getPurchaseRequestById (C:\Users\Lenovo\Desktop\NewBranch\branch-backend\src\modules\purchase-request\purchase-request.service.ts:140:19)[39m
[31m    at async getById (C:\Users\Lenovo\Desktop\NewBranch\branch-backend\src\modules\purchase-request\purchase-request.controller.ts:39:23)[39m
[2026-09-15 16:38:15:3815] [[31merror[39m]: [31mPrismaClientKnownRequestError: [39m
[31mInvalid `prisma.purchase_request_items.findMany()` invocation in[39m
[31mC:\Users\Lenovo\Desktop\NewBranch\branch-backend\src\modules\purchase-request\purchase-request.service.ts:140:55[39m

[31m  137 if (!request) return null;[39m
[31m  138 [39m
[31m  139 // Fetch items and attachments mapped by CGuid[39m
[31m→ 140 const items = await prisma.purchase_request_items.findMany([39m
[31mThe column `PurchaseRequestId` does not exist in the current database.[39m
[31m    at $n.handleRequestError (C:\Users\Lenovo\Desktop\NewBranch\branch-backend\node_modules\@prisma\client\runtime\library.js:121:7315)[39m
[31m    at $n.handleAndLogRequestError (C:\Users\Lenovo\Desktop\NewBranch\branch-backend\node_modules\@prisma\client\runtime\library.js:121:6623)[39m
[31m    at $n.request (C:\Users\Lenovo\Desktop\NewBranch\branch-backend\node_modules\@prisma\client\runtime\library.js:121:6307)[39m
[31m    at async l (C:\Users\Lenovo\Desktop\NewBranch\branch-backend\node_modules\@prisma\client\runtime\library.js:130:9633)[39m
[31m    at async PurchaseRequestService.getPurchaseRequestById (C:\Users\Lenovo\Desktop\NewBranch\branch-backend\src\modules\purchase-request\purchase-request.service.ts:140:19)[39m
[31m    at async getById (C:\Users\Lenovo\Desktop\NewBranch\branch-backend\src\modules\purchase-request\purchase-request.controller.ts:39:23)[39m
[2026-09-15 16:38:17:3817] [[31merror[39m]: [31mPrismaClientKnownRequestError: [39m
[31mInvalid `prisma.purchase_request_items.findMany()` invocation in[39m
[31mC:\Users\Lenovo\Desktop\NewBranch\branch-backend\src\modules\purchase-request\purchase-request.service.ts:140:55[39m

[31m  137 if (!request) return null;[39m
[31m  138 [39m
[31m  139 // Fetch items and attachments mapped by CGuid[39m
[31m→ 140 const items = await prisma.purchase_request_items.findMany([39m
[31mThe column `PurchaseRequestId` does not exist in the current database.[39m
[31m    at $n.handleRequestError (C:\Users\Lenovo\Desktop\NewBranch\branch-backend\node_modules\@prisma\client\runtime\library.js:121:7315)[39m
[31m    at $n.handleAndLogRequestError (C:\Users\Lenovo\Desktop\NewBranch\branch-backend\node_modules\@prisma\client\runtime\library.js:121:6623)[39m
[31m    at $n.request (C:\Users\Lenovo\Desktop\NewBranch\branch-backend\node_modules\@prisma\client\runtime\library.js:121:6307)[39m
[31m    at async l (C:\Users\Lenovo\Desktop\NewBranch\branch-backend\node_modules\@prisma\client\runtime\library.js:130:9633)[39m
[31m    at async PurchaseRequestService.getPurchaseRequestById (C:\Users\Lenovo\Desktop\NewBranch\branch-backend\src\modules\purchase-request\purchase-request.service.ts:140:19)[39m
[31m    at async getById (C:\Users\Lenovo\Desktop\NewBranch\branch-backend\src\modules\purchase-request\purchase-request.controller.ts:39:23)[39m
[2026-09-15 16:38:54:3854] [[31merror[39m]: [31mPrismaClientKnownRequestError: [39m
[31mInvalid `prisma.purchase_order.findMany()` invocation in[39m
[31mC:\Users\Lenovo\Desktop\NewBranch\branch-backend\src\modules\purchase-order\purchase-order.service.ts:125:48[39m

[31m  122   ];[39m
[31m  123 }[39m
[31m  124 [39m
[31m→ 125 const orders = await prisma.purchase_order.findMany([39m
[31mThe column `Pq_ID` does not exist in the current database.[39m
[31m    at $n.handleRequestError (C:\Users\Lenovo\Desktop\NewBranch\branch-backend\node_modules\@prisma\client\runtime\library.js:121:7315)[39m
[31m    at $n.handleAndLogRequestError (C:\Users\Lenovo\Desktop\NewBranch\branch-backend\node_modules\@prisma\client\runtime\library.js:121:6623)[39m
[31m    at $n.request (C:\Users\Lenovo\Desktop\NewBranch\branch-backend\node_modules\@prisma\client\runtime\library.js:121:6307)[39m
[31m    at async l (C:\Users\Lenovo\Desktop\NewBranch\branch-backend\node_modules\@prisma\client\runtime\library.js:130:9633)[39m
[31m    at async PurchaseOrderService.getPurchaseOrders (C:\Users\Lenovo\Desktop\NewBranch\branch-backend\src\modules\purchase-order\purchase-order.service.ts:125:20)[39m
[31m    at async getAll (C:\Users\Lenovo\Desktop\NewBranch\branch-backend\src\modules\purchase-order\purchase-order.controller.ts:16:22)[39m
[2026-09-15 16:38:56:3856] [[31merror[39m]: [31mPrismaClientKnownRequestError: [39m
[31mInvalid `prisma.purchase_order.findMany()` invocation in[39m
[31mC:\Users\Lenovo\Desktop\NewBranch\branch-backend\src\modules\purchase-order\purchase-order.service.ts:125:48[39m

[31m  122   ];[39m
[31m  123 }[39m
[31m  124 [39m
[31m→ 125 const orders = await prisma.purchase_order.findMany([39m
[31mThe column `Pq_ID` does not exist in the current database.[39m
[31m    at $n.handleRequestError (C:\Users\Lenovo\Desktop\NewBranch\branch-backend\node_modules\@prisma\client\runtime\library.js:121:7315)[39m
[31m    at $n.handleAndLogRequestError (C:\Users\Lenovo\Desktop\NewBranch\branch-backend\node_modules\@prisma\client\runtime\library.js:121:6623)[39m
[31m    at $n.request (C:\Users\Lenovo\Desktop\NewBranch\branch-backend\node_modules\@prisma\client\runtime\library.js:121:6307)[39m
[31m    at async l (C:\Users\Lenovo\Desktop\NewBranch\branch-backend\node_modules\@prisma\client\runtime\library.js:130:9633)[39m
[31m    at async PurchaseOrderService.getPurchaseOrders (C:\Users\Lenovo\Desktop\NewBranch\branch-backend\src\modules\purchase-order\purchase-order.service.ts:125:20)[39m
[31m    at async getAll (C:\Users\Lenovo\Desktop\NewBranch\branch-backend\src\modules\purchase-order\purchase-order.controller.ts:16:22)[39m
[2026-09-15 16:39:02:392] [[31merror[39m]: [31mPrismaClientKnownRequestError: [39m
[31mInvalid `prisma.quotations.findMany()` invocation in[39m
[31mC:\Users\Lenovo\Desktop\NewBranch\branch-backend\src\modules\purchase-quotation\purchase-quotation.service.ts:110:48[39m

[31m  107   ];[39m
[31m  108 }[39m
[31m  109 [39m
[31m→ 110 const quotations = await prisma.quotations.findMany([39m
[31mThe column `PurchaseRequestId` does not exist in the current database.[39m
[31m    at $n.handleRequestError (C:\Users\Lenovo\Desktop\NewBranch\branch-backend\node_modules\@prisma\client\runtime\library.js:121:7315)[39m
[31m    at $n.handleAndLogRequestError (C:\Users\Lenovo\Desktop\NewBranch\branch-backend\node_modules\@prisma\client\runtime\library.js:121:6623)[39m
[31m    at $n.request (C:\Users\Lenovo\Desktop\NewBranch\branch-backend\node_modules\@prisma\client\runtime\library.js:121:6307)[39m
[31m    at async l (C:\Users\Lenovo\Desktop\NewBranch\branch-backend\node_modules\@prisma\client\runtime\library.js:130:9633)[39m
[31m    at async PurchaseQuotationService.getPurchaseQuotations (C:\Users\Lenovo\Desktop\NewBranch\branch-backend\src\modules\purchase-quotation\purchase-quotation.service.ts:110:24)[39m
[31m    at async getAll (C:\Users\Lenovo\Desktop\NewBranch\branch-backend\src\modules\purchase-quotation\purchase-quotation.controller.ts:15:26)[39m
[2026-09-15 16:39:03:393] [[31merror[39m]: [31mPrismaClientKnownRequestError: [39m
[31mInvalid `prisma.quotations.findMany()` invocation in[39m
[31mC:\Users\Lenovo\Desktop\NewBranch\branch-backend\src\modules\purchase-quotation\purchase-quotation.service.ts:110:48[39m

[31m  107   ];[39m
[31m  108 }[39m
[31m  109 [39m
[31m→ 110 const quotations = await prisma.quotations.findMany([39m
[31mThe column `PurchaseRequestId` does not exist in the current database.[39m
[31m    at $n.handleRequestError (C:\Users\Lenovo\Desktop\NewBranch\branch-backend\node_modules\@prisma\client\runtime\library.js:121:7315)[39m
[31m    at $n.handleAndLogRequestError (C:\Users\Lenovo\Desktop\NewBranch\branch-backend\node_modules\@prisma\client\runtime\library.js:121:6623)[39m
[31m    at $n.request (C:\Users\Lenovo\Desktop\NewBranch\branch-backend\node_modules\@prisma\client\runtime\library.js:121:6307)[39m
[31m    at async l (C:\Users\Lenovo\Desktop\NewBranch\branch-backend\node_modules\@prisma\client\runtime\library.js:130:9633)[39m
[31m    at async PurchaseQuotationService.getPurchaseQuotations (C:\Users\Lenovo\Desktop\NewBranch\branch-backend\src\modules\purchase-quotation\purchase-quotation.service.ts:110:24)[39m
[31m    at async getAll (C:\Users\Lenovo\Desktop\NewBranch\branch-backend\src\modules\purchase-quotation\purchase-quotation.controller.ts:15:26)[39m
[2026-09-15 16:39:11:3911] [[31merror[39m]: [31mPrismaClientKnownRequestError: [39m
[31mInvalid `prisma.purchase_order.findMany()` invocation in[39m
[31mC:\Users\Lenovo\Desktop\NewBranch\branch-backend\src\modules\purchase-order\purchase-order.service.ts:125:48[39m

[31m  122   ];[39m
[31m  123 }[39m
[31m  124 [39m
[31m→ 125 const orders = await prisma.purchase_order.findMany([39m
[31mThe column `Pq_ID` does not exist in the current database.[39m
[31m    at $n.handleRequestError (C:\Users\Lenovo\Desktop\NewBranch\branch-backend\node_modules\@prisma\client\runtime\library.js:121:7315)[39m
[31m    at $n.handleAndLogRequestError (C:\Users\Lenovo\Desktop\NewBranch\branch-backend\node_modules\@prisma\client\runtime\library.js:121:6623)[39m
[31m    at $n.request (C:\Users\Lenovo\Desktop\NewBranch\branch-backend\node_modules\@prisma\client\runtime\library.js:121:6307)[39m
[31m    at async l (C:\Users\Lenovo\Desktop\NewBranch\branch-backend\node_modules\@prisma\client\runtime\library.js:130:9633)[39m
[31m    at async PurchaseOrderService.getPurchaseOrders (C:\Users\Lenovo\Desktop\NewBranch\branch-backend\src\modules\purchase-order\purchase-order.service.ts:125:20)[39m
[31m    at async getAll (C:\Users\Lenovo\Desktop\NewBranch\branch-backend\src\modules\purchase-order\purchase-order.controller.ts:16:22)[39m
[2026-09-15 16:39:13:3913] [[31merror[39m]: [31mPrismaClientKnownRequestError: [39m
[31mInvalid `prisma.purchase_order.findMany()` invocation in[39m
[31mC:\Users\Lenovo\Desktop\NewBranch\branch-backend\src\modules\purchase-order\purchase-order.service.ts:125:48[39m

[31m  122   ];[39m
[31m  123 }[39m
[31m  124 [39m
[31m→ 125 const orders = await prisma.purchase_order.findMany([39m
[31mThe column `Pq_ID` does not exist in the current database.[39m
[31m    at $n.handleRequestError (C:\Users\Lenovo\Desktop\NewBranch\branch-backend\node_modules\@prisma\client\runtime\library.js:121:7315)[39m
[31m    at $n.handleAndLogRequestError (C:\Users\Lenovo\Desktop\NewBranch\branch-backend\node_modules\@prisma\client\runtime\library.js:121:6623)[39m
[31m    at $n.request (C:\Users\Lenovo\Desktop\NewBranch\branch-backend\node_modules\@prisma\client\runtime\library.js:121:6307)[39m
[31m    at async l (C:\Users\Lenovo\Desktop\NewBranch\branch-backend\node_modules\@prisma\client\runtime\library.js:130:9633)[39m
[31m    at async PurchaseOrderService.getPurchaseOrders (C:\Users\Lenovo\Desktop\NewBranch\branch-backend\src\modules\purchase-order\purchase-order.service.ts:125:20)[39m
[31m    at async getAll (C:\Users\Lenovo\Desktop\NewBranch\branch-backend\src\modules\purchase-order\purchase-order.controller.ts:16:22)[39m
[2026-09-15 16:43:41:4341] [[31merror[39m]: [31mError: Invalid or expired authentication token.[39m
[31m    at auth (C:\Users\Lenovo\Desktop\NewBranch\branch-backend\src\middleware\auth.middleware.ts:44:13)[39m
[31m    at Layer.handleRequest (C:\Users\Lenovo\Desktop\NewBranch\branch-backend\node_modules\router\lib\layer.js:152:17)[39m
[31m    at trimPrefix (C:\Users\Lenovo\Desktop\NewBranch\branch-backend\node_modules\router\index.js:342:13)[39m
[31m    at C:\Users\Lenovo\Desktop\NewBranch\branch-backend\node_modules\router\index.js:297:9[39m
[31m    at processParams (C:\Users\Lenovo\Desktop\NewBranch\branch-backend\node_modules\router\index.js:582:12)[39m
[31m    at next (C:\Users\Lenovo\Desktop\NewBranch\branch-backend\node_modules\router\index.js:291:5)[39m
[31m    at Function.handle (C:\Users\Lenovo\Desktop\NewBranch\branch-backend\node_modules\router\index.js:186:3)[39m
[31m    at router (C:\Users\Lenovo\Desktop\NewBranch\branch-backend\node_modules\router\index.js:60:12)[39m
[31m    at Layer.handleRequest (C:\Users\Lenovo\Desktop\NewBranch\branch-backend\node_modules\router\lib\layer.js:152:17)[39m
[31m    at trimPrefix (C:\Users\Lenovo\Desktop\NewBranch\branch-backend\node_modules\router\index.js:342:13)[39m
[2026-09-15 16:58:56:5856] [[31merror[39m]: [31mError: Invalid or expired authentication token.[39m
[31m    at auth (C:\Users\Lenovo\Desktop\NewBranch\branch-backend\src\middleware\auth.middleware.ts:44:13)[39m
[31m    at Layer.handleRequest (C:\Users\Lenovo\Desktop\NewBranch\branch-backend\node_modules\router\lib\layer.js:152:17)[39m
[31m    at trimPrefix (C:\Users\Lenovo\Desktop\NewBranch\branch-backend\node_modules\router\index.js:342:13)[39m
[31m    at C:\Users\Lenovo\Desktop\NewBranch\branch-backend\node_modules\router\index.js:297:9[39m
[31m    at processParams (C:\Users\Lenovo\Desktop\NewBranch\branch-backend\node_modules\router\index.js:582:12)[39m
[31m    at next (C:\Users\Lenovo\Desktop\NewBranch\branch-backend\node_modules\router\index.js:291:5)[39m
[31m    at Function.handle (C:\Users\Lenovo\Desktop\NewBranch\branch-backend\node_modules\router\index.js:186:3)[39m
[31m    at router (C:\Users\Lenovo\Desktop\NewBranch\branch-backend\node_modules\router\index.js:60:12)[39m
[31m    at Layer.handleRequest (C:\Users\Lenovo\Desktop\NewBranch\branch-backend\node_modules\router\lib\layer.js:152:17)[39m
[31m    at trimPrefix (C:\Users\Lenovo\Desktop\NewBranch\branch-backend\node_modules\router\index.js:342:13)[39m
[2026-09-15 16:58:56:5856] [[31merror[39m]: [31mError: Invalid or expired authentication token.[39m
[31m    at auth (C:\Users\Lenovo\Desktop\NewBranch\branch-backend\src\middleware\auth.middleware.ts:44:13)[39m
[31m    at Layer.handleRequest (C:\Users\Lenovo\Desktop\NewBranch\branch-backend\node_modules\router\lib\layer.js:152:17)[39m
[31m    at trimPrefix (C:\Users\Lenovo\Desktop\NewBranch\branch-backend\node_modules\router\index.js:342:13)[39m
[31m    at C:\Users\Lenovo\Desktop\NewBranch\branch-backend\node_modules\router\index.js:297:9[39m
[31m    at processParams (C:\Users\Lenovo\Desktop\NewBranch\branch-backend\node_modules\router\index.js:582:12)[39m
[31m    at next (C:\Users\Lenovo\Desktop\NewBranch\branch-backend\node_modules\router\index.js:291:5)[39m
[31m    at Function.handle (C:\Users\Lenovo\Desktop\NewBranch\branch-backend\node_modules\router\index.js:186:3)[39m
[31m    at router (C:\Users\Lenovo\Desktop\NewBranch\branch-backend\node_modules\router\index.js:60:12)[39m
[31m    at Layer.handleRequest (C:\Users\Lenovo\Desktop\NewBranch\branch-backend\node_modules\router\lib\layer.js:152:17)[39m
[31m    at trimPrefix (C:\Users\Lenovo\Desktop\NewBranch\branch-backend\node_modules\router\index.js:342:13)[39m
[2026-09-15 16:58:56:5856] [[31merror[39m]: [31mError: Invalid or expired authentication token.[39m
[31m    at auth (C:\Users\Lenovo\Desktop\NewBranch\branch-backend\src\middleware\auth.middleware.ts:44:13)[39m
[31m    at Layer.handleRequest (C:\Users\Lenovo\Desktop\NewBranch\branch-backend\node_modules\router\lib\layer.js:152:17)[39m
[31m    at trimPrefix (C:\Users\Lenovo\Desktop\NewBranch\branch-backend\node_modules\router\index.js:342:13)[39m
[31m    at C:\Users\Lenovo\Desktop\NewBranch\branch-backend\node_modules\router\index.js:297:9[39m
[31m    at processParams (C:\Users\Lenovo\Desktop\NewBranch\branch-backend\node_modules\router\index.js:582:12)[39m
[31m    at next (C:\Users\Lenovo\Desktop\NewBranch\branch-backend\node_modules\router\index.js:291:5)[39m
[31m    at Function.handle (C:\Users\Lenovo\Desktop\NewBranch\branch-backend\node_modules\router\index.js:186:3)[39m
[31m    at router (C:\Users\Lenovo\Desktop\NewBranch\branch-backend\node_modules\router\index.js:60:12)[39m
[31m    at Layer.handleRequest (C:\Users\Lenovo\Desktop\NewBranch\branch-backend\node_modules\router\lib\layer.js:152:17)[39m
[31m    at trimPrefix (C:\Users\Lenovo\Desktop\NewBranch\branch-backend\node_modules\router\index.js:342:13)[39m
[2026-09-15 16:58:56:5856] [[31merror[39m]: [31mError: Invalid or expired authentication token.[39m
[31m    at auth (C:\Users\Lenovo\Desktop\NewBranch\branch-backend\src\middleware\auth.middleware.ts:44:13)[39m
[31m    at Layer.handleRequest (C:\Users\Lenovo\Desktop\NewBranch\branch-backend\node_modules\router\lib\layer.js:152:17)[39m
[31m    at trimPrefix (C:\Users\Lenovo\Desktop\NewBranch\branch-backend\node_modules\router\index.js:342:13)[39m
[31m    at C:\Users\Lenovo\Desktop\NewBranch\branch-backend\node_modules\router\index.js:297:9[39m
[31m    at processParams (C:\Users\Lenovo\Desktop\NewBranch\branch-backend\node_modules\router\index.js:582:12)[39m
[31m    at next (C:\Users\Lenovo\Desktop\NewBranch\branch-backend\node_modules\router\index.js:291:5)[39m
[31m    at Function.handle (C:\Users\Lenovo\Desktop\NewBranch\branch-backend\node_modules\router\index.js:186:3)[39m
[31m    at router (C:\Users\Lenovo\Desktop\NewBranch\branch-backend\node_modules\router\index.js:60:12)[39m
[31m    at Layer.handleRequest (C:\Users\Lenovo\Desktop\NewBranch\branch-backend\node_modules\router\lib\layer.js:152:17)[39m
[31m    at trimPrefix (C:\Users\Lenovo\Desktop\NewBranch\branch-backend\node_modules\router\index.js:342:13)[39m
[2026-09-15 17:37:05:375] [[31merror[39m]: [31mError: Invalid or expired authentication token.[39m
[31m    at auth (C:\Users\Lenovo\Desktop\NewBranch\branch-backend\src\middleware\auth.middleware.ts:44:13)[39m
[31m    at Layer.handleRequest (C:\Users\Lenovo\Desktop\NewBranch\branch-backend\node_modules\router\lib\layer.js:152:17)[39m
[31m    at trimPrefix (C:\Users\Lenovo\Desktop\NewBranch\branch-backend\node_modules\router\index.js:342:13)[39m
[31m    at C:\Users\Lenovo\Desktop\NewBranch\branch-backend\node_modules\router\index.js:297:9[39m
[31m    at processParams (C:\Users\Lenovo\Desktop\NewBranch\branch-backend\node_modules\router\index.js:582:12)[39m
[31m    at next (C:\Users\Lenovo\Desktop\NewBranch\branch-backend\node_modules\router\index.js:291:5)[39m
[31m    at Function.handle (C:\Users\Lenovo\Desktop\NewBranch\branch-backend\node_modules\router\index.js:186:3)[39m
[31m    at router (C:\Users\Lenovo\Desktop\NewBranch\branch-backend\node_modules\router\index.js:60:12)[39m
[31m    at Layer.handleRequest (C:\Users\Lenovo\Desktop\NewBranch\branch-backend\node_modules\router\lib\layer.js:152:17)[39m
[31m    at trimPrefix (C:\Users\Lenovo\Desktop\NewBranch\branch-backend\node_modules\router\index.js:342:13)[39m
[2026-09-15 17:37:05:375] [[31merror[39m]: [31mError: Invalid or expired authentication token.[39m
[31m    at auth (C:\Users\Lenovo\Desktop\NewBranch\branch-backend\src\middleware\auth.middleware.ts:44:13)[39m
[31m    at Layer.handleRequest (C:\Users\Lenovo\Desktop\NewBranch\branch-backend\node_modules\router\lib\layer.js:152:17)[39m
[31m    at trimPrefix (C:\Users\Lenovo\Desktop\NewBranch\branch-backend\node_modules\router\index.js:342:13)[39m
[31m    at C:\Users\Lenovo\Desktop\NewBranch\branch-backend\node_modules\router\index.js:297:9[39m
[31m    at processParams (C:\Users\Lenovo\Desktop\NewBranch\branch-backend\node_modules\router\index.js:582:12)[39m
[31m    at next (C:\Users\Lenovo\Desktop\NewBranch\branch-backend\node_modules\router\index.js:291:5)[39m
[31m    at Function.handle (C:\Users\Lenovo\Desktop\NewBranch\branch-backend\node_modules\router\index.js:186:3)[39m
[31m    at router (C:\Users\Lenovo\Desktop\NewBranch\branch-backend\node_modules\router\index.js:60:12)[39m
[31m    at Layer.handleRequest (C:\Users\Lenovo\Desktop\NewBranch\branch-backend\node_modules\router\lib\layer.js:152:17)[39m
[31m    at trimPrefix (C:\Users\Lenovo\Desktop\NewBranch\branch-backend\node_modules\router\index.js:342:13)[39m
[2026-09-15 17:37:05:375] [[31merror[39m]: [31mError: Invalid or expired authentication token.[39m
[31m    at auth (C:\Users\Lenovo\Desktop\NewBranch\branch-backend\src\middleware\auth.middleware.ts:44:13)[39m
[31m    at Layer.handleRequest (C:\Users\Lenovo\Desktop\NewBranch\branch-backend\node_modules\router\lib\layer.js:152:17)[39m
[31m    at trimPrefix (C:\Users\Lenovo\Desktop\NewBranch\branch-backend\node_modules\router\index.js:342:13)[39m
[31m    at C:\Users\Lenovo\Desktop\NewBranch\branch-backend\node_modules\router\index.js:297:9[39m
[31m    at processParams (C:\Users\Lenovo\Desktop\NewBranch\branch-backend\node_modules\router\index.js:582:12)[39m
[31m    at next (C:\Users\Lenovo\Desktop\NewBranch\branch-backend\node_modules\router\index.js:291:5)[39m
[31m    at Function.handle (C:\Users\Lenovo\Desktop\NewBranch\branch-backend\node_modules\router\index.js:186:3)[39m
[31m    at router (C:\Users\Lenovo\Desktop\NewBranch\branch-backend\node_modules\router\index.js:60:12)[39m
[31m    at Layer.handleRequest (C:\Users\Lenovo\Desktop\NewBranch\branch-backend\node_modules\router\lib\layer.js:152:17)[39m
[31m    at trimPrefix (C:\Users\Lenovo\Desktop\NewBranch\branch-backend\node_modules\router\index.js:342:13)[39m
[2026-09-15 17:37:05:375] [[31merror[39m]: [31mError: Invalid or expired authentication token.[39m
[31m    at auth (C:\Users\Lenovo\Desktop\NewBranch\branch-backend\src\middleware\auth.middleware.ts:44:13)[39m
[31m    at Layer.handleRequest (C:\Users\Lenovo\Desktop\NewBranch\branch-backend\node_modules\router\lib\layer.js:152:17)[39m
[31m    at trimPrefix (C:\Users\Lenovo\Desktop\NewBranch\branch-backend\node_modules\router\index.js:342:13)[39m
[31m    at C:\Users\Lenovo\Desktop\NewBranch\branch-backend\node_modules\router\index.js:297:9[39m
[31m    at processParams (C:\Users\Lenovo\Desktop\NewBranch\branch-backend\node_modules\router\index.js:582:12)[39m
[31m    at next (C:\Users\Lenovo\Desktop\NewBranch\branch-backend\node_modules\router\index.js:291:5)[39m
[31m    at Function.handle (C:\Users\Lenovo\Desktop\NewBranch\branch-backend\node_modules\router\index.js:186:3)[39m
[31m    at router (C:\Users\Lenovo\Desktop\NewBranch\branch-backend\node_modules\router\index.js:60:12)[39m
[31m    at Layer.handleRequest (C:\Users\Lenovo\Desktop\NewBranch\branch-backend\node_modules\router\lib\layer.js:152:17)[39m
[31m    at trimPrefix (C:\Users\Lenovo\Desktop\NewBranch\branch-backend\node_modules\router\index.js:342:13)[39m
[2026-09-15 17:37:05:375] [[31merror[39m]: [31mError: Invalid or expired authentication token.[39m
[31m    at auth (C:\Users\Lenovo\Desktop\NewBranch\branch-backend\src\middleware\auth.middleware.ts:44:13)[39m
[31m    at Layer.handleRequest (C:\Users\Lenovo\Desktop\NewBranch\branch-backend\node_modules\router\lib\layer.js:152:17)[39m
[31m    at trimPrefix (C:\Users\Lenovo\Desktop\NewBranch\branch-backend\node_modules\router\index.js:342:13)[39m
[31m    at C:\Users\Lenovo\Desktop\NewBranch\branch-backend\node_modules\router\index.js:297:9[39m
[31m    at processParams (C:\Users\Lenovo\Desktop\NewBranch\branch-backend\node_modules\router\index.js:582:12)[39m
[31m    at next (C:\Users\Lenovo\Desktop\NewBranch\branch-backend\node_modules\router\index.js:291:5)[39m
[31m    at Function.handle (C:\Users\Lenovo\Desktop\NewBranch\branch-backend\node_modules\router\index.js:186:3)[39m
[31m    at router (C:\Users\Lenovo\Desktop\NewBranch\branch-backend\node_modules\router\index.js:60:12)[39m
[31m    at Layer.handleRequest (C:\Users\Lenovo\Desktop\NewBranch\branch-backend\node_modules\router\lib\layer.js:152:17)[39m
[31m    at trimPrefix (C:\Users\Lenovo\Desktop\NewBranch\branch-backend\node_modules\router\index.js:342:13)[39m
[2026-09-15 17:37:05:375] [[31merror[39m]: [31mError: Invalid or expired authentication token.[39m
[31m    at auth (C:\Users\Lenovo\Desktop\NewBranch\branch-backend\src\middleware\auth.middleware.ts:44:13)[39m
[31m    at Layer.handleRequest (C:\Users\Lenovo\Desktop\NewBranch\branch-backend\node_modules\router\lib\layer.js:152:17)[39m
[31m    at trimPrefix (C:\Users\Lenovo\Desktop\NewBranch\branch-backend\node_modules\router\index.js:342:13)[39m
[31m    at C:\Users\Lenovo\Desktop\NewBranch\branch-backend\node_modules\router\index.js:297:9[39m
[31m    at processParams (C:\Users\Lenovo\Desktop\NewBranch\branch-backend\node_modules\router\index.js:582:12)[39m
[31m    at next (C:\Users\Lenovo\Desktop\NewBranch\branch-backend\node_modules\router\index.js:291:5)[39m
[31m    at Function.handle (C:\Users\Lenovo\Desktop\NewBranch\branch-backend\node_modules\router\index.js:186:3)[39m
[31m    at router (C:\Users\Lenovo\Desktop\NewBranch\branch-backend\node_modules\router\index.js:60:12)[39m
[31m    at Layer.handleRequest (C:\Users\Lenovo\Desktop\NewBranch\branch-backend\node_modules\router\lib\layer.js:152:17)[39m
[31m    at trimPrefix (C:\Users\Lenovo\Desktop\NewBranch\branch-backend\node_modules\router\index.js:342:13)[39m
[2026-09-15 17:37:05:375] [[31merror[39m]: [31mError: Invalid or expired authentication token.[39m
[31m    at auth (C:\Users\Lenovo\Desktop\NewBranch\branch-backend\src\middleware\auth.middleware.ts:44:13)[39m
[31m    at Layer.handleRequest (C:\Users\Lenovo\Desktop\NewBranch\branch-backend\node_modules\router\lib\layer.js:152:17)[39m
[31m    at trimPrefix (C:\Users\Lenovo\Desktop\NewBranch\branch-backend\node_modules\router\index.js:342:13)[39m
[31m    at C:\Users\Lenovo\Desktop\NewBranch\branch-backend\node_modules\router\index.js:297:9[39m
[31m    at processParams (C:\Users\Lenovo\Desktop\NewBranch\branch-backend\node_modules\router\index.js:582:12)[39m
[31m    at next (C:\Users\Lenovo\Desktop\NewBranch\branch-backend\node_modules\router\index.js:291:5)[39m
[31m    at Function.handle (C:\Users\Lenovo\Desktop\NewBranch\branch-backend\node_modules\router\index.js:186:3)[39m
[31m    at router (C:\Users\Lenovo\Desktop\NewBranch\branch-backend\node_modules\router\index.js:60:12)[39m
[31m    at Layer.handleRequest (C:\Users\Lenovo\Desktop\NewBranch\branch-backend\node_modules\router\lib\layer.js:152:17)[39m
[31m    at trimPrefix (C:\Users\Lenovo\Desktop\NewBranch\branch-backend\node_modules\router\index.js:342:13)[39m
[2026-09-15 17:37:05:375] [[31merror[39m]: [31mError: Invalid or expired authentication token.[39m
[31m    at auth (C:\Users\Lenovo\Desktop\NewBranch\branch-backend\src\middleware\auth.middleware.ts:44:13)[39m
[31m    at Layer.handleRequest (C:\Users\Lenovo\Desktop\NewBranch\branch-backend\node_modules\router\lib\layer.js:152:17)[39m
[31m    at trimPrefix (C:\Users\Lenovo\Desktop\NewBranch\branch-backend\node_modules\router\index.js:342:13)[39m
[31m    at C:\Users\Lenovo\Desktop\NewBranch\branch-backend\node_modules\router\index.js:297:9[39m
[31m    at processParams (C:\Users\Lenovo\Desktop\NewBranch\branch-backend\node_modules\router\index.js:582:12)[39m
[31m    at next (C:\Users\Lenovo\Desktop\NewBranch\branch-backend\node_modules\router\index.js:291:5)[39m
[31m    at Function.handle (C:\Users\Lenovo\Desktop\NewBranch\branch-backend\node_modules\router\index.js:186:3)[39m
[31m    at router (C:\Users\Lenovo\Desktop\NewBranch\branch-backend\node_modules\router\index.js:60:12)[39m
[31m    at Layer.handleRequest (C:\Users\Lenovo\Desktop\NewBranch\branch-backend\node_modules\router\lib\layer.js:152:17)[39m
[31m    at trimPrefix (C:\Users\Lenovo\Desktop\NewBranch\branch-backend\node_modules\router\index.js:342:13)[39m
[2026-09-15 17:37:05:375] [[31merror[39m]: [31mError: Invalid or expired authentication token.[39m
[31m    at auth (C:\Users\Lenovo\Desktop\NewBranch\branch-backend\src\middleware\auth.middleware.ts:44:13)[39m
[31m    at Layer.handleRequest (C:\Users\Lenovo\Desktop\NewBranch\branch-backend\node_modules\router\lib\layer.js:152:17)[39m
[31m    at trimPrefix (C:\Users\Lenovo\Desktop\NewBranch\branch-backend\node_modules\router\index.js:342:13)[39m
[31m    at C:\Users\Lenovo\Desktop\NewBranch\branch-backend\node_modules\router\index.js:297:9[39m
[31m    at processParams (C:\Users\Lenovo\Desktop\NewBranch\branch-backend\node_modules\router\index.js:582:12)[39m
[31m    at next (C:\Users\Lenovo\Desktop\NewBranch\branch-backend\node_modules\router\index.js:291:5)[39m
[31m    at Function.handle (C:\Users\Lenovo\Desktop\NewBranch\branch-backend\node_modules\router\index.js:186:3)[39m
[31m    at router (C:\Users\Lenovo\Desktop\NewBranch\branch-backend\node_modules\router\index.js:60:12)[39m
[31m    at Layer.handleRequest (C:\Users\Lenovo\Desktop\NewBranch\branch-backend\node_modules\router\lib\layer.js:152:17)[39m
[31m    at trimPrefix (C:\Users\Lenovo\Desktop\NewBranch\branch-backend\node_modules\router\index.js:342:13)[39m
[2026-09-15 17:52:15:5215] [[31merror[39m]: [31mError: Invalid or expired authentication token.[39m
[31m    at auth (C:\Users\Lenovo\Desktop\NewBranch\branch-backend\src\middleware\auth.middleware.ts:44:13)[39m
[31m    at Layer.handleRequest (C:\Users\Lenovo\Desktop\NewBranch\branch-backend\node_modules\router\lib\layer.js:152:17)[39m
[31m    at trimPrefix (C:\Users\Lenovo\Desktop\NewBranch\branch-backend\node_modules\router\index.js:342:13)[39m
[31m    at C:\Users\Lenovo\Desktop\NewBranch\branch-backend\node_modules\router\index.js:297:9[39m
[31m    at processParams (C:\Users\Lenovo\Desktop\NewBranch\branch-backend\node_modules\router\index.js:582:12)[39m
[31m    at next (C:\Users\Lenovo\Desktop\NewBranch\branch-backend\node_modules\router\index.js:291:5)[39m
[31m    at Function.handle (C:\Users\Lenovo\Desktop\NewBranch\branch-backend\node_modules\router\index.js:186:3)[39m
[31m    at router (C:\Users\Lenovo\Desktop\NewBranch\branch-backend\node_modules\router\index.js:60:12)[39m
[31m    at Layer.handleRequest (C:\Users\Lenovo\Desktop\NewBranch\branch-backend\node_modules\router\lib\layer.js:152:17)[39m
[31m    at trimPrefix (C:\Users\Lenovo\Desktop\NewBranch\branch-backend\node_modules\router\index.js:342:13)[39m
[2026-09-15 17:52:15:5215] [[31merror[39m]: [31mError: Invalid or expired authentication token.[39m
[31m    at auth (C:\Users\Lenovo\Desktop\NewBranch\branch-backend\src\middleware\auth.middleware.ts:44:13)[39m
[31m    at Layer.handleRequest (C:\Users\Lenovo\Desktop\NewBranch\branch-backend\node_modules\router\lib\layer.js:152:17)[39m
[31m    at trimPrefix (C:\Users\Lenovo\Desktop\NewBranch\branch-backend\node_modules\router\index.js:342:13)[39m
[31m    at C:\Users\Lenovo\Desktop\NewBranch\branch-backend\node_modules\router\index.js:297:9[39m
[31m    at processParams (C:\Users\Lenovo\Desktop\NewBranch\branch-backend\node_modules\router\index.js:582:12)[39m
[31m    at next (C:\Users\Lenovo\Desktop\NewBranch\branch-backend\node_modules\router\index.js:291:5)[39m
[31m    at Function.handle (C:\Users\Lenovo\Desktop\NewBranch\branch-backend\node_modules\router\index.js:186:3)[39m
[31m    at router (C:\Users\Lenovo\Desktop\NewBranch\branch-backend\node_modules\router\index.js:60:12)[39m
[31m    at Layer.handleRequest (C:\Users\Lenovo\Desktop\NewBranch\branch-backend\node_modules\router\lib\layer.js:152:17)[39m
[31m    at trimPrefix (C:\Users\Lenovo\Desktop\NewBranch\branch-backend\node_modules\router\index.js:342:13)[39m
[2026-09-15 17:52:15:5215] [[31merror[39m]: [31mError: Invalid or expired authentication token.[39m
[31m    at auth (C:\Users\Lenovo\Desktop\NewBranch\branch-backend\src\middleware\auth.middleware.ts:44:13)[39m
[31m    at Layer.handleRequest (C:\Users\Lenovo\Desktop\NewBranch\branch-backend\node_modules\router\lib\layer.js:152:17)[39m
[31m    at trimPrefix (C:\Users\Lenovo\Desktop\NewBranch\branch-backend\node_modules\router\index.js:342:13)[39m
[31m    at C:\Users\Lenovo\Desktop\NewBranch\branch-backend\node_modules\router\index.js:297:9[39m
[31m    at processParams (C:\Users\Lenovo\Desktop\NewBranch\branch-backend\node_modules\router\index.js:582:12)[39m
[31m    at next (C:\Users\Lenovo\Desktop\NewBranch\branch-backend\node_modules\router\index.js:291:5)[39m
[31m    at Function.handle (C:\Users\Lenovo\Desktop\NewBranch\branch-backend\node_modules\router\index.js:186:3)[39m
[31m    at router (C:\Users\Lenovo\Desktop\NewBranch\branch-backend\node_modules\router\index.js:60:12)[39m
[31m    at Layer.handleRequest (C:\Users\Lenovo\Desktop\NewBranch\branch-backend\node_modules\router\lib\layer.js:152:17)[39m
[31m    at trimPrefix (C:\Users\Lenovo\Desktop\NewBranch\branch-backend\node_modules\router\index.js:342:13)[39m
[2026-09-15 17:52:15:5215] [[31merror[39m]: [31mError: Invalid or expired authentication token.[39m
[31m    at auth (C:\Users\Lenovo\Desktop\NewBranch\branch-backend\src\middleware\auth.middleware.ts:44:13)[39m
[31m    at Layer.handleRequest (C:\Users\Lenovo\Desktop\NewBranch\branch-backend\node_modules\router\lib\layer.js:152:17)[39m
[31m    at trimPrefix (C:\Users\Lenovo\Desktop\NewBranch\branch-backend\node_modules\router\index.js:342:13)[39m
[31m    at C:\Users\Lenovo\Desktop\NewBranch\branch-backend\node_modules\router\index.js:297:9[39m
[31m    at processParams (C:\Users\Lenovo\Desktop\NewBranch\branch-backend\node_modules\router\index.js:582:12)[39m
[31m    at next (C:\Users\Lenovo\Desktop\NewBranch\branch-backend\node_modules\router\index.js:291:5)[39m
[31m    at Function.handle (C:\Users\Lenovo\Desktop\NewBranch\branch-backend\node_modules\router\index.js:186:3)[39m
[31m    at router (C:\Users\Lenovo\Desktop\NewBranch\branch-backend\node_modules\router\index.js:60:12)[39m
[31m    at Layer.handleRequest (C:\Users\Lenovo\Desktop\NewBranch\branch-backend\node_modules\router\lib\layer.js:152:17)[39m
[31m    at trimPrefix (C:\Users\Lenovo\Desktop\NewBranch\branch-backend\node_modules\router\index.js:342:13)[39m
[2026-09-15 17:52:15:5215] [[31merror[39m]: [31mError: Invalid or expired authentication token.[39m
[31m    at auth (C:\Users\Lenovo\Desktop\NewBranch\branch-backend\src\middleware\auth.middleware.ts:44:13)[39m
[31m    at Layer.handleRequest (C:\Users\Lenovo\Desktop\NewBranch\branch-backend\node_modules\router\lib\layer.js:152:17)[39m
[31m    at trimPrefix (C:\Users\Lenovo\Desktop\NewBranch\branch-backend\node_modules\router\index.js:342:13)[39m
[31m    at C:\Users\Lenovo\Desktop\NewBranch\branch-backend\node_modules\router\index.js:297:9[39m
[31m    at processParams (C:\Users\Lenovo\Desktop\NewBranch\branch-backend\node_modules\router\index.js:582:12)[39m
[31m    at next (C:\Users\Lenovo\Desktop\NewBranch\branch-backend\node_modules\router\index.js:291:5)[39m
[31m    at Function.handle (C:\Users\Lenovo\Desktop\NewBranch\branch-backend\node_modules\router\index.js:186:3)[39m
[31m    at router (C:\Users\Lenovo\Desktop\NewBranch\branch-backend\node_modules\router\index.js:60:12)[39m
[31m    at Layer.handleRequest (C:\Users\Lenovo\Desktop\NewBranch\branch-backend\node_modules\router\lib\layer.js:152:17)[39m
[31m    at trimPrefix (C:\Users\Lenovo\Desktop\NewBranch\branch-backend\node_modules\router\index.js:342:13)[39m
[2026-09-15 17:52:15:5215] [[31merror[39m]: [31mError: Invalid or expired authentication token.[39m
[31m    at auth (C:\Users\Lenovo\Desktop\NewBranch\branch-backend\src\middleware\auth.middleware.ts:44:13)[39m
[31m    at Layer.handleRequest (C:\Users\Lenovo\Desktop\NewBranch\branch-backend\node_modules\router\lib\layer.js:152:17)[39m
[31m    at trimPrefix (C:\Users\Lenovo\Desktop\NewBranch\branch-backend\node_modules\router\index.js:342:13)[39m
[31m    at C:\Users\Lenovo\Desktop\NewBranch\branch-backend\node_modules\router\index.js:297:9[39m
[31m    at processParams (C:\Users\Lenovo\Desktop\NewBranch\branch-backend\node_modules\router\index.js:582:12)[39m
[31m    at next (C:\Users\Lenovo\Desktop\NewBranch\branch-backend\node_modules\router\index.js:291:5)[39m
[31m    at Function.handle (C:\Users\Lenovo\Desktop\NewBranch\branch-backend\node_modules\router\index.js:186:3)[39m
[31m    at router (C:\Users\Lenovo\Desktop\NewBranch\branch-backend\node_modules\router\index.js:60:12)[39m
[31m    at Layer.handleRequest (C:\Users\Lenovo\Desktop\NewBranch\branch-backend\node_modules\router\lib\layer.js:152:17)[39m
[31m    at trimPrefix (C:\Users\Lenovo\Desktop\NewBranch\branch-backend\node_modules\router\index.js:342:13)[39m
[2026-09-15 17:52:15:5215] [[31merror[39m]: [31mError: Invalid or expired authentication token.[39m
[31m    at auth (C:\Users\Lenovo\Desktop\NewBranch\branch-backend\src\middleware\auth.middleware.ts:44:13)[39m
[31m    at Layer.handleRequest (C:\Users\Lenovo\Desktop\NewBranch\branch-backend\node_modules\router\lib\layer.js:152:17)[39m
[31m    at trimPrefix (C:\Users\Lenovo\Desktop\NewBranch\branch-backend\node_modules\router\index.js:342:13)[39m
[31m    at C:\Users\Lenovo\Desktop\NewBranch\branch-backend\node_modules\router\index.js:297:9[39m
[31m    at processParams (C:\Users\Lenovo\Desktop\NewBranch\branch-backend\node_modules\router\index.js:582:12)[39m
[31m    at next (C:\Users\Lenovo\Desktop\NewBranch\branch-backend\node_modules\router\index.js:291:5)[39m
[31m    at Function.handle (C:\Users\Lenovo\Desktop\NewBranch\branch-backend\node_modules\router\index.js:186:3)[39m
[31m    at router (C:\Users\Lenovo\Desktop\NewBranch\branch-backend\node_modules\router\index.js:60:12)[39m
[31m    at Layer.handleRequest (C:\Users\Lenovo\Desktop\NewBranch\branch-backend\node_modules\router\lib\layer.js:152:17)[39m
[31m    at trimPrefix (C:\Users\Lenovo\Desktop\NewBranch\branch-backend\node_modules\router\index.js:342:13)[39m
[2026-09-15 17:52:15:5215] [[31merror[39m]: [31mError: Invalid or expired authentication token.[39m
[31m    at auth (C:\Users\Lenovo\Desktop\NewBranch\branch-backend\src\middleware\auth.middleware.ts:44:13)[39m
[31m    at Layer.handleRequest (C:\Users\Lenovo\Desktop\NewBranch\branch-backend\node_modules\router\lib\layer.js:152:17)[39m
[31m    at trimPrefix (C:\Users\Lenovo\Desktop\NewBranch\branch-backend\node_modules\router\index.js:342:13)[39m
[31m    at C:\Users\Lenovo\Desktop\NewBranch\branch-backend\node_modules\router\index.js:297:9[39m
[31m    at processParams (C:\Users\Lenovo\Desktop\NewBranch\branch-backend\node_modules\router\index.js:582:12)[39m
[31m    at next (C:\Users\Lenovo\Desktop\NewBranch\branch-backend\node_modules\router\index.js:291:5)[39m
[31m    at Function.handle (C:\Users\Lenovo\Desktop\NewBranch\branch-backend\node_modules\router\index.js:186:3)[39m
[31m    at router (C:\Users\Lenovo\Desktop\NewBranch\branch-backend\node_modules\router\index.js:60:12)[39m
[31m    at Layer.handleRequest (C:\Users\Lenovo\Desktop\NewBranch\branch-backend\node_modules\router\lib\layer.js:152:17)[39m
[31m    at trimPrefix (C:\Users\Lenovo\Desktop\NewBranch\branch-backend\node_modules\router\index.js:342:13)[39m
[2026-09-15 17:52:15:5215] [[31merror[39m]: [31mError: Invalid or expired authentication token.[39m
[31m    at auth (C:\Users\Lenovo\Desktop\NewBranch\branch-backend\src\middleware\auth.middleware.ts:44:13)[39m
[31m    at Layer.handleRequest (C:\Users\Lenovo\Desktop\NewBranch\branch-backend\node_modules\router\lib\layer.js:152:17)[39m
[31m    at trimPrefix (C:\Users\Lenovo\Desktop\NewBranch\branch-backend\node_modules\router\index.js:342:13)[39m
[31m    at C:\Users\Lenovo\Desktop\NewBranch\branch-backend\node_modules\router\index.js:297:9[39m
[31m    at processParams (C:\Users\Lenovo\Desktop\NewBranch\branch-backend\node_modules\router\index.js:582:12)[39m
[31m    at next (C:\Users\Lenovo\Desktop\NewBranch\branch-backend\node_modules\router\index.js:291:5)[39m
[31m    at Function.handle (C:\Users\Lenovo\Desktop\NewBranch\branch-backend\node_modules\router\index.js:186:3)[39m
[31m    at router (C:\Users\Lenovo\Desktop\NewBranch\branch-backend\node_modules\router\index.js:60:12)[39m
[31m    at Layer.handleRequest (C:\Users\Lenovo\Desktop\NewBranch\branch-backend\node_modules\router\lib\layer.js:152:17)[39m
[31m    at trimPrefix (C:\Users\Lenovo\Desktop\NewBranch\branch-backend\node_modules\router\index.js:342:13)[39m
[2026-09-15 18:19:41:1941] [[31merror[39m]: [31mError: Invalid or expired authentication token.[39m
[31m    at auth (C:\Users\Lenovo\Desktop\NewBranch\branch-backend\src\middleware\auth.middleware.ts:44:13)[39m
[31m    at Layer.handleRequest (C:\Users\Lenovo\Desktop\NewBranch\branch-backend\node_modules\router\lib\layer.js:152:17)[39m
[31m    at trimPrefix (C:\Users\Lenovo\Desktop\NewBranch\branch-backend\node_modules\router\index.js:342:13)[39m
[31m    at C:\Users\Lenovo\Desktop\NewBranch\branch-backend\node_modules\router\index.js:297:9[39m
[31m    at processParams (C:\Users\Lenovo\Desktop\NewBranch\branch-backend\node_modules\router\index.js:582:12)[39m
[31m    at next (C:\Users\Lenovo\Desktop\NewBranch\branch-backend\node_modules\router\index.js:291:5)[39m
[31m    at Function.handle (C:\Users\Lenovo\Desktop\NewBranch\branch-backend\node_modules\router\index.js:186:3)[39m
[31m    at router (C:\Users\Lenovo\Desktop\NewBranch\branch-backend\node_modules\router\index.js:60:12)[39m
[31m    at Layer.handleRequest (C:\Users\Lenovo\Desktop\NewBranch\branch-backend\node_modules\router\lib\layer.js:152:17)[39m
[31m    at trimPrefix (C:\Users\Lenovo\Desktop\NewBranch\branch-backend\node_modules\router\index.js:342:13)[39m
[2026-09-15 18:19:41:1941] [[31merror[39m]: [31mError: Invalid or expired authentication token.[39m
[31m    at auth (C:\Users\Lenovo\Desktop\NewBranch\branch-backend\src\middleware\auth.middleware.ts:44:13)[39m
[31m    at Layer.handleRequest (C:\Users\Lenovo\Desktop\NewBranch\branch-backend\node_modules\router\lib\layer.js:152:17)[39m
[31m    at trimPrefix (C:\Users\Lenovo\Desktop\NewBranch\branch-backend\node_modules\router\index.js:342:13)[39m
[31m    at C:\Users\Lenovo\Desktop\NewBranch\branch-backend\node_modules\router\index.js:297:9[39m
[31m    at processParams (C:\Users\Lenovo\Desktop\NewBranch\branch-backend\node_modules\router\index.js:582:12)[39m
[31m    at next (C:\Users\Lenovo\Desktop\NewBranch\branch-backend\node_modules\router\index.js:291:5)[39m
[31m    at Function.handle (C:\Users\Lenovo\Desktop\NewBranch\branch-backend\node_modules\router\index.js:186:3)[39m
[31m    at router (C:\Users\Lenovo\Desktop\NewBranch\branch-backend\node_modules\router\index.js:60:12)[39m
[31m    at Layer.handleRequest (C:\Users\Lenovo\Desktop\NewBranch\branch-backend\node_modules\router\lib\layer.js:152:17)[39m
[31m    at trimPrefix (C:\Users\Lenovo\Desktop\NewBranch\branch-backend\node_modules\router\index.js:342:13)[39m
[2026-09-15 18:19:41:1941] [[31merror[39m]: [31mError: Invalid or expired authentication token.[39m
[31m    at auth (C:\Users\Lenovo\Desktop\NewBranch\branch-backend\src\middleware\auth.middleware.ts:44:13)[39m
[31m    at Layer.handleRequest (C:\Users\Lenovo\Desktop\NewBranch\branch-backend\node_modules\router\lib\layer.js:152:17)[39m
[31m    at trimPrefix (C:\Users\Lenovo\Desktop\NewBranch\branch-backend\node_modules\router\index.js:342:13)[39m
[31m    at C:\Users\Lenovo\Desktop\NewBranch\branch-backend\node_modules\router\index.js:297:9[39m
[31m    at processParams (C:\Users\Lenovo\Desktop\NewBranch\branch-backend\node_modules\router\index.js:582:12)[39m
[31m    at next (C:\Users\Lenovo\Desktop\NewBranch\branch-backend\node_modules\router\index.js:291:5)[39m
[31m    at Function.handle (C:\Users\Lenovo\Desktop\NewBranch\branch-backend\node_modules\router\index.js:186:3)[39m
[31m    at router (C:\Users\Lenovo\Desktop\NewBranch\branch-backend\node_modules\router\index.js:60:12)[39m
[31m    at Layer.handleRequest (C:\Users\Lenovo\Desktop\NewBranch\branch-backend\node_modules\router\lib\layer.js:152:17)[39m
[31m    at trimPrefix (C:\Users\Lenovo\Desktop\NewBranch\branch-backend\node_modules\router\index.js:342:13)[39m
[2026-09-15 18:19:41:1941] [[31merror[39m]: [31mError: Invalid or expired authentication token.[39m
[31m    at auth (C:\Users\Lenovo\Desktop\NewBranch\branch-backend\src\middleware\auth.middleware.ts:44:13)[39m
[31m    at Layer.handleRequest (C:\Users\Lenovo\Desktop\NewBranch\branch-backend\node_modules\router\lib\layer.js:152:17)[39m
[31m    at trimPrefix (C:\Users\Lenovo\Desktop\NewBranch\branch-backend\node_modules\router\index.js:342:13)[39m
[31m    at C:\Users\Lenovo\Desktop\NewBranch\branch-backend\node_modules\router\index.js:297:9[39m
[31m    at processParams (C:\Users\Lenovo\Desktop\NewBranch\branch-backend\node_modules\router\index.js:582:12)[39m
[31m    at next (C:\Users\Lenovo\Desktop\NewBranch\branch-backend\node_modules\router\index.js:291:5)[39m
[31m    at Function.handle (C:\Users\Lenovo\Desktop\NewBranch\branch-backend\node_modules\router\index.js:186:3)[39m
[31m    at router (C:\Users\Lenovo\Desktop\NewBranch\branch-backend\node_modules\router\index.js:60:12)[39m
[31m    at Layer.handleRequest (C:\Users\Lenovo\Desktop\NewBranch\branch-backend\node_modules\router\lib\layer.js:152:17)[39m
[31m    at trimPrefix (C:\Users\Lenovo\Desktop\NewBranch\branch-backend\node_modules\router\index.js:342:13)[39m
[2026-09-15 18:19:41:1941] [[31merror[39m]: [31mError: Invalid or expired authentication token.[39m
[31m    at auth (C:\Users\Lenovo\Desktop\NewBranch\branch-backend\src\middleware\auth.middleware.ts:44:13)[39m
[31m    at Layer.handleRequest (C:\Users\Lenovo\Desktop\NewBranch\branch-backend\node_modules\router\lib\layer.js:152:17)[39m
[31m    at trimPrefix (C:\Users\Lenovo\Desktop\NewBranch\branch-backend\node_modules\router\index.js:342:13)[39m
[31m    at C:\Users\Lenovo\Desktop\NewBranch\branch-backend\node_modules\router\index.js:297:9[39m
[31m    at processParams (C:\Users\Lenovo\Desktop\NewBranch\branch-backend\node_modules\router\index.js:582:12)[39m
[31m    at next (C:\Users\Lenovo\Desktop\NewBranch\branch-backend\node_modules\router\index.js:291:5)[39m
[31m    at Function.handle (C:\Users\Lenovo\Desktop\NewBranch\branch-backend\node_modules\router\index.js:186:3)[39m
[31m    at router (C:\Users\Lenovo\Desktop\NewBranch\branch-backend\node_modules\router\index.js:60:12)[39m
[31m    at Layer.handleRequest (C:\Users\Lenovo\Desktop\NewBranch\branch-backend\node_modules\router\lib\layer.js:152:17)[39m
[31m    at trimPrefix (C:\Users\Lenovo\Desktop\NewBranch\branch-backend\node_modules\router\index.js:342:13)[39m
[2026-09-15 18:19:41:1941] [[31merror[39m]: [31mError: Invalid or expired authentication token.[39m
[31m    at auth (C:\Users\Lenovo\Desktop\NewBranch\branch-backend\src\middleware\auth.middleware.ts:44:13)[39m
[31m    at Layer.handleRequest (C:\Users\Lenovo\Desktop\NewBranch\branch-backend\node_modules\router\lib\layer.js:152:17)[39m
[31m    at trimPrefix (C:\Users\Lenovo\Desktop\NewBranch\branch-backend\node_modules\router\index.js:342:13)[39m
[31m    at C:\Users\Lenovo\Desktop\NewBranch\branch-backend\node_modules\router\index.js:297:9[39m
[31m    at processParams (C:\Users\Lenovo\Desktop\NewBranch\branch-backend\node_modules\router\index.js:582:12)[39m
[31m    at next (C:\Users\Lenovo\Desktop\NewBranch\branch-backend\node_modules\router\index.js:291:5)[39m
[31m    at Function.handle (C:\Users\Lenovo\Desktop\NewBranch\branch-backend\node_modules\router\index.js:186:3)[39m
[31m    at router (C:\Users\Lenovo\Desktop\NewBranch\branch-backend\node_modules\router\index.js:60:12)[39m
[31m    at Layer.handleRequest (C:\Users\Lenovo\Desktop\NewBranch\branch-backend\node_modules\router\lib\layer.js:152:17)[39m
[31m    at trimPrefix (C:\Users\Lenovo\Desktop\NewBranch\branch-backend\node_modules\router\index.js:342:13)[39m
[2026-09-15 18:19:41:1941] [[31merror[39m]: [31mError: Invalid or expired authentication token.[39m
[31m    at auth (C:\Users\Lenovo\Desktop\NewBranch\branch-backend\src\middleware\auth.middleware.ts:44:13)[39m
[31m    at Layer.handleRequest (C:\Users\Lenovo\Desktop\NewBranch\branch-backend\node_modules\router\lib\layer.js:152:17)[39m
[31m    at trimPrefix (C:\Users\Lenovo\Desktop\NewBranch\branch-backend\node_modules\router\index.js:342:13)[39m
[31m    at C:\Users\Lenovo\Desktop\NewBranch\branch-backend\node_modules\router\index.js:297:9[39m
[31m    at processParams (C:\Users\Lenovo\Desktop\NewBranch\branch-backend\node_modules\router\index.js:582:12)[39m
[31m    at next (C:\Users\Lenovo\Desktop\NewBranch\branch-backend\node_modules\router\index.js:291:5)[39m
[31m    at Function.handle (C:\Users\Lenovo\Desktop\NewBranch\branch-backend\node_modules\router\index.js:186:3)[39m
[31m    at router (C:\Users\Lenovo\Desktop\NewBranch\branch-backend\node_modules\router\index.js:60:12)[39m
[31m    at Layer.handleRequest (C:\Users\Lenovo\Desktop\NewBranch\branch-backend\node_modules\router\lib\layer.js:152:17)[39m
[31m    at trimPrefix (C:\Users\Lenovo\Desktop\NewBranch\branch-backend\node_modules\router\index.js:342:13)[39m
[2026-09-15 18:19:41:1941] [[31merror[39m]: [31mError: Invalid or expired authentication token.[39m
[31m    at auth (C:\Users\Lenovo\Desktop\NewBranch\branch-backend\src\middleware\auth.middleware.ts:44:13)[39m
[31m    at Layer.handleRequest (C:\Users\Lenovo\Desktop\NewBranch\branch-backend\node_modules\router\lib\layer.js:152:17)[39m
[31m    at trimPrefix (C:\Users\Lenovo\Desktop\NewBranch\branch-backend\node_modules\router\index.js:342:13)[39m
[31m    at C:\Users\Lenovo\Desktop\NewBranch\branch-backend\node_modules\router\index.js:297:9[39m
[31m    at processParams (C:\Users\Lenovo\Desktop\NewBranch\branch-backend\node_modules\router\index.js:582:12)[39m
[31m    at next (C:\Users\Lenovo\Desktop\NewBranch\branch-backend\node_modules\router\index.js:291:5)[39m
[31m    at Function.handle (C:\Users\Lenovo\Desktop\NewBranch\branch-backend\node_modules\router\index.js:186:3)[39m
[31m    at router (C:\Users\Lenovo\Desktop\NewBranch\branch-backend\node_modules\router\index.js:60:12)[39m
[31m    at Layer.handleRequest (C:\Users\Lenovo\Desktop\NewBranch\branch-backend\node_modules\router\lib\layer.js:152:17)[39m
[31m    at trimPrefix (C:\Users\Lenovo\Desktop\NewBranch\branch-backend\node_modules\router\index.js:342:13)[39m
[2026-09-15 18:19:41:1941] [[31merror[39m]: [31mError: Invalid or expired authentication token.[39m
[31m    at auth (C:\Users\Lenovo\Desktop\NewBranch\branch-backend\src\middleware\auth.middleware.ts:44:13)[39m
[31m    at Layer.handleRequest (C:\Users\Lenovo\Desktop\NewBranch\branch-backend\node_modules\router\lib\layer.js:152:17)[39m
[31m    at trimPrefix (C:\Users\Lenovo\Desktop\NewBranch\branch-backend\node_modules\router\index.js:342:13)[39m
[31m    at C:\Users\Lenovo\Desktop\NewBranch\branch-backend\node_modules\router\index.js:297:9[39m
[31m    at processParams (C:\Users\Lenovo\Desktop\NewBranch\branch-backend\node_modules\router\index.js:582:12)[39m
[31m    at next (C:\Users\Lenovo\Desktop\NewBranch\branch-backend\node_modules\router\index.js:291:5)[39m
[31m    at Function.handle (C:\Users\Lenovo\Desktop\NewBranch\branch-backend\node_modules\router\index.js:186:3)[39m
[31m    at router (C:\Users\Lenovo\Desktop\NewBranch\branch-backend\node_modules\router\index.js:60:12)[39m
[31m    at Layer.handleRequest (C:\Users\Lenovo\Desktop\NewBranch\branch-backend\node_modules\router\lib\layer.js:152:17)[39m
[31m    at trimPrefix (C:\Users\Lenovo\Desktop\NewBranch\branch-backend\node_modules\router\index.js:342:13)[39m
[2026-09-16 10:24:08:248] [[31merror[39m]: [31mError: Invalid or expired authentication token.[39m
[31m    at auth (C:\Users\Lenovo\Desktop\NewBranch\branch-backend\src\middleware\auth.middleware.ts:44:13)[39m
[31m    at Layer.handleRequest (C:\Users\Lenovo\Desktop\NewBranch\branch-backend\node_modules\router\lib\layer.js:152:17)[39m
[31m    at trimPrefix (C:\Users\Lenovo\Desktop\NewBranch\branch-backend\node_modules\router\index.js:342:13)[39m
[31m    at C:\Users\Lenovo\Desktop\NewBranch\branch-backend\node_modules\router\index.js:297:9[39m
[31m    at processParams (C:\Users\Lenovo\Desktop\NewBranch\branch-backend\node_modules\router\index.js:582:12)[39m
[31m    at next (C:\Users\Lenovo\Desktop\NewBranch\branch-backend\node_modules\router\index.js:291:5)[39m
[31m    at Function.handle (C:\Users\Lenovo\Desktop\NewBranch\branch-backend\node_modules\router\index.js:186:3)[39m
[31m    at router (C:\Users\Lenovo\Desktop\NewBranch\branch-backend\node_modules\router\index.js:60:12)[39m
[31m    at Layer.handleRequest (C:\Users\Lenovo\Desktop\NewBranch\branch-backend\node_modules\router\lib\layer.js:152:17)[39m
[31m    at trimPrefix (C:\Users\Lenovo\Desktop\NewBranch\branch-backend\node_modules\router\index.js:342:13)[39m
[2026-09-16 10:24:08:248] [[31merror[39m]: [31mError: Invalid or expired authentication token.[39m
[31m    at auth (C:\Users\Lenovo\Desktop\NewBranch\branch-backend\src\middleware\auth.middleware.ts:44:13)[39m
[31m    at Layer.handleRequest (C:\Users\Lenovo\Desktop\NewBranch\branch-backend\node_modules\router\lib\layer.js:152:17)[39m
[31m    at trimPrefix (C:\Users\Lenovo\Desktop\NewBranch\branch-backend\node_modules\router\index.js:342:13)[39m
[31m    at C:\Users\Lenovo\Desktop\NewBranch\branch-backend\node_modules\router\index.js:297:9[39m
[31m    at processParams (C:\Users\Lenovo\Desktop\NewBranch\branch-backend\node_modules\router\index.js:582:12)[39m
[31m    at next (C:\Users\Lenovo\Desktop\NewBranch\branch-backend\node_modules\router\index.js:291:5)[39m
[31m    at Function.handle (C:\Users\Lenovo\Desktop\NewBranch\branch-backend\node_modules\router\index.js:186:3)[39m
[31m    at router (C:\Users\Lenovo\Desktop\NewBranch\branch-backend\node_modules\router\index.js:60:12)[39m
[31m    at Layer.handleRequest (C:\Users\Lenovo\Desktop\NewBranch\branch-backend\node_modules\router\lib\layer.js:152:17)[39m
[31m    at trimPrefix (C:\Users\Lenovo\Desktop\NewBranch\branch-backend\node_modules\router\index.js:342:13)[39m
[2026-09-16 10:24:08:248] [[31merror[39m]: [31mError: Invalid or expired authentication token.[39m
[31m    at auth (C:\Users\Lenovo\Desktop\NewBranch\branch-backend\src\middleware\auth.middleware.ts:44:13)[39m
[31m    at Layer.handleRequest (C:\Users\Lenovo\Desktop\NewBranch\branch-backend\node_modules\router\lib\layer.js:152:17)[39m
[31m    at trimPrefix (C:\Users\Lenovo\Desktop\NewBranch\branch-backend\node_modules\router\index.js:342:13)[39m
[31m    at C:\Users\Lenovo\Desktop\NewBranch\branch-backend\node_modules\router\index.js:297:9[39m
[31m    at processParams (C:\Users\Lenovo\Desktop\NewBranch\branch-backend\node_modules\router\index.js:582:12)[39m
[31m    at next (C:\Users\Lenovo\Desktop\NewBranch\branch-backend\node_modules\router\index.js:291:5)[39m
[31m    at Function.handle (C:\Users\Lenovo\Desktop\NewBranch\branch-backend\node_modules\router\index.js:186:3)[39m
[31m    at router (C:\Users\Lenovo\Desktop\NewBranch\branch-backend\node_modules\router\index.js:60:12)[39m
[31m    at Layer.handleRequest (C:\Users\Lenovo\Desktop\NewBranch\branch-backend\node_modules\router\lib\layer.js:152:17)[39m
[31m    at trimPrefix (C:\Users\Lenovo\Desktop\NewBranch\branch-backend\node_modules\router\index.js:342:13)[39m
[2026-09-16 10:24:08:248] [[31merror[39m]: [31mError: Invalid or expired authentication token.[39m
[31m    at auth (C:\Users\Lenovo\Desktop\NewBranch\branch-backend\src\middleware\auth.middleware.ts:44:13)[39m
[31m    at Layer.handleRequest (C:\Users\Lenovo\Desktop\NewBranch\branch-backend\node_modules\router\lib\layer.js:152:17)[39m
[31m    at trimPrefix (C:\Users\Lenovo\Desktop\NewBranch\branch-backend\node_modules\router\index.js:342:13)[39m
[31m    at C:\Users\Lenovo\Desktop\NewBranch\branch-backend\node_modules\router\index.js:297:9[39m
[31m    at processParams (C:\Users\Lenovo\Desktop\NewBranch\branch-backend\node_modules\router\index.js:582:12)[39m
[31m    at next (C:\Users\Lenovo\Desktop\NewBranch\branch-backend\node_modules\router\index.js:291:5)[39m
[31m    at Function.handle (C:\Users\Lenovo\Desktop\NewBranch\branch-backend\node_modules\router\index.js:186:3)[39m
[31m    at router (C:\Users\Lenovo\Desktop\NewBranch\branch-backend\node_modules\router\index.js:60:12)[39m
[31m    at Layer.handleRequest (C:\Users\Lenovo\Desktop\NewBranch\branch-backend\node_modules\router\lib\layer.js:152:17)[39m
[31m    at trimPrefix (C:\Users\Lenovo\Desktop\NewBranch\branch-backend\node_modules\router\index.js:342:13)[39m
[2026-09-16 10:24:08:248] [[31merror[39m]: [31mError: Invalid or expired authentication token.[39m
[31m    at auth (C:\Users\Lenovo\Desktop\NewBranch\branch-backend\src\middleware\auth.middleware.ts:44:13)[39m
[31m    at Layer.handleRequest (C:\Users\Lenovo\Desktop\NewBranch\branch-backend\node_modules\router\lib\layer.js:152:17)[39m
[31m    at trimPrefix (C:\Users\Lenovo\Desktop\NewBranch\branch-backend\node_modules\router\index.js:342:13)[39m
[31m    at C:\Users\Lenovo\Desktop\NewBranch\branch-backend\node_modules\router\index.js:297:9[39m
[31m    at processParams (C:\Users\Lenovo\Desktop\NewBranch\branch-backend\node_modules\router\index.js:582:12)[39m
[31m    at next (C:\Users\Lenovo\Desktop\NewBranch\branch-backend\node_modules\router\index.js:291:5)[39m
[31m    at Function.handle (C:\Users\Lenovo\Desktop\NewBranch\branch-backend\node_modules\router\index.js:186:3)[39m
[31m    at router (C:\Users\Lenovo\Desktop\NewBranch\branch-backend\node_modules\router\index.js:60:12)[39m
[31m    at Layer.handleRequest (C:\Users\Lenovo\Desktop\NewBranch\branch-backend\node_modules\router\lib\layer.js:152:17)[39m
[31m    at trimPrefix (C:\Users\Lenovo\Desktop\NewBranch\branch-backend\node_modules\router\index.js:342:13)[39m
[2026-09-16 10:24:08:248] [[31merror[39m]: [31mError: Invalid or expired authentication token.[39m
[31m    at auth (C:\Users\Lenovo\Desktop\NewBranch\branch-backend\src\middleware\auth.middleware.ts:44:13)[39m
[31m    at Layer.handleRequest (C:\Users\Lenovo\Desktop\NewBranch\branch-backend\node_modules\router\lib\layer.js:152:17)[39m
[31m    at trimPrefix (C:\Users\Lenovo\Desktop\NewBranch\branch-backend\node_modules\router\index.js:342:13)[39m
[31m    at C:\Users\Lenovo\Desktop\NewBranch\branch-backend\node_modules\router\index.js:297:9[39m
[31m    at processParams (C:\Users\Lenovo\Desktop\NewBranch\branch-backend\node_modules\router\index.js:582:12)[39m
[31m    at next (C:\Users\Lenovo\Desktop\NewBranch\branch-backend\node_modules\router\index.js:291:5)[39m
[31m    at Function.handle (C:\Users\Lenovo\Desktop\NewBranch\branch-backend\node_modules\router\index.js:186:3)[39m
[31m    at router (C:\Users\Lenovo\Desktop\NewBranch\branch-backend\node_modules\router\index.js:60:12)[39m
[31m    at Layer.handleRequest (C:\Users\Lenovo\Desktop\NewBranch\branch-backend\node_modules\router\lib\layer.js:152:17)[39m
[31m    at trimPrefix (C:\Users\Lenovo\Desktop\NewBranch\branch-backend\node_modules\router\index.js:342:13)[39m
[2026-09-16 10:24:08:248] [[31merror[39m]: [31mError: Invalid or expired authentication token.[39m
[31m    at auth (C:\Users\Lenovo\Desktop\NewBranch\branch-backend\src\middleware\auth.middleware.ts:44:13)[39m
[31m    at Layer.handleRequest (C:\Users\Lenovo\Desktop\NewBranch\branch-backend\node_modules\router\lib\layer.js:152:17)[39m
[31m    at trimPrefix (C:\Users\Lenovo\Desktop\NewBranch\branch-backend\node_modules\router\index.js:342:13)[39m
[31m    at C:\Users\Lenovo\Desktop\NewBranch\branch-backend\node_modules\router\index.js:297:9[39m
[31m    at processParams (C:\Users\Lenovo\Desktop\NewBranch\branch-backend\node_modules\router\index.js:582:12)[39m
[31m    at next (C:\Users\Lenovo\Desktop\NewBranch\branch-backend\node_modules\router\index.js:291:5)[39m
[31m    at Function.handle (C:\Users\Lenovo\Desktop\NewBranch\branch-backend\node_modules\router\index.js:186:3)[39m
[31m    at router (C:\Users\Lenovo\Desktop\NewBranch\branch-backend\node_modules\router\index.js:60:12)[39m
[31m    at Layer.handleRequest (C:\Users\Lenovo\Desktop\NewBranch\branch-backend\node_modules\router\lib\layer.js:152:17)[39m
[31m    at trimPrefix (C:\Users\Lenovo\Desktop\NewBranch\branch-backend\node_modules\router\index.js:342:13)[39m
[2026-09-16 10:24:08:248] [[31merror[39m]: [31mError: Invalid or expired authentication token.[39m
[31m    at auth (C:\Users\Lenovo\Desktop\NewBranch\branch-backend\src\middleware\auth.middleware.ts:44:13)[39m
[31m    at Layer.handleRequest (C:\Users\Lenovo\Desktop\NewBranch\branch-backend\node_modules\router\lib\layer.js:152:17)[39m
[31m    at trimPrefix (C:\Users\Lenovo\Desktop\NewBranch\branch-backend\node_modules\router\index.js:342:13)[39m
[31m    at C:\Users\Lenovo\Desktop\NewBranch\branch-backend\node_modules\router\index.js:297:9[39m
[31m    at processParams (C:\Users\Lenovo\Desktop\NewBranch\branch-backend\node_modules\router\index.js:582:12)[39m
[31m    at next (C:\Users\Lenovo\Desktop\NewBranch\branch-backend\node_modules\router\index.js:291:5)[39m
[31m    at Function.handle (C:\Users\Lenovo\Desktop\NewBranch\branch-backend\node_modules\router\index.js:186:3)[39m
[31m    at router (C:\Users\Lenovo\Desktop\NewBranch\branch-backend\node_modules\router\index.js:60:12)[39m
[31m    at Layer.handleRequest (C:\Users\Lenovo\Desktop\NewBranch\branch-backend\node_modules\router\lib\layer.js:152:17)[39m
[31m    at trimPrefix (C:\Users\Lenovo\Desktop\NewBranch\branch-backend\node_modules\router\index.js:342:13)[39m
[2026-09-16 10:24:08:248] [[31merror[39m]: [31mError: Invalid or expired authentication token.[39m
[31m    at auth (C:\Users\Lenovo\Desktop\NewBranch\branch-backend\src\middleware\auth.middleware.ts:44:13)[39m
[31m    at Layer.handleRequest (C:\Users\Lenovo\Desktop\NewBranch\branch-backend\node_modules\router\lib\layer.js:152:17)[39m
[31m    at trimPrefix (C:\Users\Lenovo\Desktop\NewBranch\branch-backend\node_modules\router\index.js:342:13)[39m
[31m    at C:\Users\Lenovo\Desktop\NewBranch\branch-backend\node_modules\router\index.js:297:9[39m
[31m    at processParams (C:\Users\Lenovo\Desktop\NewBranch\branch-backend\node_modules\router\index.js:582:12)[39m
[31m    at next (C:\Users\Lenovo\Desktop\NewBranch\branch-backend\node_modules\router\index.js:291:5)[39m
[31m    at Function.handle (C:\Users\Lenovo\Desktop\NewBranch\branch-backend\node_modules\router\index.js:186:3)[39m
[31m    at router (C:\Users\Lenovo\Desktop\NewBranch\branch-backend\node_modules\router\index.js:60:12)[39m
[31m    at Layer.handleRequest (C:\Users\Lenovo\Desktop\NewBranch\branch-backend\node_modules\router\lib\layer.js:152:17)[39m
[31m    at trimPrefix (C:\Users\Lenovo\Desktop\NewBranch\branch-backend\node_modules\router\index.js:342:13)[39m
[2026-09-16 10:39:25:3925] [[31merror[39m]: [31mError: Invalid or expired authentication token.[39m
[31m    at auth (C:\Users\Lenovo\Desktop\NewBranch\branch-backend\src\middleware\auth.middleware.ts:44:13)[39m
[31m    at Layer.handleRequest (C:\Users\Lenovo\Desktop\NewBranch\branch-backend\node_modules\router\lib\layer.js:152:17)[39m
[31m    at trimPrefix (C:\Users\Lenovo\Desktop\NewBranch\branch-backend\node_modules\router\index.js:342:13)[39m
[31m    at C:\Users\Lenovo\Desktop\NewBranch\branch-backend\node_modules\router\index.js:297:9[39m
[31m    at processParams (C:\Users\Lenovo\Desktop\NewBranch\branch-backend\node_modules\router\index.js:582:12)[39m
[31m    at next (C:\Users\Lenovo\Desktop\NewBranch\branch-backend\node_modules\router\index.js:291:5)[39m
[31m    at Function.handle (C:\Users\Lenovo\Desktop\NewBranch\branch-backend\node_modules\router\index.js:186:3)[39m
[31m    at router (C:\Users\Lenovo\Desktop\NewBranch\branch-backend\node_modules\router\index.js:60:12)[39m
[31m    at Layer.handleRequest (C:\Users\Lenovo\Desktop\NewBranch\branch-backend\node_modules\router\lib\layer.js:152:17)[39m
[31m    at trimPrefix (C:\Users\Lenovo\Desktop\NewBranch\branch-backend\node_modules\router\index.js:342:13)[39m
[2026-09-16 10:39:25:3925] [[31merror[39m]: [31mError: Invalid or expired authentication token.[39m
[31m    at auth (C:\Users\Lenovo\Desktop\NewBranch\branch-backend\src\middleware\auth.middleware.ts:44:13)[39m
[31m    at Layer.handleRequest (C:\Users\Lenovo\Desktop\NewBranch\branch-backend\node_modules\router\lib\layer.js:152:17)[39m
[31m    at trimPrefix (C:\Users\Lenovo\Desktop\NewBranch\branch-backend\node_modules\router\index.js:342:13)[39m
[31m    at C:\Users\Lenovo\Desktop\NewBranch\branch-backend\node_modules\router\index.js:297:9[39m
[31m    at processParams (C:\Users\Lenovo\Desktop\NewBranch\branch-backend\node_modules\router\index.js:582:12)[39m
[31m    at next (C:\Users\Lenovo\Desktop\NewBranch\branch-backend\node_modules\router\index.js:291:5)[39m
[31m    at Function.handle (C:\Users\Lenovo\Desktop\NewBranch\branch-backend\node_modules\router\index.js:186:3)[39m
[31m    at router (C:\Users\Lenovo\Desktop\NewBranch\branch-backend\node_modules\router\index.js:60:12)[39m
[31m    at Layer.handleRequest (C:\Users\Lenovo\Desktop\NewBranch\branch-backend\node_modules\router\lib\layer.js:152:17)[39m
[31m    at trimPrefix (C:\Users\Lenovo\Desktop\NewBranch\branch-backend\node_modules\router\index.js:342:13)[39m
[2026-09-16 10:39:25:3925] [[31merror[39m]: [31mError: Invalid or expired authentication token.[39m
[31m    at auth (C:\Users\Lenovo\Desktop\NewBranch\branch-backend\src\middleware\auth.middleware.ts:44:13)[39m
[31m    at Layer.handleRequest (C:\Users\Lenovo\Desktop\NewBranch\branch-backend\node_modules\router\lib\layer.js:152:17)[39m
[31m    at trimPrefix (C:\Users\Lenovo\Desktop\NewBranch\branch-backend\node_modules\router\index.js:342:13)[39m
[31m    at C:\Users\Lenovo\Desktop\NewBranch\branch-backend\node_modules\router\index.js:297:9[39m
[31m    at processParams (C:\Users\Lenovo\Desktop\NewBranch\branch-backend\node_modules\router\index.js:582:12)[39m
[31m    at next (C:\Users\Lenovo\Desktop\NewBranch\branch-backend\node_modules\router\index.js:291:5)[39m
[31m    at Function.handle (C:\Users\Lenovo\Desktop\NewBranch\branch-backend\node_modules\router\index.js:186:3)[39m
[31m    at router (C:\Users\Lenovo\Desktop\NewBranch\branch-backend\node_modules\router\index.js:60:12)[39m
[31m    at Layer.handleRequest (C:\Users\Lenovo\Desktop\NewBranch\branch-backend\node_modules\router\lib\layer.js:152:17)[39m
[31m    at trimPrefix (C:\Users\Lenovo\Desktop\NewBranch\branch-backend\node_modules\router\index.js:342:13)[39m
[2026-09-16 10:39:25:3925] [[31merror[39m]: [31mError: Invalid or expired authentication token.[39m
[31m    at auth (C:\Users\Lenovo\Desktop\NewBranch\branch-backend\src\middleware\auth.middleware.ts:44:13)[39m
[31m    at Layer.handleRequest (C:\Users\Lenovo\Desktop\NewBranch\branch-backend\node_modules\router\lib\layer.js:152:17)[39m
[31m    at trimPrefix (C:\Users\Lenovo\Desktop\NewBranch\branch-backend\node_modules\router\index.js:342:13)[39m
[31m    at C:\Users\Lenovo\Desktop\NewBranch\branch-backend\node_modules\router\index.js:297:9[39m
[31m    at processParams (C:\Users\Lenovo\Desktop\NewBranch\branch-backend\node_modules\router\index.js:582:12)[39m
[31m    at next (C:\Users\Lenovo\Desktop\NewBranch\branch-backend\node_modules\router\index.js:291:5)[39m
[31m    at Function.handle (C:\Users\Lenovo\Desktop\NewBranch\branch-backend\node_modules\router\index.js:186:3)[39m
[31m    at router (C:\Users\Lenovo\Desktop\NewBranch\branch-backend\node_modules\router\index.js:60:12)[39m
[31m    at Layer.handleRequest (C:\Users\Lenovo\Desktop\NewBranch\branch-backend\node_modules\router\lib\layer.js:152:17)[39m
[31m    at trimPrefix (C:\Users\Lenovo\Desktop\NewBranch\branch-backend\node_modules\router\index.js:342:13)[39m
[2026-09-16 10:39:25:3925] [[31merror[39m]: [31mError: Invalid or expired authentication token.[39m
[31m    at auth (C:\Users\Lenovo\Desktop\NewBranch\branch-backend\src\middleware\auth.middleware.ts:44:13)[39m
[31m    at Layer.handleRequest (C:\Users\Lenovo\Desktop\NewBranch\branch-backend\node_modules\router\lib\layer.js:152:17)[39m
[31m    at trimPrefix (C:\Users\Lenovo\Desktop\NewBranch\branch-backend\node_modules\router\index.js:342:13)[39m
[31m    at C:\Users\Lenovo\Desktop\NewBranch\branch-backend\node_modules\router\index.js:297:9[39m
[31m    at processParams (C:\Users\Lenovo\Desktop\NewBranch\branch-backend\node_modules\router\index.js:582:12)[39m
[31m    at next (C:\Users\Lenovo\Desktop\NewBranch\branch-backend\node_modules\router\index.js:291:5)[39m
[31m    at Function.handle (C:\Users\Lenovo\Desktop\NewBranch\branch-backend\node_modules\router\index.js:186:3)[39m
[31m    at router (C:\Users\Lenovo\Desktop\NewBranch\branch-backend\node_modules\router\index.js:60:12)[39m
[31m    at Layer.handleRequest (C:\Users\Lenovo\Desktop\NewBranch\branch-backend\node_modules\router\lib\layer.js:152:17)[39m
[31m    at trimPrefix (C:\Users\Lenovo\Desktop\NewBranch\branch-backend\node_modules\router\index.js:342:13)[39m
[2026-09-16 10:39:25:3925] [[31merror[39m]: [31mError: Invalid or expired authentication token.[39m
[31m    at auth (C:\Users\Lenovo\Desktop\NewBranch\branch-backend\src\middleware\auth.middleware.ts:44:13)[39m
[31m    at Layer.handleRequest (C:\Users\Lenovo\Desktop\NewBranch\branch-backend\node_modules\router\lib\layer.js:152:17)[39m
[31m    at trimPrefix (C:\Users\Lenovo\Desktop\NewBranch\branch-backend\node_modules\router\index.js:342:13)[39m
[31m    at C:\Users\Lenovo\Desktop\NewBranch\branch-backend\node_modules\router\index.js:297:9[39m
[31m    at processParams (C:\Users\Lenovo\Desktop\NewBranch\branch-backend\node_modules\router\index.js:582:12)[39m
[31m    at next (C:\Users\Lenovo\Desktop\NewBranch\branch-backend\node_modules\router\index.js:291:5)[39m
[31m    at Function.handle (C:\Users\Lenovo\Desktop\NewBranch\branch-backend\node_modules\router\index.js:186:3)[39m
[31m    at router (C:\Users\Lenovo\Desktop\NewBranch\branch-backend\node_modules\router\index.js:60:12)[39m
[31m    at Layer.handleRequest (C:\Users\Lenovo\Desktop\NewBranch\branch-backend\node_modules\router\lib\layer.js:152:17)[39m
[31m    at trimPrefix (C:\Users\Lenovo\Desktop\NewBranch\branch-backend\node_modules\router\index.js:342:13)[39m
[2026-09-16 10:39:25:3925] [[31merror[39m]: [31mError: Invalid or expired authentication token.[39m
[31m    at auth (C:\Users\Lenovo\Desktop\NewBranch\branch-backend\src\middleware\auth.middleware.ts:44:13)[39m
[31m    at Layer.handleRequest (C:\Users\Lenovo\Desktop\NewBranch\branch-backend\node_modules\router\lib\layer.js:152:17)[39m
[31m    at trimPrefix (C:\Users\Lenovo\Desktop\NewBranch\branch-backend\node_modules\router\index.js:342:13)[39m
[31m    at C:\Users\Lenovo\Desktop\NewBranch\branch-backend\node_modules\router\index.js:297:9[39m
[31m    at processParams (C:\Users\Lenovo\Desktop\NewBranch\branch-backend\node_modules\router\index.js:582:12)[39m
[31m    at next (C:\Users\Lenovo\Desktop\NewBranch\branch-backend\node_modules\router\index.js:291:5)[39m
[31m    at Function.handle (C:\Users\Lenovo\Desktop\NewBranch\branch-backend\node_modules\router\index.js:186:3)[39m
[31m    at router (C:\Users\Lenovo\Desktop\NewBranch\branch-backend\node_modules\router\index.js:60:12)[39m
[31m    at Layer.handleRequest (C:\Users\Lenovo\Desktop\NewBranch\branch-backend\node_modules\router\lib\layer.js:152:17)[39m
[31m    at trimPrefix (C:\Users\Lenovo\Desktop\NewBranch\branch-backend\node_modules\router\index.js:342:13)[39m
[2026-09-16 11:03:14:314] [[31merror[39m]: [31mError: Invalid or expired authentication token.[39m
[31m    at auth (C:\Users\Lenovo\Desktop\NewBranch\branch-backend\src\middleware\auth.middleware.ts:44:13)[39m
[31m    at Layer.handleRequest (C:\Users\Lenovo\Desktop\NewBranch\branch-backend\node_modules\router\lib\layer.js:152:17)[39m
[31m    at trimPrefix (C:\Users\Lenovo\Desktop\NewBranch\branch-backend\node_modules\router\index.js:342:13)[39m
[31m    at C:\Users\Lenovo\Desktop\NewBranch\branch-backend\node_modules\router\index.js:297:9[39m
[31m    at processParams (C:\Users\Lenovo\Desktop\NewBranch\branch-backend\node_modules\router\index.js:582:12)[39m
[31m    at next (C:\Users\Lenovo\Desktop\NewBranch\branch-backend\node_modules\router\index.js:291:5)[39m
[31m    at Function.handle (C:\Users\Lenovo\Desktop\NewBranch\branch-backend\node_modules\router\index.js:186:3)[39m
[31m    at router (C:\Users\Lenovo\Desktop\NewBranch\branch-backend\node_modules\router\index.js:60:12)[39m
[31m    at Layer.handleRequest (C:\Users\Lenovo\Desktop\NewBranch\branch-backend\node_modules\router\lib\layer.js:152:17)[39m
[31m    at trimPrefix (C:\Users\Lenovo\Desktop\NewBranch\branch-backend\node_modules\router\index.js:342:13)[39m
[2026-09-16 11:21:33:2133] [[31merror[39m]: [31mError: Invalid or expired authentication token.[39m
[31m    at auth (C:\Users\Lenovo\Desktop\NewBranch\branch-backend\src\middleware\auth.middleware.ts:44:13)[39m
[31m    at Layer.handleRequest (C:\Users\Lenovo\Desktop\NewBranch\branch-backend\node_modules\router\lib\layer.js:152:17)[39m
[31m    at trimPrefix (C:\Users\Lenovo\Desktop\NewBranch\branch-backend\node_modules\router\index.js:342:13)[39m
[31m    at C:\Users\Lenovo\Desktop\NewBranch\branch-backend\node_modules\router\index.js:297:9[39m
[31m    at processParams (C:\Users\Lenovo\Desktop\NewBranch\branch-backend\node_modules\router\index.js:582:12)[39m
[31m    at next (C:\Users\Lenovo\Desktop\NewBranch\branch-backend\node_modules\router\index.js:291:5)[39m
[31m    at Function.handle (C:\Users\Lenovo\Desktop\NewBranch\branch-backend\node_modules\router\index.js:186:3)[39m
[31m    at router (C:\Users\Lenovo\Desktop\NewBranch\branch-backend\node_modules\router\index.js:60:12)[39m
[31m    at Layer.handleRequest (C:\Users\Lenovo\Desktop\NewBranch\branch-backend\node_modules\router\lib\layer.js:152:17)[39m
[31m    at trimPrefix (C:\Users\Lenovo\Desktop\NewBranch\branch-backend\node_modules\router\index.js:342:13)[39m
[2026-09-16 11:36:43:3643] [[31merror[39m]: [31mError: Invalid or expired authentication token.[39m
[31m    at auth (C:\Users\Lenovo\Desktop\NewBranch\branch-backend\src\middleware\auth.middleware.ts:44:13)[39m
[31m    at Layer.handleRequest (C:\Users\Lenovo\Desktop\NewBranch\branch-backend\node_modules\router\lib\layer.js:152:17)[39m
[31m    at trimPrefix (C:\Users\Lenovo\Desktop\NewBranch\branch-backend\node_modules\router\index.js:342:13)[39m
[31m    at C:\Users\Lenovo\Desktop\NewBranch\branch-backend\node_modules\router\index.js:297:9[39m
[31m    at processParams (C:\Users\Lenovo\Desktop\NewBranch\branch-backend\node_modules\router\index.js:582:12)[39m
[31m    at next (C:\Users\Lenovo\Desktop\NewBranch\branch-backend\node_modules\router\index.js:291:5)[39m
[31m    at Function.handle (C:\Users\Lenovo\Desktop\NewBranch\branch-backend\node_modules\router\index.js:186:3)[39m
[31m    at router (C:\Users\Lenovo\Desktop\NewBranch\branch-backend\node_modules\router\index.js:60:12)[39m
[31m    at Layer.handleRequest (C:\Users\Lenovo\Desktop\NewBranch\branch-backend\node_modules\router\lib\layer.js:152:17)[39m
[31m    at trimPrefix (C:\Users\Lenovo\Desktop\NewBranch\branch-backend\node_modules\router\index.js:342:13)[39m
[2026-09-16 12:03:27:327] [[31merror[39m]: [31mError: Invalid or expired authentication token.[39m
[31m    at auth (C:\Users\Lenovo\Desktop\NewBranch\branch-backend\src\middleware\auth.middleware.ts:44:13)[39m
[31m    at Layer.handleRequest (C:\Users\Lenovo\Desktop\NewBranch\branch-backend\node_modules\router\lib\layer.js:152:17)[39m
[31m    at trimPrefix (C:\Users\Lenovo\Desktop\NewBranch\branch-backend\node_modules\router\index.js:342:13)[39m
[31m    at C:\Users\Lenovo\Desktop\NewBranch\branch-backend\node_modules\router\index.js:297:9[39m
[31m    at processParams (C:\Users\Lenovo\Desktop\NewBranch\branch-backend\node_modules\router\index.js:582:12)[39m
[31m    at next (C:\Users\Lenovo\Desktop\NewBranch\branch-backend\node_modules\router\index.js:291:5)[39m
[31m    at Function.handle (C:\Users\Lenovo\Desktop\NewBranch\branch-backend\node_modules\router\index.js:186:3)[39m
[31m    at router (C:\Users\Lenovo\Desktop\NewBranch\branch-backend\node_modules\router\index.js:60:12)[39m
[31m    at Layer.handleRequest (C:\Users\Lenovo\Desktop\NewBranch\branch-backend\node_modules\router\lib\layer.js:152:17)[39m
[31m    at trimPrefix (C:\Users\Lenovo\Desktop\NewBranch\branch-backend\node_modules\router\index.js:342:13)[39m
[2026-09-16 12:19:36:1936] [[31merror[39m]: [31mError: Invalid or expired authentication token.[39m
[31m    at auth (C:\Users\Lenovo\Desktop\NewBranch\branch-backend\src\middleware\auth.middleware.ts:44:13)[39m
[31m    at Layer.handleRequest (C:\Users\Lenovo\Desktop\NewBranch\branch-backend\node_modules\router\lib\layer.js:152:17)[39m
[31m    at trimPrefix (C:\Users\Lenovo\Desktop\NewBranch\branch-backend\node_modules\router\index.js:342:13)[39m
[31m    at C:\Users\Lenovo\Desktop\NewBranch\branch-backend\node_modules\router\index.js:297:9[39m
[31m    at processParams (C:\Users\Lenovo\Desktop\NewBranch\branch-backend\node_modules\router\index.js:582:12)[39m
[31m    at next (C:\Users\Lenovo\Desktop\NewBranch\branch-backend\node_modules\router\index.js:291:5)[39m
[31m    at Function.handle (C:\Users\Lenovo\Desktop\NewBranch\branch-backend\node_modules\router\index.js:186:3)[39m
[31m    at router (C:\Users\Lenovo\Desktop\NewBranch\branch-backend\node_modules\router\index.js:60:12)[39m
[31m    at Layer.handleRequest (C:\Users\Lenovo\Desktop\NewBranch\branch-backend\node_modules\router\lib\layer.js:152:17)[39m
[31m    at trimPrefix (C:\Users\Lenovo\Desktop\NewBranch\branch-backend\node_modules\router\index.js:342:13)[39m
[2026-09-16 12:36:13:3613] [[31merror[39m]: [31mError: Invalid or expired authentication token.[39m
[31m    at auth (C:\Users\Lenovo\Desktop\NewBranch\branch-backend\src\middleware\auth.middleware.ts:44:13)[39m
[31m    at Layer.handleRequest (C:\Users\Lenovo\Desktop\NewBranch\branch-backend\node_modules\router\lib\layer.js:152:17)[39m
[31m    at trimPrefix (C:\Users\Lenovo\Desktop\NewBranch\branch-backend\node_modules\router\index.js:342:13)[39m
[31m    at C:\Users\Lenovo\Desktop\NewBranch\branch-backend\node_modules\router\index.js:297:9[39m
[31m    at processParams (C:\Users\Lenovo\Desktop\NewBranch\branch-backend\node_modules\router\index.js:582:12)[39m
[31m    at next (C:\Users\Lenovo\Desktop\NewBranch\branch-backend\node_modules\router\index.js:291:5)[39m
[31m    at Function.handle (C:\Users\Lenovo\Desktop\NewBranch\branch-backend\node_modules\router\index.js:186:3)[39m
[31m    at router (C:\Users\Lenovo\Desktop\NewBranch\branch-backend\node_modules\router\index.js:60:12)[39m
[31m    at Layer.handleRequest (C:\Users\Lenovo\Desktop\NewBranch\branch-backend\node_modules\router\lib\layer.js:152:17)[39m
[31m    at trimPrefix (C:\Users\Lenovo\Desktop\NewBranch\branch-backend\node_modules\router\index.js:342:13)[39m
[2026-09-16 12:40:16:4016] [[31merror[39m]: [31mError: Authentication token is missing.[39m
[31m    at auth (C:\Users\Lenovo\Desktop\NewBranch\branch-backend\src\middleware\auth.middleware.ts:36:13)[39m
[31m    at Layer.handleRequest (C:\Users\Lenovo\Desktop\NewBranch\branch-backend\node_modules\router\lib\layer.js:152:17)[39m
[31m    at trimPrefix (C:\Users\Lenovo\Desktop\NewBranch\branch-backend\node_modules\router\index.js:342:13)[39m
[31m    at C:\Users\Lenovo\Desktop\NewBranch\branch-backend\node_modules\router\index.js:297:9[39m
[31m    at processParams (C:\Users\Lenovo\Desktop\NewBranch\branch-backend\node_modules\router\index.js:582:12)[39m
[31m    at next (C:\Users\Lenovo\Desktop\NewBranch\branch-backend\node_modules\router\index.js:291:5)[39m
[31m    at Function.handle (C:\Users\Lenovo\Desktop\NewBranch\branch-backend\node_modules\router\index.js:186:3)[39m
[31m    at router (C:\Users\Lenovo\Desktop\NewBranch\branch-backend\node_modules\router\index.js:60:12)[39m
[31m    at Layer.handleRequest (C:\Users\Lenovo\Desktop\NewBranch\branch-backend\node_modules\router\lib\layer.js:152:17)[39m
[31m    at trimPrefix (C:\Users\Lenovo\Desktop\NewBranch\branch-backend\node_modules\router\index.js:342:13)[39m
[2026-09-16 12:40:24:4024] [[31merror[39m]: [31mError: Authentication token is missing.[39m
[31m    at auth (C:\Users\Lenovo\Desktop\NewBranch\branch-backend\src\middleware\auth.middleware.ts:36:13)[39m
[31m    at Layer.handleRequest (C:\Users\Lenovo\Desktop\NewBranch\branch-backend\node_modules\router\lib\layer.js:152:17)[39m
[31m    at trimPrefix (C:\Users\Lenovo\Desktop\NewBranch\branch-backend\node_modules\router\index.js:342:13)[39m
[31m    at C:\Users\Lenovo\Desktop\NewBranch\branch-backend\node_modules\router\index.js:297:9[39m
[31m    at processParams (C:\Users\Lenovo\Desktop\NewBranch\branch-backend\node_modules\router\index.js:582:12)[39m
[31m    at next (C:\Users\Lenovo\Desktop\NewBranch\branch-backend\node_modules\router\index.js:291:5)[39m
[31m    at Function.handle (C:\Users\Lenovo\Desktop\NewBranch\branch-backend\node_modules\router\index.js:186:3)[39m
[31m    at router (C:\Users\Lenovo\Desktop\NewBranch\branch-backend\node_modules\router\index.js:60:12)[39m
[31m    at Layer.handleRequest (C:\Users\Lenovo\Desktop\NewBranch\branch-backend\node_modules\router\lib\layer.js:152:17)[39m
[31m    at trimPrefix (C:\Users\Lenovo\Desktop\NewBranch\branch-backend\node_modules\router\index.js:342:13)[39m
[2026-09-16 12:51:29:5129] [[31merror[39m]: [31mError: Invalid or expired authentication token.[39m
[31m    at auth (C:\Users\Lenovo\Desktop\NewBranch\branch-backend\src\middleware\auth.middleware.ts:44:13)[39m
[31m    at Layer.handleRequest (C:\Users\Lenovo\Desktop\NewBranch\branch-backend\node_modules\router\lib\layer.js:152:17)[39m
[31m    at trimPrefix (C:\Users\Lenovo\Desktop\NewBranch\branch-backend\node_modules\router\index.js:342:13)[39m
[31m    at C:\Users\Lenovo\Desktop\NewBranch\branch-backend\node_modules\router\index.js:297:9[39m
[31m    at processParams (C:\Users\Lenovo\Desktop\NewBranch\branch-backend\node_modules\router\index.js:582:12)[39m
[31m    at next (C:\Users\Lenovo\Desktop\NewBranch\branch-backend\node_modules\router\index.js:291:5)[39m
[31m    at Function.handle (C:\Users\Lenovo\Desktop\NewBranch\branch-backend\node_modules\router\index.js:186:3)[39m
[31m    at router (C:\Users\Lenovo\Desktop\NewBranch\branch-backend\node_modules\router\index.js:60:12)[39m
[31m    at Layer.handleRequest (C:\Users\Lenovo\Desktop\NewBranch\branch-backend\node_modules\router\lib\layer.js:152:17)[39m
[31m    at trimPrefix (C:\Users\Lenovo\Desktop\NewBranch\branch-backend\node_modules\router\index.js:342:13)[39m
[2026-09-16 14:20:03:203] [[31merror[39m]: [31mError: Invalid or expired authentication token.[39m
[31m    at auth (C:\Users\Lenovo\Desktop\NewBranch\branch-backend\src\middleware\auth.middleware.ts:44:13)[39m
[31m    at Layer.handleRequest (C:\Users\Lenovo\Desktop\NewBranch\branch-backend\node_modules\router\lib\layer.js:152:17)[39m
[31m    at trimPrefix (C:\Users\Lenovo\Desktop\NewBranch\branch-backend\node_modules\router\index.js:342:13)[39m
[31m    at C:\Users\Lenovo\Desktop\NewBranch\branch-backend\node_modules\router\index.js:297:9[39m
[31m    at processParams (C:\Users\Lenovo\Desktop\NewBranch\branch-backend\node_modules\router\index.js:582:12)[39m
[31m    at next (C:\Users\Lenovo\Desktop\NewBranch\branch-backend\node_modules\router\index.js:291:5)[39m
[31m    at Function.handle (C:\Users\Lenovo\Desktop\NewBranch\branch-backend\node_modules\router\index.js:186:3)[39m
[31m    at router (C:\Users\Lenovo\Desktop\NewBranch\branch-backend\node_modules\router\index.js:60:12)[39m
[31m    at Layer.handleRequest (C:\Users\Lenovo\Desktop\NewBranch\branch-backend\node_modules\router\lib\layer.js:152:17)[39m
[31m    at trimPrefix (C:\Users\Lenovo\Desktop\NewBranch\branch-backend\node_modules\router\index.js:342:13)[39m
[2026-09-16 14:20:03:203] [[31merror[39m]: [31mError: Invalid or expired authentication token.[39m
[31m    at auth (C:\Users\Lenovo\Desktop\NewBranch\branch-backend\src\middleware\auth.middleware.ts:44:13)[39m
[31m    at Layer.handleRequest (C:\Users\Lenovo\Desktop\NewBranch\branch-backend\node_modules\router\lib\layer.js:152:17)[39m
[31m    at trimPrefix (C:\Users\Lenovo\Desktop\NewBranch\branch-backend\node_modules\router\index.js:342:13)[39m
[31m    at C:\Users\Lenovo\Desktop\NewBranch\branch-backend\node_modules\router\index.js:297:9[39m
[31m    at processParams (C:\Users\Lenovo\Desktop\NewBranch\branch-backend\node_modules\router\index.js:582:12)[39m
[31m    at next (C:\Users\Lenovo\Desktop\NewBranch\branch-backend\node_modules\router\index.js:291:5)[39m
[31m    at Function.handle (C:\Users\Lenovo\Desktop\NewBranch\branch-backend\node_modules\router\index.js:186:3)[39m
[31m    at router (C:\Users\Lenovo\Desktop\NewBranch\branch-backend\node_modules\router\index.js:60:12)[39m
[31m    at Layer.handleRequest (C:\Users\Lenovo\Desktop\NewBranch\branch-backend\node_modules\router\lib\layer.js:152:17)[39m
[31m    at trimPrefix (C:\Users\Lenovo\Desktop\NewBranch\branch-backend\node_modules\router\index.js:342:13)[39m
[2026-09-16 14:20:03:203] [[31merror[39m]: [31mError: Invalid or expired authentication token.[39m
[31m    at auth (C:\Users\Lenovo\Desktop\NewBranch\branch-backend\src\middleware\auth.middleware.ts:44:13)[39m
[31m    at Layer.handleRequest (C:\Users\Lenovo\Desktop\NewBranch\branch-backend\node_modules\router\lib\layer.js:152:17)[39m
[31m    at trimPrefix (C:\Users\Lenovo\Desktop\NewBranch\branch-backend\node_modules\router\index.js:342:13)[39m
[31m    at C:\Users\Lenovo\Desktop\NewBranch\branch-backend\node_modules\router\index.js:297:9[39m
[31m    at processParams (C:\Users\Lenovo\Desktop\NewBranch\branch-backend\node_modules\router\index.js:582:12)[39m
[31m    at next (C:\Users\Lenovo\Desktop\NewBranch\branch-backend\node_modules\router\index.js:291:5)[39m
[31m    at Function.handle (C:\Users\Lenovo\Desktop\NewBranch\branch-backend\node_modules\router\index.js:186:3)[39m
[31m    at router (C:\Users\Lenovo\Desktop\NewBranch\branch-backend\node_modules\router\index.js:60:12)[39m
[31m    at Layer.handleRequest (C:\Users\Lenovo\Desktop\NewBranch\branch-backend\node_modules\router\lib\layer.js:152:17)[39m
[31m    at trimPrefix (C:\Users\Lenovo\Desktop\NewBranch\branch-backend\node_modules\router\index.js:342:13)[39m
[2026-09-16 14:20:03:203] [[31merror[39m]: [31mError: Invalid or expired authentication token.[39m
[31m    at auth (C:\Users\Lenovo\Desktop\NewBranch\branch-backend\src\middleware\auth.middleware.ts:44:13)[39m
[31m    at Layer.handleRequest (C:\Users\Lenovo\Desktop\NewBranch\branch-backend\node_modules\router\lib\layer.js:152:17)[39m
[31m    at trimPrefix (C:\Users\Lenovo\Desktop\NewBranch\branch-backend\node_modules\router\index.js:342:13)[39m
[31m    at C:\Users\Lenovo\Desktop\NewBranch\branch-backend\node_modules\router\index.js:297:9[39m
[31m    at processParams (C:\Users\Lenovo\Desktop\NewBranch\branch-backend\node_modules\router\index.js:582:12)[39m
[31m    at next (C:\Users\Lenovo\Desktop\NewBranch\branch-backend\node_modules\router\index.js:291:5)[39m
[31m    at Function.handle (C:\Users\Lenovo\Desktop\NewBranch\branch-backend\node_modules\router\index.js:186:3)[39m
[31m    at router (C:\Users\Lenovo\Desktop\NewBranch\branch-backend\node_modules\router\index.js:60:12)[39m
[31m    at Layer.handleRequest (C:\Users\Lenovo\Desktop\NewBranch\branch-backend\node_modules\router\lib\layer.js:152:17)[39m
[31m    at trimPrefix (C:\Users\Lenovo\Desktop\NewBranch\branch-backend\node_modules\router\index.js:342:13)[39m
[2026-09-16 14:20:03:203] [[31merror[39m]: [31mError: Invalid or expired authentication token.[39m
[31m    at auth (C:\Users\Lenovo\Desktop\NewBranch\branch-backend\src\middleware\auth.middleware.ts:44:13)[39m
[31m    at Layer.handleRequest (C:\Users\Lenovo\Desktop\NewBranch\branch-backend\node_modules\router\lib\layer.js:152:17)[39m
[31m    at trimPrefix (C:\Users\Lenovo\Desktop\NewBranch\branch-backend\node_modules\router\index.js:342:13)[39m
[31m    at C:\Users\Lenovo\Desktop\NewBranch\branch-backend\node_modules\router\index.js:297:9[39m
[31m    at processParams (C:\Users\Lenovo\Desktop\NewBranch\branch-backend\node_modules\router\index.js:582:12)[39m
[31m    at next (C:\Users\Lenovo\Desktop\NewBranch\branch-backend\node_modules\router\index.js:291:5)[39m
[31m    at Function.handle (C:\Users\Lenovo\Desktop\NewBranch\branch-backend\node_modules\router\index.js:186:3)[39m
[31m    at router (C:\Users\Lenovo\Desktop\NewBranch\branch-backend\node_modules\router\index.js:60:12)[39m
[31m    at Layer.handleRequest (C:\Users\Lenovo\Desktop\NewBranch\branch-backend\node_modules\router\lib\layer.js:152:17)[39m
[31m    at trimPrefix (C:\Users\Lenovo\Desktop\NewBranch\branch-backend\node_modules\router\index.js:342:13)[39m
[2026-09-16 14:20:03:203] [[31merror[39m]: [31mError: Invalid or expired authentication token.[39m
[31m    at auth (C:\Users\Lenovo\Desktop\NewBranch\branch-backend\src\middleware\auth.middleware.ts:44:13)[39m
[31m    at Layer.handleRequest (C:\Users\Lenovo\Desktop\NewBranch\branch-backend\node_modules\router\lib\layer.js:152:17)[39m
[31m    at trimPrefix (C:\Users\Lenovo\Desktop\NewBranch\branch-backend\node_modules\router\index.js:342:13)[39m
[31m    at C:\Users\Lenovo\Desktop\NewBranch\branch-backend\node_modules\router\index.js:297:9[39m
[31m    at processParams (C:\Users\Lenovo\Desktop\NewBranch\branch-backend\node_modules\router\index.js:582:12)[39m
[31m    at next (C:\Users\Lenovo\Desktop\NewBranch\branch-backend\node_modules\router\index.js:291:5)[39m
[31m    at Function.handle (C:\Users\Lenovo\Desktop\NewBranch\branch-backend\node_modules\router\index.js:186:3)[39m
[31m    at router (C:\Users\Lenovo\Desktop\NewBranch\branch-backend\node_modules\router\index.js:60:12)[39m
[31m    at Layer.handleRequest (C:\Users\Lenovo\Desktop\NewBranch\branch-backend\node_modules\router\lib\layer.js:152:17)[39m
[31m    at trimPrefix (C:\Users\Lenovo\Desktop\NewBranch\branch-backend\node_modules\router\index.js:342:13)[39m
[2026-09-16 14:20:03:203] [[31merror[39m]: [31mError: Invalid or expired authentication token.[39m
[31m    at auth (C:\Users\Lenovo\Desktop\NewBranch\branch-backend\src\middleware\auth.middleware.ts:44:13)[39m
[31m    at Layer.handleRequest (C:\Users\Lenovo\Desktop\NewBranch\branch-backend\node_modules\router\lib\layer.js:152:17)[39m
[31m    at trimPrefix (C:\Users\Lenovo\Desktop\NewBranch\branch-backend\node_modules\router\index.js:342:13)[39m
[31m    at C:\Users\Lenovo\Desktop\NewBranch\branch-backend\node_modules\router\index.js:297:9[39m
[31m    at processParams (C:\Users\Lenovo\Desktop\NewBranch\branch-backend\node_modules\router\index.js:582:12)[39m
[31m    at next (C:\Users\Lenovo\Desktop\NewBranch\branch-backend\node_modules\router\index.js:291:5)[39m
[31m    at Function.handle (C:\Users\Lenovo\Desktop\NewBranch\branch-backend\node_modules\router\index.js:186:3)[39m
[31m    at router (C:\Users\Lenovo\Desktop\NewBranch\branch-backend\node_modules\router\index.js:60:12)[39m
[31m    at Layer.handleRequest (C:\Users\Lenovo\Desktop\NewBranch\branch-backend\node_modules\router\lib\layer.js:152:17)[39m
[31m    at trimPrefix (C:\Users\Lenovo\Desktop\NewBranch\branch-backend\node_modules\router\index.js:342:13)[39m
[2026-09-16 14:20:03:203] [[31merror[39m]: [31mError: Invalid or expired authentication token.[39m
[31m    at auth (C:\Users\Lenovo\Desktop\NewBranch\branch-backend\src\middleware\auth.middleware.ts:44:13)[39m
[31m    at Layer.handleRequest (C:\Users\Lenovo\Desktop\NewBranch\branch-backend\node_modules\router\lib\layer.js:152:17)[39m
[31m    at trimPrefix (C:\Users\Lenovo\Desktop\NewBranch\branch-backend\node_modules\router\index.js:342:13)[39m
[31m    at C:\Users\Lenovo\Desktop\NewBranch\branch-backend\node_modules\router\index.js:297:9[39m
[31m    at processParams (C:\Users\Lenovo\Desktop\NewBranch\branch-backend\node_modules\router\index.js:582:12)[39m
[31m    at next (C:\Users\Lenovo\Desktop\NewBranch\branch-backend\node_modules\router\index.js:291:5)[39m
[31m    at Function.handle (C:\Users\Lenovo\Desktop\NewBranch\branch-backend\node_modules\router\index.js:186:3)[39m
[31m    at router (C:\Users\Lenovo\Desktop\NewBranch\branch-backend\node_modules\router\index.js:60:12)[39m
[31m    at Layer.handleRequest (C:\Users\Lenovo\Desktop\NewBranch\branch-backend\node_modules\router\lib\layer.js:152:17)[39m
[31m    at trimPrefix (C:\Users\Lenovo\Desktop\NewBranch\branch-backend\node_modules\router\index.js:342:13)[39m
[2026-09-16 15:00:04:04] [[31merror[39m]: [31mError: Invalid or expired authentication token.[39m
[31m    at auth (C:\Users\Lenovo\Desktop\NewBranch\branch-backend\src\middleware\auth.middleware.ts:44:13)[39m
[31m    at Layer.handleRequest (C:\Users\Lenovo\Desktop\NewBranch\branch-backend\node_modules\router\lib\layer.js:152:17)[39m
[31m    at trimPrefix (C:\Users\Lenovo\Desktop\NewBranch\branch-backend\node_modules\router\index.js:342:13)[39m
[31m    at C:\Users\Lenovo\Desktop\NewBranch\branch-backend\node_modules\router\index.js:297:9[39m
[31m    at processParams (C:\Users\Lenovo\Desktop\NewBranch\branch-backend\node_modules\router\index.js:582:12)[39m
[31m    at next (C:\Users\Lenovo\Desktop\NewBranch\branch-backend\node_modules\router\index.js:291:5)[39m
[31m    at Function.handle (C:\Users\Lenovo\Desktop\NewBranch\branch-backend\node_modules\router\index.js:186:3)[39m
[31m    at router (C:\Users\Lenovo\Desktop\NewBranch\branch-backend\node_modules\router\index.js:60:12)[39m
[31m    at Layer.handleRequest (C:\Users\Lenovo\Desktop\NewBranch\branch-backend\node_modules\router\lib\layer.js:152:17)[39m
[31m    at trimPrefix (C:\Users\Lenovo\Desktop\NewBranch\branch-backend\node_modules\router\index.js:342:13)[39m
[2026-09-16 15:22:45:2245] [[31merror[39m]: [31mError: Invalid or expired authentication token.[39m
[31m    at auth (C:\Users\Lenovo\Desktop\NewBranch\branch-backend\src\middleware\auth.middleware.ts:44:13)[39m
[31m    at Layer.handleRequest (C:\Users\Lenovo\Desktop\NewBranch\branch-backend\node_modules\router\lib\layer.js:152:17)[39m
[31m    at trimPrefix (C:\Users\Lenovo\Desktop\NewBranch\branch-backend\node_modules\router\index.js:342:13)[39m
[31m    at C:\Users\Lenovo\Desktop\NewBranch\branch-backend\node_modules\router\index.js:297:9[39m
[31m    at processParams (C:\Users\Lenovo\Desktop\NewBranch\branch-backend\node_modules\router\index.js:582:12)[39m
[31m    at next (C:\Users\Lenovo\Desktop\NewBranch\branch-backend\node_modules\router\index.js:291:5)[39m
[31m    at Function.handle (C:\Users\Lenovo\Desktop\NewBranch\branch-backend\node_modules\router\index.js:186:3)[39m
[31m    at router (C:\Users\Lenovo\Desktop\NewBranch\branch-backend\node_modules\router\index.js:60:12)[39m
[31m    at Layer.handleRequest (C:\Users\Lenovo\Desktop\NewBranch\branch-backend\node_modules\router\lib\layer.js:152:17)[39m
[31m    at trimPrefix (C:\Users\Lenovo\Desktop\NewBranch\branch-backend\node_modules\router\index.js:342:13)[39m
[2026-09-16 15:22:45:2245] [[31merror[39m]: [31mError: Invalid or expired authentication token.[39m
[31m    at auth (C:\Users\Lenovo\Desktop\NewBranch\branch-backend\src\middleware\auth.middleware.ts:44:13)[39m
[31m    at Layer.handleRequest (C:\Users\Lenovo\Desktop\NewBranch\branch-backend\node_modules\router\lib\layer.js:152:17)[39m
[31m    at trimPrefix (C:\Users\Lenovo\Desktop\NewBranch\branch-backend\node_modules\router\index.js:342:13)[39m
[31m    at C:\Users\Lenovo\Desktop\NewBranch\branch-backend\node_modules\router\index.js:297:9[39m
[31m    at processParams (C:\Users\Lenovo\Desktop\NewBranch\branch-backend\node_modules\router\index.js:582:12)[39m
[31m    at next (C:\Users\Lenovo\Desktop\NewBranch\branch-backend\node_modules\router\index.js:291:5)[39m
[31m    at Function.handle (C:\Users\Lenovo\Desktop\NewBranch\branch-backend\node_modules\router\index.js:186:3)[39m
[31m    at router (C:\Users\Lenovo\Desktop\NewBranch\branch-backend\node_modules\router\index.js:60:12)[39m
[31m    at Layer.handleRequest (C:\Users\Lenovo\Desktop\NewBranch\branch-backend\node_modules\router\lib\layer.js:152:17)[39m
[31m    at trimPrefix (C:\Users\Lenovo\Desktop\NewBranch\branch-backend\node_modules\router\index.js:342:13)[39m
[2026-09-16 15:22:45:2245] [[31merror[39m]: [31mError: Invalid or expired authentication token.[39m
[31m    at auth (C:\Users\Lenovo\Desktop\NewBranch\branch-backend\src\middleware\auth.middleware.ts:44:13)[39m
[31m    at Layer.handleRequest (C:\Users\Lenovo\Desktop\NewBranch\branch-backend\node_modules\router\lib\layer.js:152:17)[39m
[31m    at trimPrefix (C:\Users\Lenovo\Desktop\NewBranch\branch-backend\node_modules\router\index.js:342:13)[39m
[31m    at C:\Users\Lenovo\Desktop\NewBranch\branch-backend\node_modules\router\index.js:297:9[39m
[31m    at processParams (C:\Users\Lenovo\Desktop\NewBranch\branch-backend\node_modules\router\index.js:582:12)[39m
[31m    at next (C:\Users\Lenovo\Desktop\NewBranch\branch-backend\node_modules\router\index.js:291:5)[39m
[31m    at Function.handle (C:\Users\Lenovo\Desktop\NewBranch\branch-backend\node_modules\router\index.js:186:3)[39m
[31m    at router (C:\Users\Lenovo\Desktop\NewBranch\branch-backend\node_modules\router\index.js:60:12)[39m
[31m    at Layer.handleRequest (C:\Users\Lenovo\Desktop\NewBranch\branch-backend\node_modules\router\lib\layer.js:152:17)[39m
[31m    at trimPrefix (C:\Users\Lenovo\Desktop\NewBranch\branch-backend\node_modules\router\index.js:342:13)[39m
[2026-09-16 15:22:45:2245] [[31merror[39m]: [31mError: Invalid or expired authentication token.[39m
[31m    at auth (C:\Users\Lenovo\Desktop\NewBranch\branch-backend\src\middleware\auth.middleware.ts:44:13)[39m
[31m    at Layer.handleRequest (C:\Users\Lenovo\Desktop\NewBranch\branch-backend\node_modules\router\lib\layer.js:152:17)[39m
[31m    at trimPrefix (C:\Users\Lenovo\Desktop\NewBranch\branch-backend\node_modules\router\index.js:342:13)[39m
[31m    at C:\Users\Lenovo\Desktop\NewBranch\branch-backend\node_modules\router\index.js:297:9[39m
[31m    at processParams (C:\Users\Lenovo\Desktop\NewBranch\branch-backend\node_modules\router\index.js:582:12)[39m
[31m    at next (C:\Users\Lenovo\Desktop\NewBranch\branch-backend\node_modules\router\index.js:291:5)[39m
[31m    at Function.handle (C:\Users\Lenovo\Desktop\NewBranch\branch-backend\node_modules\router\index.js:186:3)[39m
[31m    at router (C:\Users\Lenovo\Desktop\NewBranch\branch-backend\node_modules\router\index.js:60:12)[39m
[31m    at Layer.handleRequest (C:\Users\Lenovo\Desktop\NewBranch\branch-backend\node_modules\router\lib\layer.js:152:17)[39m
[31m    at trimPrefix (C:\Users\Lenovo\Desktop\NewBranch\branch-backend\node_modules\router\index.js:342:13)[39m
[2026-09-16 15:22:45:2245] [[31merror[39m]: [31mError: Invalid or expired authentication token.[39m
[31m    at auth (C:\Users\Lenovo\Desktop\NewBranch\branch-backend\src\middleware\auth.middleware.ts:44:13)[39m
[31m    at Layer.handleRequest (C:\Users\Lenovo\Desktop\NewBranch\branch-backend\node_modules\router\lib\layer.js:152:17)[39m
[31m    at trimPrefix (C:\Users\Lenovo\Desktop\NewBranch\branch-backend\node_modules\router\index.js:342:13)[39m
[31m    at C:\Users\Lenovo\Desktop\NewBranch\branch-backend\node_modules\router\index.js:297:9[39m
[31m    at processParams (C:\Users\Lenovo\Desktop\NewBranch\branch-backend\node_modules\router\index.js:582:12)[39m
[31m    at next (C:\Users\Lenovo\Desktop\NewBranch\branch-backend\node_modules\router\index.js:291:5)[39m
[31m    at Function.handle (C:\Users\Lenovo\Desktop\NewBranch\branch-backend\node_modules\router\index.js:186:3)[39m
[31m    at router (C:\Users\Lenovo\Desktop\NewBranch\branch-backend\node_modules\router\index.js:60:12)[39m
[31m    at Layer.handleRequest (C:\Users\Lenovo\Desktop\NewBranch\branch-backend\node_modules\router\lib\layer.js:152:17)[39m
[31m    at trimPrefix (C:\Users\Lenovo\Desktop\NewBranch\branch-backend\node_modules\router\index.js:342:13)[39m
[2026-09-16 15:22:45:2245] [[31merror[39m]: [31mError: Invalid or expired authentication token.[39m
[31m    at auth (C:\Users\Lenovo\Desktop\NewBranch\branch-backend\src\middleware\auth.middleware.ts:44:13)[39m
[31m    at Layer.handleRequest (C:\Users\Lenovo\Desktop\NewBranch\branch-backend\node_modules\router\lib\layer.js:152:17)[39m
[31m    at trimPrefix (C:\Users\Lenovo\Desktop\NewBranch\branch-backend\node_modules\router\index.js:342:13)[39m
[31m    at C:\Users\Lenovo\Desktop\NewBranch\branch-backend\node_modules\router\index.js:297:9[39m
[31m    at processParams (C:\Users\Lenovo\Desktop\NewBranch\branch-backend\node_modules\router\index.js:582:12)[39m
[31m    at next (C:\Users\Lenovo\Desktop\NewBranch\branch-backend\node_modules\router\index.js:291:5)[39m
[31m    at Function.handle (C:\Users\Lenovo\Desktop\NewBranch\branch-backend\node_modules\router\index.js:186:3)[39m
[31m    at router (C:\Users\Lenovo\Desktop\NewBranch\branch-backend\node_modules\router\index.js:60:12)[39m
[31m    at Layer.handleRequest (C:\Users\Lenovo\Desktop\NewBranch\branch-backend\node_modules\router\lib\layer.js:152:17)[39m
[31m    at trimPrefix (C:\Users\Lenovo\Desktop\NewBranch\branch-backend\node_modules\router\index.js:342:13)[39m
[2026-09-16 15:43:25:4325] [[31merror[39m]: [31mError: Invalid or expired authentication token.[39m
[31m    at auth (C:\Users\Lenovo\Desktop\NewBranch\branch-backend\src\middleware\auth.middleware.ts:44:13)[39m
[31m    at Layer.handleRequest (C:\Users\Lenovo\Desktop\NewBranch\branch-backend\node_modules\router\lib\layer.js:152:17)[39m
[31m    at trimPrefix (C:\Users\Lenovo\Desktop\NewBranch\branch-backend\node_modules\router\index.js:342:13)[39m
[31m    at C:\Users\Lenovo\Desktop\NewBranch\branch-backend\node_modules\router\index.js:297:9[39m
[31m    at processParams (C:\Users\Lenovo\Desktop\NewBranch\branch-backend\node_modules\router\index.js:582:12)[39m
[31m    at next (C:\Users\Lenovo\Desktop\NewBranch\branch-backend\node_modules\router\index.js:291:5)[39m
[31m    at Function.handle (C:\Users\Lenovo\Desktop\NewBranch\branch-backend\node_modules\router\index.js:186:3)[39m
[31m    at router (C:\Users\Lenovo\Desktop\NewBranch\branch-backend\node_modules\router\index.js:60:12)[39m
[31m    at Layer.handleRequest (C:\Users\Lenovo\Desktop\NewBranch\branch-backend\node_modules\router\lib\layer.js:152:17)[39m
[31m    at trimPrefix (C:\Users\Lenovo\Desktop\NewBranch\branch-backend\node_modules\router\index.js:342:13)[39m
[2026-09-16 15:43:25:4325] [[31merror[39m]: [31mError: Invalid or expired authentication token.[39m
[31m    at auth (C:\Users\Lenovo\Desktop\NewBranch\branch-backend\src\middleware\auth.middleware.ts:44:13)[39m
[31m    at Layer.handleRequest (C:\Users\Lenovo\Desktop\NewBranch\branch-backend\node_modules\router\lib\layer.js:152:17)[39m
[31m    at trimPrefix (C:\Users\Lenovo\Desktop\NewBranch\branch-backend\node_modules\router\index.js:342:13)[39m
[31m    at C:\Users\Lenovo\Desktop\NewBranch\branch-backend\node_modules\router\index.js:297:9[39m
[31m    at processParams (C:\Users\Lenovo\Desktop\NewBranch\branch-backend\node_modules\router\index.js:582:12)[39m
[31m    at next (C:\Users\Lenovo\Desktop\NewBranch\branch-backend\node_modules\router\index.js:291:5)[39m
[31m    at Function.handle (C:\Users\Lenovo\Desktop\NewBranch\branch-backend\node_modules\router\index.js:186:3)[39m
[31m    at router (C:\Users\Lenovo\Desktop\NewBranch\branch-backend\node_modules\router\index.js:60:12)[39m
[31m    at Layer.handleRequest (C:\Users\Lenovo\Desktop\NewBranch\branch-backend\node_modules\router\lib\layer.js:152:17)[39m
[31m    at trimPrefix (C:\Users\Lenovo\Desktop\NewBranch\branch-backend\node_modules\router\index.js:342:13)[39m
[2026-09-16 15:43:25:4325] [[31merror[39m]: [31mError: Invalid or expired authentication token.[39m
[31m    at auth (C:\Users\Lenovo\Desktop\NewBranch\branch-backend\src\middleware\auth.middleware.ts:44:13)[39m
[31m    at Layer.handleRequest (C:\Users\Lenovo\Desktop\NewBranch\branch-backend\node_modules\router\lib\layer.js:152:17)[39m
[31m    at trimPrefix (C:\Users\Lenovo\Desktop\NewBranch\branch-backend\node_modules\router\index.js:342:13)[39m
[31m    at C:\Users\Lenovo\Desktop\NewBranch\branch-backend\node_modules\router\index.js:297:9[39m
[31m    at processParams (C:\Users\Lenovo\Desktop\NewBranch\branch-backend\node_modules\router\index.js:582:12)[39m
[31m    at next (C:\Users\Lenovo\Desktop\NewBranch\branch-backend\node_modules\router\index.js:291:5)[39m
[31m    at Function.handle (C:\Users\Lenovo\Desktop\NewBranch\branch-backend\node_modules\router\index.js:186:3)[39m
[31m    at router (C:\Users\Lenovo\Desktop\NewBranch\branch-backend\node_modules\router\index.js:60:12)[39m
[31m    at Layer.handleRequest (C:\Users\Lenovo\Desktop\NewBranch\branch-backend\node_modules\router\lib\layer.js:152:17)[39m
[31m    at trimPrefix (C:\Users\Lenovo\Desktop\NewBranch\branch-backend\node_modules\router\index.js:342:13)[39m
[2026-09-16 15:43:25:4325] [[31merror[39m]: [31mError: Invalid or expired authentication token.[39m
[31m    at auth (C:\Users\Lenovo\Desktop\NewBranch\branch-backend\src\middleware\auth.middleware.ts:44:13)[39m
[31m    at Layer.handleRequest (C:\Users\Lenovo\Desktop\NewBranch\branch-backend\node_modules\router\lib\layer.js:152:17)[39m
[31m    at trimPrefix (C:\Users\Lenovo\Desktop\NewBranch\branch-backend\node_modules\router\index.js:342:13)[39m
[31m    at C:\Users\Lenovo\Desktop\NewBranch\branch-backend\node_modules\router\index.js:297:9[39m
[31m    at processParams (C:\Users\Lenovo\Desktop\NewBranch\branch-backend\node_modules\router\index.js:582:12)[39m
[31m    at next (C:\Users\Lenovo\Desktop\NewBranch\branch-backend\node_modules\router\index.js:291:5)[39m
[31m    at Function.handle (C:\Users\Lenovo\Desktop\NewBranch\branch-backend\node_modules\router\index.js:186:3)[39m
[31m    at router (C:\Users\Lenovo\Desktop\NewBranch\branch-backend\node_modules\router\index.js:60:12)[39m
[31m    at Layer.handleRequest (C:\Users\Lenovo\Desktop\NewBranch\branch-backend\node_modules\router\lib\layer.js:152:17)[39m
[31m    at trimPrefix (C:\Users\Lenovo\Desktop\NewBranch\branch-backend\node_modules\router\index.js:342:13)[39m
[2026-09-16 15:43:25:4325] [[31merror[39m]: [31mError: Invalid or expired authentication token.[39m
[31m    at auth (C:\Users\Lenovo\Desktop\NewBranch\branch-backend\src\middleware\auth.middleware.ts:44:13)[39m
[31m    at Layer.handleRequest (C:\Users\Lenovo\Desktop\NewBranch\branch-backend\node_modules\router\lib\layer.js:152:17)[39m
[31m    at trimPrefix (C:\Users\Lenovo\Desktop\NewBranch\branch-backend\node_modules\router\index.js:342:13)[39m
[31m    at C:\Users\Lenovo\Desktop\NewBranch\branch-backend\node_modules\router\index.js:297:9[39m
[31m    at processParams (C:\Users\Lenovo\Desktop\NewBranch\branch-backend\node_modules\router\index.js:582:12)[39m
[31m    at next (C:\Users\Lenovo\Desktop\NewBranch\branch-backend\node_modules\router\index.js:291:5)[39m
[31m    at Function.handle (C:\Users\Lenovo\Desktop\NewBranch\branch-backend\node_modules\router\index.js:186:3)[39m
[31m    at router (C:\Users\Lenovo\Desktop\NewBranch\branch-backend\node_modules\router\index.js:60:12)[39m
[31m    at Layer.handleRequest (C:\Users\Lenovo\Desktop\NewBranch\branch-backend\node_modules\router\lib\layer.js:152:17)[39m
[31m    at trimPrefix (C:\Users\Lenovo\Desktop\NewBranch\branch-backend\node_modules\router\index.js:342:13)[39m
[2026-09-16 15:43:25:4325] [[31merror[39m]: [31mError: Invalid or expired authentication token.[39m
[31m    at auth (C:\Users\Lenovo\Desktop\NewBranch\branch-backend\src\middleware\auth.middleware.ts:44:13)[39m
[31m    at Layer.handleRequest (C:\Users\Lenovo\Desktop\NewBranch\branch-backend\node_modules\router\lib\layer.js:152:17)[39m
[31m    at trimPrefix (C:\Users\Lenovo\Desktop\NewBranch\branch-backend\node_modules\router\index.js:342:13)[39m
[31m    at C:\Users\Lenovo\Desktop\NewBranch\branch-backend\node_modules\router\index.js:297:9[39m
[31m    at processParams (C:\Users\Lenovo\Desktop\NewBranch\branch-backend\node_modules\router\index.js:582:12)[39m
[31m    at next (C:\Users\Lenovo\Desktop\NewBranch\branch-backend\node_modules\router\index.js:291:5)[39m
[31m    at Function.handle (C:\Users\Lenovo\Desktop\NewBranch\branch-backend\node_modules\router\index.js:186:3)[39m
[31m    at router (C:\Users\Lenovo\Desktop\NewBranch\branch-backend\node_modules\router\index.js:60:12)[39m
[31m    at Layer.handleRequest (C:\Users\Lenovo\Desktop\NewBranch\branch-backend\node_modules\router\lib\layer.js:152:17)[39m
[31m    at trimPrefix (C:\Users\Lenovo\Desktop\NewBranch\branch-backend\node_modules\router\index.js:342:13)[39m
[2026-09-16 15:43:25:4325] [[31merror[39m]: [31mError: Invalid or expired authentication token.[39m
[31m    at auth (C:\Users\Lenovo\Desktop\NewBranch\branch-backend\src\middleware\auth.middleware.ts:44:13)[39m
[31m    at Layer.handleRequest (C:\Users\Lenovo\Desktop\NewBranch\branch-backend\node_modules\router\lib\layer.js:152:17)[39m
[31m    at trimPrefix (C:\Users\Lenovo\Desktop\NewBranch\branch-backend\node_modules\router\index.js:342:13)[39m
[31m    at C:\Users\Lenovo\Desktop\NewBranch\branch-backend\node_modules\router\index.js:297:9[39m
[31m    at processParams (C:\Users\Lenovo\Desktop\NewBranch\branch-backend\node_modules\router\index.js:582:12)[39m
[31m    at next (C:\Users\Lenovo\Desktop\NewBranch\branch-backend\node_modules\router\index.js:291:5)[39m
[31m    at Function.handle (C:\Users\Lenovo\Desktop\NewBranch\branch-backend\node_modules\router\index.js:186:3)[39m
[31m    at router (C:\Users\Lenovo\Desktop\NewBranch\branch-backend\node_modules\router\index.js:60:12)[39m
[31m    at Layer.handleRequest (C:\Users\Lenovo\Desktop\NewBranch\branch-backend\node_modules\router\lib\layer.js:152:17)[39m
[31m    at trimPrefix (C:\Users\Lenovo\Desktop\NewBranch\branch-backend\node_modules\router\index.js:342:13)[39m
[2026-09-16 16:38:42:3842] [[31merror[39m]: [31mError: Invalid or expired authentication token.[39m
[31m    at auth (C:\Users\Lenovo\Desktop\NewBranch\branch-backend\src\middleware\auth.middleware.ts:44:13)[39m
[31m    at Layer.handleRequest (C:\Users\Lenovo\Desktop\NewBranch\branch-backend\node_modules\router\lib\layer.js:152:17)[39m
[31m    at trimPrefix (C:\Users\Lenovo\Desktop\NewBranch\branch-backend\node_modules\router\index.js:342:13)[39m
[31m    at C:\Users\Lenovo\Desktop\NewBranch\branch-backend\node_modules\router\index.js:297:9[39m
[31m    at processParams (C:\Users\Lenovo\Desktop\NewBranch\branch-backend\node_modules\router\index.js:582:12)[39m
[31m    at next (C:\Users\Lenovo\Desktop\NewBranch\branch-backend\node_modules\router\index.js:291:5)[39m
[31m    at Function.handle (C:\Users\Lenovo\Desktop\NewBranch\branch-backend\node_modules\router\index.js:186:3)[39m
[31m    at router (C:\Users\Lenovo\Desktop\NewBranch\branch-backend\node_modules\router\index.js:60:12)[39m
[31m    at Layer.handleRequest (C:\Users\Lenovo\Desktop\NewBranch\branch-backend\node_modules\router\lib\layer.js:152:17)[39m
[31m    at trimPrefix (C:\Users\Lenovo\Desktop\NewBranch\branch-backend\node_modules\router\index.js:342:13)[39m
[2026-09-16 16:38:42:3842] [[31merror[39m]: [31mError: Invalid or expired authentication token.[39m
[31m    at auth (C:\Users\Lenovo\Desktop\NewBranch\branch-backend\src\middleware\auth.middleware.ts:44:13)[39m
[31m    at Layer.handleRequest (C:\Users\Lenovo\Desktop\NewBranch\branch-backend\node_modules\router\lib\layer.js:152:17)[39m
[31m    at trimPrefix (C:\Users\Lenovo\Desktop\NewBranch\branch-backend\node_modules\router\index.js:342:13)[39m
[31m    at C:\Users\Lenovo\Desktop\NewBranch\branch-backend\node_modules\router\index.js:297:9[39m
[31m    at processParams (C:\Users\Lenovo\Desktop\NewBranch\branch-backend\node_modules\router\index.js:582:12)[39m
[31m    at next (C:\Users\Lenovo\Desktop\NewBranch\branch-backend\node_modules\router\index.js:291:5)[39m
[31m    at Function.handle (C:\Users\Lenovo\Desktop\NewBranch\branch-backend\node_modules\router\index.js:186:3)[39m
[31m    at router (C:\Users\Lenovo\Desktop\NewBranch\branch-backend\node_modules\router\index.js:60:12)[39m
[31m    at Layer.handleRequest (C:\Users\Lenovo\Desktop\NewBranch\branch-backend\node_modules\router\lib\layer.js:152:17)[39m
[31m    at trimPrefix (C:\Users\Lenovo\Desktop\NewBranch\branch-backend\node_modules\router\index.js:342:13)[39m
[2026-09-16 16:38:42:3842] [[31merror[39m]: [31mError: Invalid or expired authentication token.[39m
[31m    at auth (C:\Users\Lenovo\Desktop\NewBranch\branch-backend\src\middleware\auth.middleware.ts:44:13)[39m
[31m    at Layer.handleRequest (C:\Users\Lenovo\Desktop\NewBranch\branch-backend\node_modules\router\lib\layer.js:152:17)[39m
[31m    at trimPrefix (C:\Users\Lenovo\Desktop\NewBranch\branch-backend\node_modules\router\index.js:342:13)[39m
[31m    at C:\Users\Lenovo\Desktop\NewBranch\branch-backend\node_modules\router\index.js:297:9[39m
[31m    at processParams (C:\Users\Lenovo\Desktop\NewBranch\branch-backend\node_modules\router\index.js:582:12)[39m
[31m    at next (C:\Users\Lenovo\Desktop\NewBranch\branch-backend\node_modules\router\index.js:291:5)[39m
[31m    at Function.handle (C:\Users\Lenovo\Desktop\NewBranch\branch-backend\node_modules\router\index.js:186:3)[39m
[31m    at router (C:\Users\Lenovo\Desktop\NewBranch\branch-backend\node_modules\router\index.js:60:12)[39m
[31m    at Layer.handleRequest (C:\Users\Lenovo\Desktop\NewBranch\branch-backend\node_modules\router\lib\layer.js:152:17)[39m
[31m    at trimPrefix (C:\Users\Lenovo\Desktop\NewBranch\branch-backend\node_modules\router\index.js:342:13)[39m
[2026-09-16 16:38:42:3842] [[31merror[39m]: [31mError: Invalid or expired authentication token.[39m
[31m    at auth (C:\Users\Lenovo\Desktop\NewBranch\branch-backend\src\middleware\auth.middleware.ts:44:13)[39m
[31m    at Layer.handleRequest (C:\Users\Lenovo\Desktop\NewBranch\branch-backend\node_modules\router\lib\layer.js:152:17)[39m
[31m    at trimPrefix (C:\Users\Lenovo\Desktop\NewBranch\branch-backend\node_modules\router\index.js:342:13)[39m
[31m    at C:\Users\Lenovo\Desktop\NewBranch\branch-backend\node_modules\router\index.js:297:9[39m
[31m    at processParams (C:\Users\Lenovo\Desktop\NewBranch\branch-backend\node_modules\router\index.js:582:12)[39m
[31m    at next (C:\Users\Lenovo\Desktop\NewBranch\branch-backend\node_modules\router\index.js:291:5)[39m
[31m    at Function.handle (C:\Users\Lenovo\Desktop\NewBranch\branch-backend\node_modules\router\index.js:186:3)[39m
[31m    at router (C:\Users\Lenovo\Desktop\NewBranch\branch-backend\node_modules\router\index.js:60:12)[39m
[31m    at Layer.handleRequest (C:\Users\Lenovo\Desktop\NewBranch\branch-backend\node_modules\router\lib\layer.js:152:17)[39m
[31m    at trimPrefix (C:\Users\Lenovo\Desktop\NewBranch\branch-backend\node_modules\router\index.js:342:13)[39m
[2026-09-16 16:38:42:3842] [[31merror[39m]: [31mError: Invalid or expired authentication token.[39m
[31m    at auth (C:\Users\Lenovo\Desktop\NewBranch\branch-backend\src\middleware\auth.middleware.ts:44:13)[39m
[31m    at Layer.handleRequest (C:\Users\Lenovo\Desktop\NewBranch\branch-backend\node_modules\router\lib\layer.js:152:17)[39m
[31m    at trimPrefix (C:\Users\Lenovo\Desktop\NewBranch\branch-backend\node_modules\router\index.js:342:13)[39m
[31m    at C:\Users\Lenovo\Desktop\NewBranch\branch-backend\node_modules\router\index.js:297:9[39m
[31m    at processParams (C:\Users\Lenovo\Desktop\NewBranch\branch-backend\node_modules\router\index.js:582:12)[39m
[31m    at next (C:\Users\Lenovo\Desktop\NewBranch\branch-backend\node_modules\router\index.js:291:5)[39m
[31m    at Function.handle (C:\Users\Lenovo\Desktop\NewBranch\branch-backend\node_modules\router\index.js:186:3)[39m
[31m    at router (C:\Users\Lenovo\Desktop\NewBranch\branch-backend\node_modules\router\index.js:60:12)[39m
[31m    at Layer.handleRequest (C:\Users\Lenovo\Desktop\NewBranch\branch-backend\node_modules\router\lib\layer.js:152:17)[39m
[31m    at trimPrefix (C:\Users\Lenovo\Desktop\NewBranch\branch-backend\node_modules\router\index.js:342:13)[39m
[2026-09-16 16:38:42:3842] [[31merror[39m]: [31mError: Invalid or expired authentication token.[39m
[31m    at auth (C:\Users\Lenovo\Desktop\NewBranch\branch-backend\src\middleware\auth.middleware.ts:44:13)[39m
[31m    at Layer.handleRequest (C:\Users\Lenovo\Desktop\NewBranch\branch-backend\node_modules\router\lib\layer.js:152:17)[39m
[31m    at trimPrefix (C:\Users\Lenovo\Desktop\NewBranch\branch-backend\node_modules\router\index.js:342:13)[39m
[31m    at C:\Users\Lenovo\Desktop\NewBranch\branch-backend\node_modules\router\index.js:297:9[39m
[31m    at processParams (C:\Users\Lenovo\Desktop\NewBranch\branch-backend\node_modules\router\index.js:582:12)[39m
[31m    at next (C:\Users\Lenovo\Desktop\NewBranch\branch-backend\node_modules\router\index.js:291:5)[39m
[31m    at Function.handle (C:\Users\Lenovo\Desktop\NewBranch\branch-backend\node_modules\router\index.js:186:3)[39m
[31m    at router (C:\Users\Lenovo\Desktop\NewBranch\branch-backend\node_modules\router\index.js:60:12)[39m
[31m    at Layer.handleRequest (C:\Users\Lenovo\Desktop\NewBranch\branch-backend\node_modules\router\lib\layer.js:152:17)[39m
[31m    at trimPrefix (C:\Users\Lenovo\Desktop\NewBranch\branch-backend\node_modules\router\index.js:342:13)[39m
[2026-09-16 16:38:42:3842] [[31merror[39m]: [31mError: Invalid or expired authentication token.[39m
[31m    at auth (C:\Users\Lenovo\Desktop\NewBranch\branch-backend\src\middleware\auth.middleware.ts:44:13)[39m
[31m    at Layer.handleRequest (C:\Users\Lenovo\Desktop\NewBranch\branch-backend\node_modules\router\lib\layer.js:152:17)[39m
[31m    at trimPrefix (C:\Users\Lenovo\Desktop\NewBranch\branch-backend\node_modules\router\index.js:342:13)[39m
[31m    at C:\Users\Lenovo\Desktop\NewBranch\branch-backend\node_modules\router\index.js:297:9[39m
[31m    at processParams (C:\Users\Lenovo\Desktop\NewBranch\branch-backend\node_modules\router\index.js:582:12)[39m
[31m    at next (C:\Users\Lenovo\Desktop\NewBranch\branch-backend\node_modules\router\index.js:291:5)[39m
[31m    at Function.handle (C:\Users\Lenovo\Desktop\NewBranch\branch-backend\node_modules\router\index.js:186:3)[39m
[31m    at router (C:\Users\Lenovo\Desktop\NewBranch\branch-backend\node_modules\router\index.js:60:12)[39m
[31m    at Layer.handleRequest (C:\Users\Lenovo\Desktop\NewBranch\branch-backend\node_modules\router\lib\layer.js:152:17)[39m
[31m    at trimPrefix (C:\Users\Lenovo\Desktop\NewBranch\branch-backend\node_modules\router\index.js:342:13)[39m
[2026-09-16 16:38:42:3842] [[31merror[39m]: [31mError: Invalid or expired authentication token.[39m
[31m    at auth (C:\Users\Lenovo\Desktop\NewBranch\branch-backend\src\middleware\auth.middleware.ts:44:13)[39m
[31m    at Layer.handleRequest (C:\Users\Lenovo\Desktop\NewBranch\branch-backend\node_modules\router\lib\layer.js:152:17)[39m
[31m    at trimPrefix (C:\Users\Lenovo\Desktop\NewBranch\branch-backend\node_modules\router\index.js:342:13)[39m
[31m    at C:\Users\Lenovo\Desktop\NewBranch\branch-backend\node_modules\router\index.js:297:9[39m
[31m    at processParams (C:\Users\Lenovo\Desktop\NewBranch\branch-backend\node_modules\router\index.js:582:12)[39m
[31m    at next (C:\Users\Lenovo\Desktop\NewBranch\branch-backend\node_modules\router\index.js:291:5)[39m
[31m    at Function.handle (C:\Users\Lenovo\Desktop\NewBranch\branch-backend\node_modules\router\index.js:186:3)[39m
[31m    at router (C:\Users\Lenovo\Desktop\NewBranch\branch-backend\node_modules\router\index.js:60:12)[39m
[31m    at Layer.handleRequest (C:\Users\Lenovo\Desktop\NewBranch\branch-backend\node_modules\router\lib\layer.js:152:17)[39m
[31m    at trimPrefix (C:\Users\Lenovo\Desktop\NewBranch\branch-backend\node_modules\router\index.js:342:13)[39m
[2026-09-16 16:38:42:3842] [[31merror[39m]: [31mError: Invalid or expired authentication token.[39m
[31m    at auth (C:\Users\Lenovo\Desktop\NewBranch\branch-backend\src\middleware\auth.middleware.ts:44:13)[39m
[31m    at Layer.handleRequest (C:\Users\Lenovo\Desktop\NewBranch\branch-backend\node_modules\router\lib\layer.js:152:17)[39m
[31m    at trimPrefix (C:\Users\Lenovo\Desktop\NewBranch\branch-backend\node_modules\router\index.js:342:13)[39m
[31m    at C:\Users\Lenovo\Desktop\NewBranch\branch-backend\node_modules\router\index.js:297:9[39m
[31m    at processParams (C:\Users\Lenovo\Desktop\NewBranch\branch-backend\node_modules\router\index.js:582:12)[39m
[31m    at next (C:\Users\Lenovo\Desktop\NewBranch\branch-backend\node_modules\router\index.js:291:5)[39m
[31m    at Function.handle (C:\Users\Lenovo\Desktop\NewBranch\branch-backend\node_modules\router\index.js:186:3)[39m
[31m    at router (C:\Users\Lenovo\Desktop\NewBranch\branch-backend\node_modules\router\index.js:60:12)[39m
[31m    at Layer.handleRequest (C:\Users\Lenovo\Desktop\NewBranch\branch-backend\node_modules\router\lib\layer.js:152:17)[39m
[31m    at trimPrefix (C:\Users\Lenovo\Desktop\NewBranch\branch-backend\node_modules\router\index.js:342:13)[39m
[2026-09-16 16:38:42:3842] [[31merror[39m]: [31mError: Invalid or expired authentication token.[39m
[31m    at auth (C:\Users\Lenovo\Desktop\NewBranch\branch-backend\src\middleware\auth.middleware.ts:44:13)[39m
[31m    at Layer.handleRequest (C:\Users\Lenovo\Desktop\NewBranch\branch-backend\node_modules\router\lib\layer.js:152:17)[39m
[31m    at trimPrefix (C:\Users\Lenovo\Desktop\NewBranch\branch-backend\node_modules\router\index.js:342:13)[39m
[31m    at C:\Users\Lenovo\Desktop\NewBranch\branch-backend\node_modules\router\index.js:297:9[39m
[31m    at processParams (C:\Users\Lenovo\Desktop\NewBranch\branch-backend\node_modules\router\index.js:582:12)[39m
[31m    at next (C:\Users\Lenovo\Desktop\NewBranch\branch-backend\node_modules\router\index.js:291:5)[39m
[31m    at Function.handle (C:\Users\Lenovo\Desktop\NewBranch\branch-backend\node_modules\router\index.js:186:3)[39m
[31m    at router (C:\Users\Lenovo\Desktop\NewBranch\branch-backend\node_modules\router\index.js:60:12)[39m
[31m    at Layer.handleRequest (C:\Users\Lenovo\Desktop\NewBranch\branch-backend\node_modules\router\lib\layer.js:152:17)[39m
[31m    at trimPrefix (C:\Users\Lenovo\Desktop\NewBranch\branch-backend\node_modules\router\index.js:342:13)[39m
[2026-09-16 16:38:43:3843] [[31merror[39m]: [31mError: Invalid or expired authentication token.[39m
[31m    at auth (C:\Users\Lenovo\Desktop\NewBranch\branch-backend\src\middleware\auth.middleware.ts:44:13)[39m
[31m    at Layer.handleRequest (C:\Users\Lenovo\Desktop\NewBranch\branch-backend\node_modules\router\lib\layer.js:152:17)[39m
[31m    at trimPrefix (C:\Users\Lenovo\Desktop\NewBranch\branch-backend\node_modules\router\index.js:342:13)[39m
[31m    at C:\Users\Lenovo\Desktop\NewBranch\branch-backend\node_modules\router\index.js:297:9[39m
[31m    at processParams (C:\Users\Lenovo\Desktop\NewBranch\branch-backend\node_modules\router\index.js:582:12)[39m
[31m    at next (C:\Users\Lenovo\Desktop\NewBranch\branch-backend\node_modules\router\index.js:291:5)[39m
[31m    at Function.handle (C:\Users\Lenovo\Desktop\NewBranch\branch-backend\node_modules\router\index.js:186:3)[39m
[31m    at router (C:\Users\Lenovo\Desktop\NewBranch\branch-backend\node_modules\router\index.js:60:12)[39m
[31m    at Layer.handleRequest (C:\Users\Lenovo\Desktop\NewBranch\branch-backend\node_modules\router\lib\layer.js:152:17)[39m
[31m    at trimPrefix (C:\Users\Lenovo\Desktop\NewBranch\branch-backend\node_modules\router\index.js:342:13)[39m
[2026-09-16 16:38:43:3843] [[31merror[39m]: [31mError: Invalid or expired authentication token.[39m
[31m    at auth (C:\Users\Lenovo\Desktop\NewBranch\branch-backend\src\middleware\auth.middleware.ts:44:13)[39m
[31m    at Layer.handleRequest (C:\Users\Lenovo\Desktop\NewBranch\branch-backend\node_modules\router\lib\layer.js:152:17)[39m
[31m    at trimPrefix (C:\Users\Lenovo\Desktop\NewBranch\branch-backend\node_modules\router\index.js:342:13)[39m
[31m    at C:\Users\Lenovo\Desktop\NewBranch\branch-backend\node_modules\router\index.js:297:9[39m
[31m    at processParams (C:\Users\Lenovo\Desktop\NewBranch\branch-backend\node_modules\router\index.js:582:12)[39m
[31m    at next (C:\Users\Lenovo\Desktop\NewBranch\branch-backend\node_modules\router\index.js:291:5)[39m
[31m    at Function.handle (C:\Users\Lenovo\Desktop\NewBranch\branch-backend\node_modules\router\index.js:186:3)[39m
[31m    at router (C:\Users\Lenovo\Desktop\NewBranch\branch-backend\node_modules\router\index.js:60:12)[39m
[31m    at Layer.handleRequest (C:\Users\Lenovo\Desktop\NewBranch\branch-backend\node_modules\router\lib\layer.js:152:17)[39m
[31m    at trimPrefix (C:\Users\Lenovo\Desktop\NewBranch\branch-backend\node_modules\router\index.js:342:13)[39m
[2026-09-16 16:38:43:3843] [[31merror[39m]: [31mError: Invalid or expired authentication token.[39m
[31m    at auth (C:\Users\Lenovo\Desktop\NewBranch\branch-backend\src\middleware\auth.middleware.ts:44:13)[39m
[31m    at Layer.handleRequest (C:\Users\Lenovo\Desktop\NewBranch\branch-backend\node_modules\router\lib\layer.js:152:17)[39m
[31m    at trimPrefix (C:\Users\Lenovo\Desktop\NewBranch\branch-backend\node_modules\router\index.js:342:13)[39m
[31m    at C:\Users\Lenovo\Desktop\NewBranch\branch-backend\node_modules\router\index.js:297:9[39m
[31m    at processParams (C:\Users\Lenovo\Desktop\NewBranch\branch-backend\node_modules\router\index.js:582:12)[39m
[31m    at next (C:\Users\Lenovo\Desktop\NewBranch\branch-backend\node_modules\router\index.js:291:5)[39m
[31m    at Function.handle (C:\Users\Lenovo\Desktop\NewBranch\branch-backend\node_modules\router\index.js:186:3)[39m
[31m    at router (C:\Users\Lenovo\Desktop\NewBranch\branch-backend\node_modules\router\index.js:60:12)[39m
[31m    at Layer.handleRequest (C:\Users\Lenovo\Desktop\NewBranch\branch-backend\node_modules\router\lib\layer.js:152:17)[39m
[31m    at trimPrefix (C:\Users\Lenovo\Desktop\NewBranch\branch-backend\node_modules\router\index.js:342:13)[39m
[2026-09-16 16:38:43:3843] [[31merror[39m]: [31mError: Invalid or expired authentication token.[39m
[31m    at auth (C:\Users\Lenovo\Desktop\NewBranch\branch-backend\src\middleware\auth.middleware.ts:44:13)[39m
[31m    at Layer.handleRequest (C:\Users\Lenovo\Desktop\NewBranch\branch-backend\node_modules\router\lib\layer.js:152:17)[39m
[31m    at trimPrefix (C:\Users\Lenovo\Desktop\NewBranch\branch-backend\node_modules\router\index.js:342:13)[39m
[31m    at C:\Users\Lenovo\Desktop\NewBranch\branch-backend\node_modules\router\index.js:297:9[39m
[31m    at processParams (C:\Users\Lenovo\Desktop\NewBranch\branch-backend\node_modules\router\index.js:582:12)[39m
[31m    at next (C:\Users\Lenovo\Desktop\NewBranch\branch-backend\node_modules\router\index.js:291:5)[39m
[31m    at Function.handle (C:\Users\Lenovo\Desktop\NewBranch\branch-backend\node_modules\router\index.js:186:3)[39m
[31m    at router (C:\Users\Lenovo\Desktop\NewBranch\branch-backend\node_modules\router\index.js:60:12)[39m
[31m    at Layer.handleRequest (C:\Users\Lenovo\Desktop\NewBranch\branch-backend\node_modules\router\lib\layer.js:152:17)[39m
[31m    at trimPrefix (C:\Users\Lenovo\Desktop\NewBranch\branch-backend\node_modules\router\index.js:342:13)[39m
[2026-09-16 16:54:13:5413] [[31merror[39m]: [31mError: Invalid or expired authentication token.[39m
[31m    at auth (C:\Users\Lenovo\Desktop\NewBranch\branch-backend\src\middleware\auth.middleware.ts:44:13)[39m
[31m    at Layer.handleRequest (C:\Users\Lenovo\Desktop\NewBranch\branch-backend\node_modules\router\lib\layer.js:152:17)[39m
[31m    at trimPrefix (C:\Users\Lenovo\Desktop\NewBranch\branch-backend\node_modules\router\index.js:342:13)[39m
[31m    at C:\Users\Lenovo\Desktop\NewBranch\branch-backend\node_modules\router\index.js:297:9[39m
[31m    at processParams (C:\Users\Lenovo\Desktop\NewBranch\branch-backend\node_modules\router\index.js:582:12)[39m
[31m    at next (C:\Users\Lenovo\Desktop\NewBranch\branch-backend\node_modules\router\index.js:291:5)[39m
[31m    at Function.handle (C:\Users\Lenovo\Desktop\NewBranch\branch-backend\node_modules\router\index.js:186:3)[39m
[31m    at router (C:\Users\Lenovo\Desktop\NewBranch\branch-backend\node_modules\router\index.js:60:12)[39m
[31m    at Layer.handleRequest (C:\Users\Lenovo\Desktop\NewBranch\branch-backend\node_modules\router\lib\layer.js:152:17)[39m
[31m    at trimPrefix (C:\Users\Lenovo\Desktop\NewBranch\branch-backend\node_modules\router\index.js:342:13)[39m
[2026-09-16 16:54:13:5413] [[31merror[39m]: [31mError: Invalid or expired authentication token.[39m
[31m    at auth (C:\Users\Lenovo\Desktop\NewBranch\branch-backend\src\middleware\auth.middleware.ts:44:13)[39m
[31m    at Layer.handleRequest (C:\Users\Lenovo\Desktop\NewBranch\branch-backend\node_modules\router\lib\layer.js:152:17)[39m
[31m    at trimPrefix (C:\Users\Lenovo\Desktop\NewBranch\branch-backend\node_modules\router\index.js:342:13)[39m
[31m    at C:\Users\Lenovo\Desktop\NewBranch\branch-backend\node_modules\router\index.js:297:9[39m
[31m    at processParams (C:\Users\Lenovo\Desktop\NewBranch\branch-backend\node_modules\router\index.js:582:12)[39m
[31m    at next (C:\Users\Lenovo\Desktop\NewBranch\branch-backend\node_modules\router\index.js:291:5)[39m
[31m    at Function.handle (C:\Users\Lenovo\Desktop\NewBranch\branch-backend\node_modules\router\index.js:186:3)[39m
[31m    at router (C:\Users\Lenovo\Desktop\NewBranch\branch-backend\node_modules\router\index.js:60:12)[39m
[31m    at Layer.handleRequest (C:\Users\Lenovo\Desktop\NewBranch\branch-backend\node_modules\router\lib\layer.js:152:17)[39m
[31m    at trimPrefix (C:\Users\Lenovo\Desktop\NewBranch\branch-backend\node_modules\router\index.js:342:13)[39m
[2026-09-16 16:54:13:5413] [[31merror[39m]: [31mError: Invalid or expired authentication token.[39m
[31m    at auth (C:\Users\Lenovo\Desktop\NewBranch\branch-backend\src\middleware\auth.middleware.ts:44:13)[39m
[31m    at Layer.handleRequest (C:\Users\Lenovo\Desktop\NewBranch\branch-backend\node_modules\router\lib\layer.js:152:17)[39m
[31m    at trimPrefix (C:\Users\Lenovo\Desktop\NewBranch\branch-backend\node_modules\router\index.js:342:13)[39m
[31m    at C:\Users\Lenovo\Desktop\NewBranch\branch-backend\node_modules\router\index.js:297:9[39m
[31m    at processParams (C:\Users\Lenovo\Desktop\NewBranch\branch-backend\node_modules\router\index.js:582:12)[39m
[31m    at next (C:\Users\Lenovo\Desktop\NewBranch\branch-backend\node_modules\router\index.js:291:5)[39m
[31m    at Function.handle (C:\Users\Lenovo\Desktop\NewBranch\branch-backend\node_modules\router\index.js:186:3)[39m
[31m    at router (C:\Users\Lenovo\Desktop\NewBranch\branch-backend\node_modules\router\index.js:60:12)[39m
[31m    at Layer.handleRequest (C:\Users\Lenovo\Desktop\NewBranch\branch-backend\node_modules\router\lib\layer.js:152:17)[39m
[31m    at trimPrefix (C:\Users\Lenovo\Desktop\NewBranch\branch-backend\node_modules\router\index.js:342:13)[39m
[2026-09-16 16:54:13:5413] [[31merror[39m]: [31mError: Invalid or expired authentication token.[39m
[31m    at auth (C:\Users\Lenovo\Desktop\NewBranch\branch-backend\src\middleware\auth.middleware.ts:44:13)[39m
[31m    at Layer.handleRequest (C:\Users\Lenovo\Desktop\NewBranch\branch-backend\node_modules\router\lib\layer.js:152:17)[39m
[31m    at trimPrefix (C:\Users\Lenovo\Desktop\NewBranch\branch-backend\node_modules\router\index.js:342:13)[39m
[31m    at C:\Users\Lenovo\Desktop\NewBranch\branch-backend\node_modules\router\index.js:297:9[39m
[31m    at processParams (C:\Users\Lenovo\Desktop\NewBranch\branch-backend\node_modules\router\index.js:582:12)[39m
[31m    at next (C:\Users\Lenovo\Desktop\NewBranch\branch-backend\node_modules\router\index.js:291:5)[39m
[31m    at Function.handle (C:\Users\Lenovo\Desktop\NewBranch\branch-backend\node_modules\router\index.js:186:3)[39m
[31m    at router (C:\Users\Lenovo\Desktop\NewBranch\branch-backend\node_modules\router\index.js:60:12)[39m
[31m    at Layer.handleRequest (C:\Users\Lenovo\Desktop\NewBranch\branch-backend\node_modules\router\lib\layer.js:152:17)[39m
[31m    at trimPrefix (C:\Users\Lenovo\Desktop\NewBranch\branch-backend\node_modules\router\index.js:342:13)[39m
[2026-09-16 16:54:13:5413] [[31merror[39m]: [31mError: Invalid or expired authentication token.[39m
[31m    at auth (C:\Users\Lenovo\Desktop\NewBranch\branch-backend\src\middleware\auth.middleware.ts:44:13)[39m
[31m    at Layer.handleRequest (C:\Users\Lenovo\Desktop\NewBranch\branch-backend\node_modules\router\lib\layer.js:152:17)[39m
[31m    at trimPrefix (C:\Users\Lenovo\Desktop\NewBranch\branch-backend\node_modules\router\index.js:342:13)[39m
[31m    at C:\Users\Lenovo\Desktop\NewBranch\branch-backend\node_modules\router\index.js:297:9[39m
[31m    at processParams (C:\Users\Lenovo\Desktop\NewBranch\branch-backend\node_modules\router\index.js:582:12)[39m
[31m    at next (C:\Users\Lenovo\Desktop\NewBranch\branch-backend\node_modules\router\index.js:291:5)[39m
[31m    at Function.handle (C:\Users\Lenovo\Desktop\NewBranch\branch-backend\node_modules\router\index.js:186:3)[39m
[31m    at router (C:\Users\Lenovo\Desktop\NewBranch\branch-backend\node_modules\router\index.js:60:12)[39m
[31m    at Layer.handleRequest (C:\Users\Lenovo\Desktop\NewBranch\branch-backend\node_modules\router\lib\layer.js:152:17)[39m
[31m    at trimPrefix (C:\Users\Lenovo\Desktop\NewBranch\branch-backend\node_modules\router\index.js:342:13)[39m
[2026-09-16 16:54:13:5413] [[31merror[39m]: [31mError: Invalid or expired authentication token.[39m
[31m    at auth (C:\Users\Lenovo\Desktop\NewBranch\branch-backend\src\middleware\auth.middleware.ts:44:13)[39m
[31m    at Layer.handleRequest (C:\Users\Lenovo\Desktop\NewBranch\branch-backend\node_modules\router\lib\layer.js:152:17)[39m
[31m    at trimPrefix (C:\Users\Lenovo\Desktop\NewBranch\branch-backend\node_modules\router\index.js:342:13)[39m
[31m    at C:\Users\Lenovo\Desktop\NewBranch\branch-backend\node_modules\router\index.js:297:9[39m
[31m    at processParams (C:\Users\Lenovo\Desktop\NewBranch\branch-backend\node_modules\router\index.js:582:12)[39m
[31m    at next (C:\Users\Lenovo\Desktop\NewBranch\branch-backend\node_modules\router\index.js:291:5)[39m
[31m    at Function.handle (C:\Users\Lenovo\Desktop\NewBranch\branch-backend\node_modules\router\index.js:186:3)[39m
[31m    at router (C:\Users\Lenovo\Desktop\NewBranch\branch-backend\node_modules\router\index.js:60:12)[39m
[31m    at Layer.handleRequest (C:\Users\Lenovo\Desktop\NewBranch\branch-backend\node_modules\router\lib\layer.js:152:17)[39m
[31m    at trimPrefix (C:\Users\Lenovo\Desktop\NewBranch\branch-backend\node_modules\router\index.js:342:13)[39m
[2026-09-16 16:54:13:5413] [[31merror[39m]: [31mError: Invalid or expired authentication token.[39m
[31m    at auth (C:\Users\Lenovo\Desktop\NewBranch\branch-backend\src\middleware\auth.middleware.ts:44:13)[39m
[31m    at Layer.handleRequest (C:\Users\Lenovo\Desktop\NewBranch\branch-backend\node_modules\router\lib\layer.js:152:17)[39m
[31m    at trimPrefix (C:\Users\Lenovo\Desktop\NewBranch\branch-backend\node_modules\router\index.js:342:13)[39m
[31m    at C:\Users\Lenovo\Desktop\NewBranch\branch-backend\node_modules\router\index.js:297:9[39m
[31m    at processParams (C:\Users\Lenovo\Desktop\NewBranch\branch-backend\node_modules\router\index.js:582:12)[39m
[31m    at next (C:\Users\Lenovo\Desktop\NewBranch\branch-backend\node_modules\router\index.js:291:5)[39m
[31m    at Function.handle (C:\Users\Lenovo\Desktop\NewBranch\branch-backend\node_modules\router\index.js:186:3)[39m
[31m    at router (C:\Users\Lenovo\Desktop\NewBranch\branch-backend\node_modules\router\index.js:60:12)[39m
[31m    at Layer.handleRequest (C:\Users\Lenovo\Desktop\NewBranch\branch-backend\node_modules\router\lib\layer.js:152:17)[39m
[31m    at trimPrefix (C:\Users\Lenovo\Desktop\NewBranch\branch-backend\node_modules\router\index.js:342:13)[39m
[2026-09-16 16:54:13:5413] [[31merror[39m]: [31mError: Invalid or expired authentication token.[39m
[31m    at auth (C:\Users\Lenovo\Desktop\NewBranch\branch-backend\src\middleware\auth.middleware.ts:44:13)[39m
[31m    at Layer.handleRequest (C:\Users\Lenovo\Desktop\NewBranch\branch-backend\node_modules\router\lib\layer.js:152:17)[39m
[31m    at trimPrefix (C:\Users\Lenovo\Desktop\NewBranch\branch-backend\node_modules\router\index.js:342:13)[39m
[31m    at C:\Users\Lenovo\Desktop\NewBranch\branch-backend\node_modules\router\index.js:297:9[39m
[31m    at processParams (C:\Users\Lenovo\Desktop\NewBranch\branch-backend\node_modules\router\index.js:582:12)[39m
[31m    at next (C:\Users\Lenovo\Desktop\NewBranch\branch-backend\node_modules\router\index.js:291:5)[39m
[31m    at Function.handle (C:\Users\Lenovo\Desktop\NewBranch\branch-backend\node_modules\router\index.js:186:3)[39m
[31m    at router (C:\Users\Lenovo\Desktop\NewBranch\branch-backend\node_modules\router\index.js:60:12)[39m
[31m    at Layer.handleRequest (C:\Users\Lenovo\Desktop\NewBranch\branch-backend\node_modules\router\lib\layer.js:152:17)[39m
[31m    at trimPrefix (C:\Users\Lenovo\Desktop\NewBranch\branch-backend\node_modules\router\index.js:342:13)[39m
[2026-09-16 16:54:13:5413] [[31merror[39m]: [31mError: Invalid or expired authentication token.[39m
[31m    at auth (C:\Users\Lenovo\Desktop\NewBranch\branch-backend\src\middleware\auth.middleware.ts:44:13)[39m
[31m    at Layer.handleRequest (C:\Users\Lenovo\Desktop\NewBranch\branch-backend\node_modules\router\lib\layer.js:152:17)[39m
[31m    at trimPrefix (C:\Users\Lenovo\Desktop\NewBranch\branch-backend\node_modules\router\index.js:342:13)[39m
[31m    at C:\Users\Lenovo\Desktop\NewBranch\branch-backend\node_modules\router\index.js:297:9[39m
[31m    at processParams (C:\Users\Lenovo\Desktop\NewBranch\branch-backend\node_modules\router\index.js:582:12)[39m
[31m    at next (C:\Users\Lenovo\Desktop\NewBranch\branch-backend\node_modules\router\index.js:291:5)[39m
[31m    at Function.handle (C:\Users\Lenovo\Desktop\NewBranch\branch-backend\node_modules\router\index.js:186:3)[39m
[31m    at router (C:\Users\Lenovo\Desktop\NewBranch\branch-backend\node_modules\router\index.js:60:12)[39m
[31m    at Layer.handleRequest (C:\Users\Lenovo\Desktop\NewBranch\branch-backend\node_modules\router\lib\layer.js:152:17)[39m
[31m    at trimPrefix (C:\Users\Lenovo\Desktop\NewBranch\branch-backend\node_modules\router\index.js:342:13)[39m
[2026-09-16 18:08:56:856] [[31merror[39m]: [31mError: Invalid or expired authentication token.[39m
[31m    at auth (C:\Users\Lenovo\Desktop\NewBranch\branch-backend\src\middleware\auth.middleware.ts:44:13)[39m
[31m    at Layer.handleRequest (C:\Users\Lenovo\Desktop\NewBranch\branch-backend\node_modules\router\lib\layer.js:152:17)[39m
[31m    at trimPrefix (C:\Users\Lenovo\Desktop\NewBranch\branch-backend\node_modules\router\index.js:342:13)[39m
[31m    at C:\Users\Lenovo\Desktop\NewBranch\branch-backend\node_modules\router\index.js:297:9[39m
[31m    at processParams (C:\Users\Lenovo\Desktop\NewBranch\branch-backend\node_modules\router\index.js:582:12)[39m
[31m    at next (C:\Users\Lenovo\Desktop\NewBranch\branch-backend\node_modules\router\index.js:291:5)[39m
[31m    at Function.handle (C:\Users\Lenovo\Desktop\NewBranch\branch-backend\node_modules\router\index.js:186:3)[39m
[31m    at router (C:\Users\Lenovo\Desktop\NewBranch\branch-backend\node_modules\router\index.js:60:12)[39m
[31m    at Layer.handleRequest (C:\Users\Lenovo\Desktop\NewBranch\branch-backend\node_modules\router\lib\layer.js:152:17)[39m
[31m    at trimPrefix (C:\Users\Lenovo\Desktop\NewBranch\branch-backend\node_modules\router\index.js:342:13)[39m
[2026-09-16 18:08:57:857] [[31merror[39m]: [31mError: Invalid or expired authentication token.[39m
[31m    at auth (C:\Users\Lenovo\Desktop\NewBranch\branch-backend\src\middleware\auth.middleware.ts:44:13)[39m
[31m    at Layer.handleRequest (C:\Users\Lenovo\Desktop\NewBranch\branch-backend\node_modules\router\lib\layer.js:152:17)[39m
[31m    at trimPrefix (C:\Users\Lenovo\Desktop\NewBranch\branch-backend\node_modules\router\index.js:342:13)[39m
[31m    at C:\Users\Lenovo\Desktop\NewBranch\branch-backend\node_modules\router\index.js:297:9[39m
[31m    at processParams (C:\Users\Lenovo\Desktop\NewBranch\branch-backend\node_modules\router\index.js:582:12)[39m
[31m    at next (C:\Users\Lenovo\Desktop\NewBranch\branch-backend\node_modules\router\index.js:291:5)[39m
[31m    at Function.handle (C:\Users\Lenovo\Desktop\NewBranch\branch-backend\node_modules\router\index.js:186:3)[39m
[31m    at router (C:\Users\Lenovo\Desktop\NewBranch\branch-backend\node_modules\router\index.js:60:12)[39m
[31m    at Layer.handleRequest (C:\Users\Lenovo\Desktop\NewBranch\branch-backend\node_modules\router\lib\layer.js:152:17)[39m
[31m    at trimPrefix (C:\Users\Lenovo\Desktop\NewBranch\branch-backend\node_modules\router\index.js:342:13)[39m
[2026-09-16 18:08:57:857] [[31merror[39m]: [31mError: Invalid or expired authentication token.[39m
[31m    at auth (C:\Users\Lenovo\Desktop\NewBranch\branch-backend\src\middleware\auth.middleware.ts:44:13)[39m
[31m    at Layer.handleRequest (C:\Users\Lenovo\Desktop\NewBranch\branch-backend\node_modules\router\lib\layer.js:152:17)[39m
[31m    at trimPrefix (C:\Users\Lenovo\Desktop\NewBranch\branch-backend\node_modules\router\index.js:342:13)[39m
[31m    at C:\Users\Lenovo\Desktop\NewBranch\branch-backend\node_modules\router\index.js:297:9[39m
[31m    at processParams (C:\Users\Lenovo\Desktop\NewBranch\branch-backend\node_modules\router\index.js:582:12)[39m
[31m    at next (C:\Users\Lenovo\Desktop\NewBranch\branch-backend\node_modules\router\index.js:291:5)[39m
[31m    at Function.handle (C:\Users\Lenovo\Desktop\NewBranch\branch-backend\node_modules\router\index.js:186:3)[39m
[31m    at router (C:\Users\Lenovo\Desktop\NewBranch\branch-backend\node_modules\router\index.js:60:12)[39m
[31m    at Layer.handleRequest (C:\Users\Lenovo\Desktop\NewBranch\branch-backend\node_modules\router\lib\layer.js:152:17)[39m
[31m    at trimPrefix (C:\Users\Lenovo\Desktop\NewBranch\branch-backend\node_modules\router\index.js:342:13)[39m
[2026-09-16 18:08:57:857] [[31merror[39m]: [31mError: Invalid or expired authentication token.[39m
[31m    at auth (C:\Users\Lenovo\Desktop\NewBranch\branch-backend\src\middleware\auth.middleware.ts:44:13)[39m
[31m    at Layer.handleRequest (C:\Users\Lenovo\Desktop\NewBranch\branch-backend\node_modules\router\lib\layer.js:152:17)[39m
[31m    at trimPrefix (C:\Users\Lenovo\Desktop\NewBranch\branch-backend\node_modules\router\index.js:342:13)[39m
[31m    at C:\Users\Lenovo\Desktop\NewBranch\branch-backend\node_modules\router\index.js:297:9[39m
[31m    at processParams (C:\Users\Lenovo\Desktop\NewBranch\branch-backend\node_modules\router\index.js:582:12)[39m
[31m    at next (C:\Users\Lenovo\Desktop\NewBranch\branch-backend\node_modules\router\index.js:291:5)[39m
[31m    at Function.handle (C:\Users\Lenovo\Desktop\NewBranch\branch-backend\node_modules\router\index.js:186:3)[39m
[31m    at router (C:\Users\Lenovo\Desktop\NewBranch\branch-backend\node_modules\router\index.js:60:12)[39m
[31m    at Layer.handleRequest (C:\Users\Lenovo\Desktop\NewBranch\branch-backend\node_modules\router\lib\layer.js:152:17)[39m
[31m    at trimPrefix (C:\Users\Lenovo\Desktop\NewBranch\branch-backend\node_modules\router\index.js:342:13)[39m
[2026-09-16 18:08:57:857] [[31merror[39m]: [31mError: Invalid or expired authentication token.[39m
[31m    at auth (C:\Users\Lenovo\Desktop\NewBranch\branch-backend\src\middleware\auth.middleware.ts:44:13)[39m
[31m    at Layer.handleRequest (C:\Users\Lenovo\Desktop\NewBranch\branch-backend\node_modules\router\lib\layer.js:152:17)[39m
[31m    at trimPrefix (C:\Users\Lenovo\Desktop\NewBranch\branch-backend\node_modules\router\index.js:342:13)[39m
[31m    at C:\Users\Lenovo\Desktop\NewBranch\branch-backend\node_modules\router\index.js:297:9[39m
[31m    at processParams (C:\Users\Lenovo\Desktop\NewBranch\branch-backend\node_modules\router\index.js:582:12)[39m
[31m    at next (C:\Users\Lenovo\Desktop\NewBranch\branch-backend\node_modules\router\index.js:291:5)[39m
[31m    at Function.handle (C:\Users\Lenovo\Desktop\NewBranch\branch-backend\node_modules\router\index.js:186:3)[39m
[31m    at router (C:\Users\Lenovo\Desktop\NewBranch\branch-backend\node_modules\router\index.js:60:12)[39m
[31m    at Layer.handleRequest (C:\Users\Lenovo\Desktop\NewBranch\branch-backend\node_modules\router\lib\layer.js:152:17)[39m
[31m    at trimPrefix (C:\Users\Lenovo\Desktop\NewBranch\branch-backend\node_modules\router\index.js:342:13)[39m
[2026-09-16 18:08:57:857] [[31merror[39m]: [31mError: Invalid or expired authentication token.[39m
[31m    at auth (C:\Users\Lenovo\Desktop\NewBranch\branch-backend\src\middleware\auth.middleware.ts:44:13)[39m
[31m    at Layer.handleRequest (C:\Users\Lenovo\Desktop\NewBranch\branch-backend\node_modules\router\lib\layer.js:152:17)[39m
[31m    at trimPrefix (C:\Users\Lenovo\Desktop\NewBranch\branch-backend\node_modules\router\index.js:342:13)[39m
[31m    at C:\Users\Lenovo\Desktop\NewBranch\branch-backend\node_modules\router\index.js:297:9[39m
[31m    at processParams (C:\Users\Lenovo\Desktop\NewBranch\branch-backend\node_modules\router\index.js:582:12)[39m
[31m    at next (C:\Users\Lenovo\Desktop\NewBranch\branch-backend\node_modules\router\index.js:291:5)[39m
[31m    at Function.handle (C:\Users\Lenovo\Desktop\NewBranch\branch-backend\node_modules\router\index.js:186:3)[39m
[31m    at router (C:\Users\Lenovo\Desktop\NewBranch\branch-backend\node_modules\router\index.js:60:12)[39m
[31m    at Layer.handleRequest (C:\Users\Lenovo\Desktop\NewBranch\branch-backend\node_modules\router\lib\layer.js:152:17)[39m
[31m    at trimPrefix (C:\Users\Lenovo\Desktop\NewBranch\branch-backend\node_modules\router\index.js:342:13)[39m
[2026-09-16 18:08:57:857] [[31merror[39m]: [31mError: Invalid or expired authentication token.[39m
[31m    at auth (C:\Users\Lenovo\Desktop\NewBranch\branch-backend\src\middleware\auth.middleware.ts:44:13)[39m
[31m    at Layer.handleRequest (C:\Users\Lenovo\Desktop\NewBranch\branch-backend\node_modules\router\lib\layer.js:152:17)[39m
[31m    at trimPrefix (C:\Users\Lenovo\Desktop\NewBranch\branch-backend\node_modules\router\index.js:342:13)[39m
[31m    at C:\Users\Lenovo\Desktop\NewBranch\branch-backend\node_modules\router\index.js:297:9[39m
[31m    at processParams (C:\Users\Lenovo\Desktop\NewBranch\branch-backend\node_modules\router\index.js:582:12)[39m
[31m    at next (C:\Users\Lenovo\Desktop\NewBranch\branch-backend\node_modules\router\index.js:291:5)[39m
[31m    at Function.handle (C:\Users\Lenovo\Desktop\NewBranch\branch-backend\node_modules\router\index.js:186:3)[39m
[31m    at router (C:\Users\Lenovo\Desktop\NewBranch\branch-backend\node_modules\router\index.js:60:12)[39m
[31m    at Layer.handleRequest (C:\Users\Lenovo\Desktop\NewBranch\branch-backend\node_modules\router\lib\layer.js:152:17)[39m
[31m    at trimPrefix (C:\Users\Lenovo\Desktop\NewBranch\branch-backend\node_modules\router\index.js:342:13)[39m
[2026-09-17 10:10:08:108] [[31merror[39m]: [31mError: Invalid or expired authentication token.[39m
[31m    at auth (C:\Users\Lenovo\Desktop\NewBranch\branch-backend\src\middleware\auth.middleware.ts:44:13)[39m
[31m    at Layer.handleRequest (C:\Users\Lenovo\Desktop\NewBranch\branch-backend\node_modules\router\lib\layer.js:152:17)[39m
[31m    at trimPrefix (C:\Users\Lenovo\Desktop\NewBranch\branch-backend\node_modules\router\index.js:342:13)[39m
[31m    at C:\Users\Lenovo\Desktop\NewBranch\branch-backend\node_modules\router\index.js:297:9[39m
[31m    at processParams (C:\Users\Lenovo\Desktop\NewBranch\branch-backend\node_modules\router\index.js:582:12)[39m
[31m    at next (C:\Users\Lenovo\Desktop\NewBranch\branch-backend\node_modules\router\index.js:291:5)[39m
[31m    at Function.handle (C:\Users\Lenovo\Desktop\NewBranch\branch-backend\node_modules\router\index.js:186:3)[39m
[31m    at router (C:\Users\Lenovo\Desktop\NewBranch\branch-backend\node_modules\router\index.js:60:12)[39m
[31m    at Layer.handleRequest (C:\Users\Lenovo\Desktop\NewBranch\branch-backend\node_modules\router\lib\layer.js:152:17)[39m
[31m    at trimPrefix (C:\Users\Lenovo\Desktop\NewBranch\branch-backend\node_modules\router\index.js:342:13)[39m
[2026-09-17 11:24:25:2425] [[31merror[39m]: [31mError: Invalid or expired authentication token.[39m
[31m    at auth (C:\Users\Lenovo\Desktop\NewBranch\branch-backend\src\middleware\auth.middleware.ts:44:13)[39m
[31m    at Layer.handleRequest (C:\Users\Lenovo\Desktop\NewBranch\branch-backend\node_modules\router\lib\layer.js:152:17)[39m
[31m    at trimPrefix (C:\Users\Lenovo\Desktop\NewBranch\branch-backend\node_modules\router\index.js:342:13)[39m
[31m    at C:\Users\Lenovo\Desktop\NewBranch\branch-backend\node_modules\router\index.js:297:9[39m
[31m    at processParams (C:\Users\Lenovo\Desktop\NewBranch\branch-backend\node_modules\router\index.js:582:12)[39m
[31m    at next (C:\Users\Lenovo\Desktop\NewBranch\branch-backend\node_modules\router\index.js:291:5)[39m
[31m    at Function.handle (C:\Users\Lenovo\Desktop\NewBranch\branch-backend\node_modules\router\index.js:186:3)[39m
[31m    at router (C:\Users\Lenovo\Desktop\NewBranch\branch-backend\node_modules\router\index.js:60:12)[39m
[31m    at Layer.handleRequest (C:\Users\Lenovo\Desktop\NewBranch\branch-backend\node_modules\router\lib\layer.js:152:17)[39m
[31m    at trimPrefix (C:\Users\Lenovo\Desktop\NewBranch\branch-backend\node_modules\router\index.js:342:13)[39m
[2026-09-17 11:39:37:3937] [[31merror[39m]: [31mError: Invalid or expired authentication token.[39m
[31m    at auth (C:\Users\Lenovo\Desktop\NewBranch\branch-backend\src\middleware\auth.middleware.ts:44:13)[39m
[31m    at Layer.handleRequest (C:\Users\Lenovo\Desktop\NewBranch\branch-backend\node_modules\router\lib\layer.js:152:17)[39m
[31m    at trimPrefix (C:\Users\Lenovo\Desktop\NewBranch\branch-backend\node_modules\router\index.js:342:13)[39m
[31m    at C:\Users\Lenovo\Desktop\NewBranch\branch-backend\node_modules\router\index.js:297:9[39m
[31m    at processParams (C:\Users\Lenovo\Desktop\NewBranch\branch-backend\node_modules\router\index.js:582:12)[39m
[31m    at next (C:\Users\Lenovo\Desktop\NewBranch\branch-backend\node_modules\router\index.js:291:5)[39m
[31m    at Function.handle (C:\Users\Lenovo\Desktop\NewBranch\branch-backend\node_modules\router\index.js:186:3)[39m
[31m    at router (C:\Users\Lenovo\Desktop\NewBranch\branch-backend\node_modules\router\index.js:60:12)[39m
[31m    at Layer.handleRequest (C:\Users\Lenovo\Desktop\NewBranch\branch-backend\node_modules\router\lib\layer.js:152:17)[39m
[31m    at trimPrefix (C:\Users\Lenovo\Desktop\NewBranch\branch-backend\node_modules\router\index.js:342:13)[39m
[2026-09-17 11:55:27:5527] [[31merror[39m]: [31mError: Invalid or expired authentication token.[39m
[31m    at auth (C:\Users\Lenovo\Desktop\NewBranch\branch-backend\src\middleware\auth.middleware.ts:44:13)[39m
[31m    at Layer.handleRequest (C:\Users\Lenovo\Desktop\NewBranch\branch-backend\node_modules\router\lib\layer.js:152:17)[39m
[31m    at trimPrefix (C:\Users\Lenovo\Desktop\NewBranch\branch-backend\node_modules\router\index.js:342:13)[39m
[31m    at C:\Users\Lenovo\Desktop\NewBranch\branch-backend\node_modules\router\index.js:297:9[39m
[31m    at processParams (C:\Users\Lenovo\Desktop\NewBranch\branch-backend\node_modules\router\index.js:582:12)[39m
[31m    at next (C:\Users\Lenovo\Desktop\NewBranch\branch-backend\node_modules\router\index.js:291:5)[39m
[31m    at Function.handle (C:\Users\Lenovo\Desktop\NewBranch\branch-backend\node_modules\router\index.js:186:3)[39m
[31m    at router (C:\Users\Lenovo\Desktop\NewBranch\branch-backend\node_modules\router\index.js:60:12)[39m
[31m    at Layer.handleRequest (C:\Users\Lenovo\Desktop\NewBranch\branch-backend\node_modules\router\lib\layer.js:152:17)[39m
[31m    at trimPrefix (C:\Users\Lenovo\Desktop\NewBranch\branch-backend\node_modules\router\index.js:342:13)[39m
[2026-09-17 11:55:27:5527] [[31merror[39m]: [31mError: Invalid or expired authentication token.[39m
[31m    at auth (C:\Users\Lenovo\Desktop\NewBranch\branch-backend\src\middleware\auth.middleware.ts:44:13)[39m
[31m    at Layer.handleRequest (C:\Users\Lenovo\Desktop\NewBranch\branch-backend\node_modules\router\lib\layer.js:152:17)[39m
[31m    at trimPrefix (C:\Users\Lenovo\Desktop\NewBranch\branch-backend\node_modules\router\index.js:342:13)[39m
[31m    at C:\Users\Lenovo\Desktop\NewBranch\branch-backend\node_modules\router\index.js:297:9[39m
[31m    at processParams (C:\Users\Lenovo\Desktop\NewBranch\branch-backend\node_modules\router\index.js:582:12)[39m
[31m    at next (C:\Users\Lenovo\Desktop\NewBranch\branch-backend\node_modules\router\index.js:291:5)[39m
[31m    at Function.handle (C:\Users\Lenovo\Desktop\NewBranch\branch-backend\node_modules\router\index.js:186:3)[39m
[31m    at router (C:\Users\Lenovo\Desktop\NewBranch\branch-backend\node_modules\router\index.js:60:12)[39m
[31m    at Layer.handleRequest (C:\Users\Lenovo\Desktop\NewBranch\branch-backend\node_modules\router\lib\layer.js:152:17)[39m
[31m    at trimPrefix (C:\Users\Lenovo\Desktop\NewBranch\branch-backend\node_modules\router\index.js:342:13)[39m
[2026-09-17 11:55:27:5527] [[31merror[39m]: [31mError: Invalid or expired authentication token.[39m
[31m    at auth (C:\Users\Lenovo\Desktop\NewBranch\branch-backend\src\middleware\auth.middleware.ts:44:13)[39m
[31m    at Layer.handleRequest (C:\Users\Lenovo\Desktop\NewBranch\branch-backend\node_modules\router\lib\layer.js:152:17)[39m
[31m    at trimPrefix (C:\Users\Lenovo\Desktop\NewBranch\branch-backend\node_modules\router\index.js:342:13)[39m
[31m    at C:\Users\Lenovo\Desktop\NewBranch\branch-backend\node_modules\router\index.js:297:9[39m
[31m    at processParams (C:\Users\Lenovo\Desktop\NewBranch\branch-backend\node_modules\router\index.js:582:12)[39m
[31m    at next (C:\Users\Lenovo\Desktop\NewBranch\branch-backend\node_modules\router\index.js:291:5)[39m
[31m    at Function.handle (C:\Users\Lenovo\Desktop\NewBranch\branch-backend\node_modules\router\index.js:186:3)[39m
[31m    at router (C:\Users\Lenovo\Desktop\NewBranch\branch-backend\node_modules\router\index.js:60:12)[39m
[31m    at Layer.handleRequest (C:\Users\Lenovo\Desktop\NewBranch\branch-backend\node_modules\router\lib\layer.js:152:17)[39m
[31m    at trimPrefix (C:\Users\Lenovo\Desktop\NewBranch\branch-backend\node_modules\router\index.js:342:13)[39m
[2026-09-17 11:55:27:5527] [[31merror[39m]: [31mError: Invalid or expired authentication token.[39m
[31m    at auth (C:\Users\Lenovo\Desktop\NewBranch\branch-backend\src\middleware\auth.middleware.ts:44:13)[39m
[31m    at Layer.handleRequest (C:\Users\Lenovo\Desktop\NewBranch\branch-backend\node_modules\router\lib\layer.js:152:17)[39m
[31m    at trimPrefix (C:\Users\Lenovo\Desktop\NewBranch\branch-backend\node_modules\router\index.js:342:13)[39m
[31m    at C:\Users\Lenovo\Desktop\NewBranch\branch-backend\node_modules\router\index.js:297:9[39m
[31m    at processParams (C:\Users\Lenovo\Desktop\NewBranch\branch-backend\node_modules\router\index.js:582:12)[39m
[31m    at next (C:\Users\Lenovo\Desktop\NewBranch\branch-backend\node_modules\router\index.js:291:5)[39m
[31m    at Function.handle (C:\Users\Lenovo\Desktop\NewBranch\branch-backend\node_modules\router\index.js:186:3)[39m
[31m    at router (C:\Users\Lenovo\Desktop\NewBranch\branch-backend\node_modules\router\index.js:60:12)[39m
[31m    at Layer.handleRequest (C:\Users\Lenovo\Desktop\NewBranch\branch-backend\node_modules\router\lib\layer.js:152:17)[39m
[31m    at trimPrefix (C:\Users\Lenovo\Desktop\NewBranch\branch-backend\node_modules\router\index.js:342:13)[39m
[2026-09-17 12:13:34:1334] [[31merror[39m]: [31mError: Invalid or expired authentication token.[39m
[31m    at auth (C:\Users\Lenovo\Desktop\NewBranch\branch-backend\src\middleware\auth.middleware.ts:44:13)[39m
[31m    at Layer.handleRequest (C:\Users\Lenovo\Desktop\NewBranch\branch-backend\node_modules\router\lib\layer.js:152:17)[39m
[31m    at trimPrefix (C:\Users\Lenovo\Desktop\NewBranch\branch-backend\node_modules\router\index.js:342:13)[39m
[31m    at C:\Users\Lenovo\Desktop\NewBranch\branch-backend\node_modules\router\index.js:297:9[39m
[31m    at processParams (C:\Users\Lenovo\Desktop\NewBranch\branch-backend\node_modules\router\index.js:582:12)[39m
[31m    at next (C:\Users\Lenovo\Desktop\NewBranch\branch-backend\node_modules\router\index.js:291:5)[39m
[31m    at Function.handle (C:\Users\Lenovo\Desktop\NewBranch\branch-backend\node_modules\router\index.js:186:3)[39m
[31m    at router (C:\Users\Lenovo\Desktop\NewBranch\branch-backend\node_modules\router\index.js:60:12)[39m
[31m    at Layer.handleRequest (C:\Users\Lenovo\Desktop\NewBranch\branch-backend\node_modules\router\lib\layer.js:152:17)[39m
[31m    at trimPrefix (C:\Users\Lenovo\Desktop\NewBranch\branch-backend\node_modules\router\index.js:342:13)[39m
[2026-09-17 12:13:34:1334] [[31merror[39m]: [31mError: Invalid or expired authentication token.[39m
[31m    at auth (C:\Users\Lenovo\Desktop\NewBranch\branch-backend\src\middleware\auth.middleware.ts:44:13)[39m
[31m    at Layer.handleRequest (C:\Users\Lenovo\Desktop\NewBranch\branch-backend\node_modules\router\lib\layer.js:152:17)[39m
[31m    at trimPrefix (C:\Users\Lenovo\Desktop\NewBranch\branch-backend\node_modules\router\index.js:342:13)[39m
[31m    at C:\Users\Lenovo\Desktop\NewBranch\branch-backend\node_modules\router\index.js:297:9[39m
[31m    at processParams (C:\Users\Lenovo\Desktop\NewBranch\branch-backend\node_modules\router\index.js:582:12)[39m
[31m    at next (C:\Users\Lenovo\Desktop\NewBranch\branch-backend\node_modules\router\index.js:291:5)[39m
[31m    at Function.handle (C:\Users\Lenovo\Desktop\NewBranch\branch-backend\node_modules\router\index.js:186:3)[39m
[31m    at router (C:\Users\Lenovo\Desktop\NewBranch\branch-backend\node_modules\router\index.js:60:12)[39m
[31m    at Layer.handleRequest (C:\Users\Lenovo\Desktop\NewBranch\branch-backend\node_modules\router\lib\layer.js:152:17)[39m
[31m    at trimPrefix (C:\Users\Lenovo\Desktop\NewBranch\branch-backend\node_modules\router\index.js:342:13)[39m
[2026-09-17 12:13:34:1334] [[31merror[39m]: [31mError: Invalid or expired authentication token.[39m
[31m    at auth (C:\Users\Lenovo\Desktop\NewBranch\branch-backend\src\middleware\auth.middleware.ts:44:13)[39m
[31m    at Layer.handleRequest (C:\Users\Lenovo\Desktop\NewBranch\branch-backend\node_modules\router\lib\layer.js:152:17)[39m
[31m    at trimPrefix (C:\Users\Lenovo\Desktop\NewBranch\branch-backend\node_modules\router\index.js:342:13)[39m
[31m    at C:\Users\Lenovo\Desktop\NewBranch\branch-backend\node_modules\router\index.js:297:9[39m
[31m    at processParams (C:\Users\Lenovo\Desktop\NewBranch\branch-backend\node_modules\router\index.js:582:12)[39m
[31m    at next (C:\Users\Lenovo\Desktop\NewBranch\branch-backend\node_modules\router\index.js:291:5)[39m
[31m    at Function.handle (C:\Users\Lenovo\Desktop\NewBranch\branch-backend\node_modules\router\index.js:186:3)[39m
[31m    at router (C:\Users\Lenovo\Desktop\NewBranch\branch-backend\node_modules\router\index.js:60:12)[39m
[31m    at Layer.handleRequest (C:\Users\Lenovo\Desktop\NewBranch\branch-backend\node_modules\router\lib\layer.js:152:17)[39m
[31m    at trimPrefix (C:\Users\Lenovo\Desktop\NewBranch\branch-backend\node_modules\router\index.js:342:13)[39m
[2026-09-17 12:13:34:1334] [[31merror[39m]: [31mError: Invalid or expired authentication token.[39m
[31m    at auth (C:\Users\Lenovo\Desktop\NewBranch\branch-backend\src\middleware\auth.middleware.ts:44:13)[39m
[31m    at Layer.handleRequest (C:\Users\Lenovo\Desktop\NewBranch\branch-backend\node_modules\router\lib\layer.js:152:17)[39m
[31m    at trimPrefix (C:\Users\Lenovo\Desktop\NewBranch\branch-backend\node_modules\router\index.js:342:13)[39m
[31m    at C:\Users\Lenovo\Desktop\NewBranch\branch-backend\node_modules\router\index.js:297:9[39m
[31m    at processParams (C:\Users\Lenovo\Desktop\NewBranch\branch-backend\node_modules\router\index.js:582:12)[39m
[31m    at next (C:\Users\Lenovo\Desktop\NewBranch\branch-backend\node_modules\router\index.js:291:5)[39m
[31m    at Function.handle (C:\Users\Lenovo\Desktop\NewBranch\branch-backend\node_modules\router\index.js:186:3)[39m
[31m    at router (C:\Users\Lenovo\Desktop\NewBranch\branch-backend\node_modules\router\index.js:60:12)[39m
[31m    at Layer.handleRequest (C:\Users\Lenovo\Desktop\NewBranch\branch-backend\node_modules\router\lib\layer.js:152:17)[39m
[31m    at trimPrefix (C:\Users\Lenovo\Desktop\NewBranch\branch-backend\node_modules\router\index.js:342:13)[39m
[2026-09-17 12:35:09:359] [[31merror[39m]: [31mError: Invalid or expired authentication token.[39m
[31m    at auth (C:\Users\Lenovo\Desktop\NewBranch\branch-backend\src\middleware\auth.middleware.ts:44:13)[39m
[31m    at Layer.handleRequest (C:\Users\Lenovo\Desktop\NewBranch\branch-backend\node_modules\router\lib\layer.js:152:17)[39m
[31m    at trimPrefix (C:\Users\Lenovo\Desktop\NewBranch\branch-backend\node_modules\router\index.js:342:13)[39m
[31m    at C:\Users\Lenovo\Desktop\NewBranch\branch-backend\node_modules\router\index.js:297:9[39m
[31m    at processParams (C:\Users\Lenovo\Desktop\NewBranch\branch-backend\node_modules\router\index.js:582:12)[39m
[31m    at next (C:\Users\Lenovo\Desktop\NewBranch\branch-backend\node_modules\router\index.js:291:5)[39m
[31m    at Function.handle (C:\Users\Lenovo\Desktop\NewBranch\branch-backend\node_modules\router\index.js:186:3)[39m
[31m    at router (C:\Users\Lenovo\Desktop\NewBranch\branch-backend\node_modules\router\index.js:60:12)[39m
[31m    at Layer.handleRequest (C:\Users\Lenovo\Desktop\NewBranch\branch-backend\node_modules\router\lib\layer.js:152:17)[39m
[31m    at trimPrefix (C:\Users\Lenovo\Desktop\NewBranch\branch-backend\node_modules\router\index.js:342:13)[39m
[2026-09-17 12:35:09:359] [[31merror[39m]: [31mError: Invalid or expired authentication token.[39m
[31m    at auth (C:\Users\Lenovo\Desktop\NewBranch\branch-backend\src\middleware\auth.middleware.ts:44:13)[39m
[31m    at Layer.handleRequest (C:\Users\Lenovo\Desktop\NewBranch\branch-backend\node_modules\router\lib\layer.js:152:17)[39m
[31m    at trimPrefix (C:\Users\Lenovo\Desktop\NewBranch\branch-backend\node_modules\router\index.js:342:13)[39m
[31m    at C:\Users\Lenovo\Desktop\NewBranch\branch-backend\node_modules\router\index.js:297:9[39m
[31m    at processParams (C:\Users\Lenovo\Desktop\NewBranch\branch-backend\node_modules\router\index.js:582:12)[39m
[31m    at next (C:\Users\Lenovo\Desktop\NewBranch\branch-backend\node_modules\router\index.js:291:5)[39m
[31m    at Function.handle (C:\Users\Lenovo\Desktop\NewBranch\branch-backend\node_modules\router\index.js:186:3)[39m
[31m    at router (C:\Users\Lenovo\Desktop\NewBranch\branch-backend\node_modules\router\index.js:60:12)[39m
[31m    at Layer.handleRequest (C:\Users\Lenovo\Desktop\NewBranch\branch-backend\node_modules\router\lib\layer.js:152:17)[39m
[31m    at trimPrefix (C:\Users\Lenovo\Desktop\NewBranch\branch-backend\node_modules\router\index.js:342:13)[39m
[2026-09-17 12:35:09:359] [[31merror[39m]: [31mError: Invalid or expired authentication token.[39m
[31m    at auth (C:\Users\Lenovo\Desktop\NewBranch\branch-backend\src\middleware\auth.middleware.ts:44:13)[39m
[31m    at Layer.handleRequest (C:\Users\Lenovo\Desktop\NewBranch\branch-backend\node_modules\router\lib\layer.js:152:17)[39m
[31m    at trimPrefix (C:\Users\Lenovo\Desktop\NewBranch\branch-backend\node_modules\router\index.js:342:13)[39m
[31m    at C:\Users\Lenovo\Desktop\NewBranch\branch-backend\node_modules\router\index.js:297:9[39m
[31m    at processParams (C:\Users\Lenovo\Desktop\NewBranch\branch-backend\node_modules\router\index.js:582:12)[39m
[31m    at next (C:\Users\Lenovo\Desktop\NewBranch\branch-backend\node_modules\router\index.js:291:5)[39m
[31m    at Function.handle (C:\Users\Lenovo\Desktop\NewBranch\branch-backend\node_modules\router\index.js:186:3)[39m
[31m    at router (C:\Users\Lenovo\Desktop\NewBranch\branch-backend\node_modules\router\index.js:60:12)[39m
[31m    at Layer.handleRequest (C:\Users\Lenovo\Desktop\NewBranch\branch-backend\node_modules\router\lib\layer.js:152:17)[39m
[31m    at trimPrefix (C:\Users\Lenovo\Desktop\NewBranch\branch-backend\node_modules\router\index.js:342:13)[39m
[2026-09-17 12:35:09:359] [[31merror[39m]: [31mError: Invalid or expired authentication token.[39m
[31m    at auth (C:\Users\Lenovo\Desktop\NewBranch\branch-backend\src\middleware\auth.middleware.ts:44:13)[39m
[31m    at Layer.handleRequest (C:\Users\Lenovo\Desktop\NewBranch\branch-backend\node_modules\router\lib\layer.js:152:17)[39m
[31m    at trimPrefix (C:\Users\Lenovo\Desktop\NewBranch\branch-backend\node_modules\router\index.js:342:13)[39m
[31m    at C:\Users\Lenovo\Desktop\NewBranch\branch-backend\node_modules\router\index.js:297:9[39m
[31m    at processParams (C:\Users\Lenovo\Desktop\NewBranch\branch-backend\node_modules\router\index.js:582:12)[39m
[31m    at next (C:\Users\Lenovo\Desktop\NewBranch\branch-backend\node_modules\router\index.js:291:5)[39m
[31m    at Function.handle (C:\Users\Lenovo\Desktop\NewBranch\branch-backend\node_modules\router\index.js:186:3)[39m
[31m    at router (C:\Users\Lenovo\Desktop\NewBranch\branch-backend\node_modules\router\index.js:60:12)[39m
[31m    at Layer.handleRequest (C:\Users\Lenovo\Desktop\NewBranch\branch-backend\node_modules\router\lib\layer.js:152:17)[39m
[31m    at trimPrefix (C:\Users\Lenovo\Desktop\NewBranch\branch-backend\node_modules\router\index.js:342:13)[39m
[2026-09-17 12:50:35:5035] [[31merror[39m]: [31mError: Invalid or expired authentication token.[39m
[31m    at auth (C:\Users\Lenovo\Desktop\NewBranch\branch-backend\src\middleware\auth.middleware.ts:44:13)[39m
[31m    at Layer.handleRequest (C:\Users\Lenovo\Desktop\NewBranch\branch-backend\node_modules\router\lib\layer.js:152:17)[39m
[31m    at trimPrefix (C:\Users\Lenovo\Desktop\NewBranch\branch-backend\node_modules\router\index.js:342:13)[39m
[31m    at C:\Users\Lenovo\Desktop\NewBranch\branch-backend\node_modules\router\index.js:297:9[39m
[31m    at processParams (C:\Users\Lenovo\Desktop\NewBranch\branch-backend\node_modules\router\index.js:582:12)[39m
[31m    at next (C:\Users\Lenovo\Desktop\NewBranch\branch-backend\node_modules\router\index.js:291:5)[39m
[31m    at Function.handle (C:\Users\Lenovo\Desktop\NewBranch\branch-backend\node_modules\router\index.js:186:3)[39m
[31m    at router (C:\Users\Lenovo\Desktop\NewBranch\branch-backend\node_modules\router\index.js:60:12)[39m
[31m    at Layer.handleRequest (C:\Users\Lenovo\Desktop\NewBranch\branch-backend\node_modules\router\lib\layer.js:152:17)[39m
[31m    at trimPrefix (C:\Users\Lenovo\Desktop\NewBranch\branch-backend\node_modules\router\index.js:342:13)[39m
[2026-09-17 12:50:35:5035] [[31merror[39m]: [31mError: Invalid or expired authentication token.[39m
[31m    at auth (C:\Users\Lenovo\Desktop\NewBranch\branch-backend\src\middleware\auth.middleware.ts:44:13)[39m
[31m    at Layer.handleRequest (C:\Users\Lenovo\Desktop\NewBranch\branch-backend\node_modules\router\lib\layer.js:152:17)[39m
[31m    at trimPrefix (C:\Users\Lenovo\Desktop\NewBranch\branch-backend\node_modules\router\index.js:342:13)[39m
[31m    at C:\Users\Lenovo\Desktop\NewBranch\branch-backend\node_modules\router\index.js:297:9[39m
[31m    at processParams (C:\Users\Lenovo\Desktop\NewBranch\branch-backend\node_modules\router\index.js:582:12)[39m
[31m    at next (C:\Users\Lenovo\Desktop\NewBranch\branch-backend\node_modules\router\index.js:291:5)[39m
[31m    at Function.handle (C:\Users\Lenovo\Desktop\NewBranch\branch-backend\node_modules\router\index.js:186:3)[39m
[31m    at router (C:\Users\Lenovo\Desktop\NewBranch\branch-backend\node_modules\router\index.js:60:12)[39m
[31m    at Layer.handleRequest (C:\Users\Lenovo\Desktop\NewBranch\branch-backend\node_modules\router\lib\layer.js:152:17)[39m
[31m    at trimPrefix (C:\Users\Lenovo\Desktop\NewBranch\branch-backend\node_modules\router\index.js:342:13)[39m
[2026-09-17 12:50:35:5035] [[31merror[39m]: [31mError: Invalid or expired authentication token.[39m
[31m    at auth (C:\Users\Lenovo\Desktop\NewBranch\branch-backend\src\middleware\auth.middleware.ts:44:13)[39m
[31m    at Layer.handleRequest (C:\Users\Lenovo\Desktop\NewBranch\branch-backend\node_modules\router\lib\layer.js:152:17)[39m
[31m    at trimPrefix (C:\Users\Lenovo\Desktop\NewBranch\branch-backend\node_modules\router\index.js:342:13)[39m
[31m    at C:\Users\Lenovo\Desktop\NewBranch\branch-backend\node_modules\router\index.js:297:9[39m
[31m    at processParams (C:\Users\Lenovo\Desktop\NewBranch\branch-backend\node_modules\router\index.js:582:12)[39m
[31m    at next (C:\Users\Lenovo\Desktop\NewBranch\branch-backend\node_modules\router\index.js:291:5)[39m
[31m    at Function.handle (C:\Users\Lenovo\Desktop\NewBranch\branch-backend\node_modules\router\index.js:186:3)[39m
[31m    at router (C:\Users\Lenovo\Desktop\NewBranch\branch-backend\node_modules\router\index.js:60:12)[39m
[31m    at Layer.handleRequest (C:\Users\Lenovo\Desktop\NewBranch\branch-backend\node_modules\router\lib\layer.js:152:17)[39m
[31m    at trimPrefix (C:\Users\Lenovo\Desktop\NewBranch\branch-backend\node_modules\router\index.js:342:13)[39m
[2026-09-17 14:33:47:3347] [[31merror[39m]: [31mError: Invalid or expired authentication token.[39m
[31m    at auth (C:\Users\Lenovo\Desktop\NewBranch\branch-backend\src\middleware\auth.middleware.ts:44:13)[39m
[31m    at Layer.handleRequest (C:\Users\Lenovo\Desktop\NewBranch\branch-backend\node_modules\router\lib\layer.js:152:17)[39m
[31m    at trimPrefix (C:\Users\Lenovo\Desktop\NewBranch\branch-backend\node_modules\router\index.js:342:13)[39m
[31m    at C:\Users\Lenovo\Desktop\NewBranch\branch-backend\node_modules\router\index.js:297:9[39m
[31m    at processParams (C:\Users\Lenovo\Desktop\NewBranch\branch-backend\node_modules\router\index.js:582:12)[39m
[31m    at next (C:\Users\Lenovo\Desktop\NewBranch\branch-backend\node_modules\router\index.js:291:5)[39m
[31m    at Function.handle (C:\Users\Lenovo\Desktop\NewBranch\branch-backend\node_modules\router\index.js:186:3)[39m
[31m    at router (C:\Users\Lenovo\Desktop\NewBranch\branch-backend\node_modules\router\index.js:60:12)[39m
[31m    at Layer.handleRequest (C:\Users\Lenovo\Desktop\NewBranch\branch-backend\node_modules\router\lib\layer.js:152:17)[39m
[31m    at trimPrefix (C:\Users\Lenovo\Desktop\NewBranch\branch-backend\node_modules\router\index.js:342:13)[39m
[2026-09-17 15:04:43:443] [[31merror[39m]: [31mError: Invalid or expired authentication token.[39m
[31m    at auth (C:\Users\Lenovo\Desktop\NewBranch\branch-backend\src\middleware\auth.middleware.ts:44:13)[39m
[31m    at Layer.handleRequest (C:\Users\Lenovo\Desktop\NewBranch\branch-backend\node_modules\router\lib\layer.js:152:17)[39m
[31m    at trimPrefix (C:\Users\Lenovo\Desktop\NewBranch\branch-backend\node_modules\router\index.js:342:13)[39m
[31m    at C:\Users\Lenovo\Desktop\NewBranch\branch-backend\node_modules\router\index.js:297:9[39m
[31m    at processParams (C:\Users\Lenovo\Desktop\NewBranch\branch-backend\node_modules\router\index.js:582:12)[39m
[31m    at next (C:\Users\Lenovo\Desktop\NewBranch\branch-backend\node_modules\router\index.js:291:5)[39m
[31m    at Function.handle (C:\Users\Lenovo\Desktop\NewBranch\branch-backend\node_modules\router\index.js:186:3)[39m
[31m    at router (C:\Users\Lenovo\Desktop\NewBranch\branch-backend\node_modules\router\index.js:60:12)[39m
[31m    at Layer.handleRequest (C:\Users\Lenovo\Desktop\NewBranch\branch-backend\node_modules\router\lib\layer.js:152:17)[39m
[31m    at trimPrefix (C:\Users\Lenovo\Desktop\NewBranch\branch-backend\node_modules\router\index.js:342:13)[39m
[2026-09-17 15:36:04:364] [[31merror[39m]: [31mError: Invalid or expired authentication token.[39m
[31m    at auth (C:\Users\Lenovo\Desktop\NewBranch\branch-backend\src\middleware\auth.middleware.ts:44:13)[39m
[31m    at Layer.handleRequest (C:\Users\Lenovo\Desktop\NewBranch\branch-backend\node_modules\router\lib\layer.js:152:17)[39m
[31m    at trimPrefix (C:\Users\Lenovo\Desktop\NewBranch\branch-backend\node_modules\router\index.js:342:13)[39m
[31m    at C:\Users\Lenovo\Desktop\NewBranch\branch-backend\node_modules\router\index.js:297:9[39m
[31m    at processParams (C:\Users\Lenovo\Desktop\NewBranch\branch-backend\node_modules\router\index.js:582:12)[39m
[31m    at next (C:\Users\Lenovo\Desktop\NewBranch\branch-backend\node_modules\router\index.js:291:5)[39m
[31m    at Function.handle (C:\Users\Lenovo\Desktop\NewBranch\branch-backend\node_modules\router\index.js:186:3)[39m
[31m    at router (C:\Users\Lenovo\Desktop\NewBranch\branch-backend\node_modules\router\index.js:60:12)[39m
[31m    at Layer.handleRequest (C:\Users\Lenovo\Desktop\NewBranch\branch-backend\node_modules\router\lib\layer.js:152:17)[39m
[31m    at trimPrefix (C:\Users\Lenovo\Desktop\NewBranch\branch-backend\node_modules\router\index.js:342:13)[39m
[2026-09-17 15:41:08:418] [[31merror[39m]: [31mError: Authentication token is missing.[39m
[31m    at auth (C:\Users\Lenovo\Desktop\NewBranch\branch-backend\src\middleware\auth.middleware.ts:36:13)[39m
[31m    at Layer.handleRequest (C:\Users\Lenovo\Desktop\NewBranch\branch-backend\node_modules\router\lib\layer.js:152:17)[39m
[31m    at trimPrefix (C:\Users\Lenovo\Desktop\NewBranch\branch-backend\node_modules\router\index.js:342:13)[39m
[31m    at C:\Users\Lenovo\Desktop\NewBranch\branch-backend\node_modules\router\index.js:297:9[39m
[31m    at processParams (C:\Users\Lenovo\Desktop\NewBranch\branch-backend\node_modules\router\index.js:582:12)[39m
[31m    at next (C:\Users\Lenovo\Desktop\NewBranch\branch-backend\node_modules\router\index.js:291:5)[39m
[31m    at Function.handle (C:\Users\Lenovo\Desktop\NewBranch\branch-backend\node_modules\router\index.js:186:3)[39m
[31m    at router (C:\Users\Lenovo\Desktop\NewBranch\branch-backend\node_modules\router\index.js:60:12)[39m
[31m    at Layer.handleRequest (C:\Users\Lenovo\Desktop\NewBranch\branch-backend\node_modules\router\lib\layer.js:152:17)[39m
[31m    at trimPrefix (C:\Users\Lenovo\Desktop\NewBranch\branch-backend\node_modules\router\index.js:342:13)[39m
[2026-09-17 15:41:08:418] [[31merror[39m]: [31mError: Authentication token is missing.[39m
[31m    at auth (C:\Users\Lenovo\Desktop\NewBranch\branch-backend\src\middleware\auth.middleware.ts:36:13)[39m
[31m    at Layer.handleRequest (C:\Users\Lenovo\Desktop\NewBranch\branch-backend\node_modules\router\lib\layer.js:152:17)[39m
[31m    at trimPrefix (C:\Users\Lenovo\Desktop\NewBranch\branch-backend\node_modules\router\index.js:342:13)[39m
[31m    at C:\Users\Lenovo\Desktop\NewBranch\branch-backend\node_modules\router\index.js:297:9[39m
[31m    at processParams (C:\Users\Lenovo\Desktop\NewBranch\branch-backend\node_modules\router\index.js:582:12)[39m
[31m    at next (C:\Users\Lenovo\Desktop\NewBranch\branch-backend\node_modules\router\index.js:291:5)[39m
[31m    at Function.handle (C:\Users\Lenovo\Desktop\NewBranch\branch-backend\node_modules\router\index.js:186:3)[39m
[31m    at router (C:\Users\Lenovo\Desktop\NewBranch\branch-backend\node_modules\router\index.js:60:12)[39m
[31m    at Layer.handleRequest (C:\Users\Lenovo\Desktop\NewBranch\branch-backend\node_modules\router\lib\layer.js:152:17)[39m
[31m    at trimPrefix (C:\Users\Lenovo\Desktop\NewBranch\branch-backend\node_modules\router\index.js:342:13)[39m
[2026-09-17 15:41:08:418] [[31merror[39m]: [31mError: Authentication token is missing.[39m
[31m    at auth (C:\Users\Lenovo\Desktop\NewBranch\branch-backend\src\middleware\auth.middleware.ts:36:13)[39m
[31m    at Layer.handleRequest (C:\Users\Lenovo\Desktop\NewBranch\branch-backend\node_modules\router\lib\layer.js:152:17)[39m
[31m    at trimPrefix (C:\Users\Lenovo\Desktop\NewBranch\branch-backend\node_modules\router\index.js:342:13)[39m
[31m    at C:\Users\Lenovo\Desktop\NewBranch\branch-backend\node_modules\router\index.js:297:9[39m
[31m    at processParams (C:\Users\Lenovo\Desktop\NewBranch\branch-backend\node_modules\router\index.js:582:12)[39m
[31m    at next (C:\Users\Lenovo\Desktop\NewBranch\branch-backend\node_modules\router\index.js:291:5)[39m
[31m    at Function.handle (C:\Users\Lenovo\Desktop\NewBranch\branch-backend\node_modules\router\index.js:186:3)[39m
[31m    at router (C:\Users\Lenovo\Desktop\NewBranch\branch-backend\node_modules\router\index.js:60:12)[39m
[31m    at Layer.handleRequest (C:\Users\Lenovo\Desktop\NewBranch\branch-backend\node_modules\router\lib\layer.js:152:17)[39m
[31m    at trimPrefix (C:\Users\Lenovo\Desktop\NewBranch\branch-backend\node_modules\router\index.js:342:13)[39m
[2026-09-17 15:50:16:5016] [[31merror[39m]: [31mPrismaClientKnownRequestError: [39m
[31mInvalid `prisma.arInvoice.findUnique()` invocation in[39m
[31mC:\Users\Lenovo\Desktop\NewBranch\branch-backend\src\modules\ar-invoice\ar-invoice.service.ts:138:44[39m

[31m  135 [39m
[31m  136 /** Get AR Invoice by ID with line items and relations */[39m
[31m  137 public async getArInvoiceById(id: number) {[39m
[31m→ 138   const invoice = await prisma.arInvoice.findUnique([39m
[31mTimed out fetching a new connection from the connection pool. More info: http://pris.ly/d/connection-pool (Current connection pool timeout: 10, connection limit: 21)[39m
[31m    at $n.handleRequestError (C:\Users\Lenovo\Desktop\NewBranch\branch-backend\node_modules\@prisma\client\runtime\library.js:121:7315)[39m
[31m    at $n.handleAndLogRequestError (C:\Users\Lenovo\Desktop\NewBranch\branch-backend\node_modules\@prisma\client\runtime\library.js:121:6623)[39m
[31m    at $n.request (C:\Users\Lenovo\Desktop\NewBranch\branch-backend\node_modules\@prisma\client\runtime\library.js:121:6307)[39m
[31m    at async l (C:\Users\Lenovo\Desktop\NewBranch\branch-backend\node_modules\@prisma\client\runtime\library.js:130:9633)[39m
[31m    at async ArInvoiceService.getArInvoiceById (C:\Users\Lenovo\Desktop\NewBranch\branch-backend\src\modules\ar-invoice\ar-invoice.service.ts:138:21)[39m
[31m    at async getById (C:\Users\Lenovo\Desktop\NewBranch\branch-backend\src\modules\ar-invoice\ar-invoice.controller.ts:30:20)[39m
[2026-09-17 15:57:41:5741] [[31merror[39m]: [31mError: Invalid or expired authentication token.[39m
[31m    at auth (C:\Users\Lenovo\Desktop\NewBranch\branch-backend\src\middleware\auth.middleware.ts:44:13)[39m
[31m    at Layer.handleRequest (C:\Users\Lenovo\Desktop\NewBranch\branch-backend\node_modules\router\lib\layer.js:152:17)[39m
[31m    at trimPrefix (C:\Users\Lenovo\Desktop\NewBranch\branch-backend\node_modules\router\index.js:342:13)[39m
[31m    at C:\Users\Lenovo\Desktop\NewBranch\branch-backend\node_modules\router\index.js:297:9[39m
[31m    at processParams (C:\Users\Lenovo\Desktop\NewBranch\branch-backend\node_modules\router\index.js:582:12)[39m
[31m    at next (C:\Users\Lenovo\Desktop\NewBranch\branch-backend\node_modules\router\index.js:291:5)[39m
[31m    at Function.handle (C:\Users\Lenovo\Desktop\NewBranch\branch-backend\node_modules\router\index.js:186:3)[39m
[31m    at router (C:\Users\Lenovo\Desktop\NewBranch\branch-backend\node_modules\router\index.js:60:12)[39m
[31m    at Layer.handleRequest (C:\Users\Lenovo\Desktop\NewBranch\branch-backend\node_modules\router\lib\layer.js:152:17)[39m
[31m    at trimPrefix (C:\Users\Lenovo\Desktop\NewBranch\branch-backend\node_modules\router\index.js:342:13)[39m
[2026-09-17 16:36:49:3649] [[31merror[39m]: [31mError: Invalid or expired authentication token.[39m
[31m    at auth (C:\Users\Lenovo\Desktop\NewBranch\branch-backend\src\middleware\auth.middleware.ts:44:13)[39m
[31m    at Layer.handleRequest (C:\Users\Lenovo\Desktop\NewBranch\branch-backend\node_modules\router\lib\layer.js:152:17)[39m
[31m    at trimPrefix (C:\Users\Lenovo\Desktop\NewBranch\branch-backend\node_modules\router\index.js:342:13)[39m
[31m    at C:\Users\Lenovo\Desktop\NewBranch\branch-backend\node_modules\router\index.js:297:9[39m
[31m    at processParams (C:\Users\Lenovo\Desktop\NewBranch\branch-backend\node_modules\router\index.js:582:12)[39m
[31m    at next (C:\Users\Lenovo\Desktop\NewBranch\branch-backend\node_modules\router\index.js:291:5)[39m
[31m    at Function.handle (C:\Users\Lenovo\Desktop\NewBranch\branch-backend\node_modules\router\index.js:186:3)[39m
[31m    at router (C:\Users\Lenovo\Desktop\NewBranch\branch-backend\node_modules\router\index.js:60:12)[39m
[31m    at Layer.handleRequest (C:\Users\Lenovo\Desktop\NewBranch\branch-backend\node_modules\router\lib\layer.js:152:17)[39m
[31m    at trimPrefix (C:\Users\Lenovo\Desktop\NewBranch\branch-backend\node_modules\router\index.js:342:13)[39m
[2026-09-17 16:36:49:3649] [[31merror[39m]: [31mError: Invalid or expired authentication token.[39m
[31m    at auth (C:\Users\Lenovo\Desktop\NewBranch\branch-backend\src\middleware\auth.middleware.ts:44:13)[39m
[31m    at Layer.handleRequest (C:\Users\Lenovo\Desktop\NewBranch\branch-backend\node_modules\router\lib\layer.js:152:17)[39m
[31m    at trimPrefix (C:\Users\Lenovo\Desktop\NewBranch\branch-backend\node_modules\router\index.js:342:13)[39m
[31m    at C:\Users\Lenovo\Desktop\NewBranch\branch-backend\node_modules\router\index.js:297:9[39m
[31m    at processParams (C:\Users\Lenovo\Desktop\NewBranch\branch-backend\node_modules\router\index.js:582:12)[39m
[31m    at next (C:\Users\Lenovo\Desktop\NewBranch\branch-backend\node_modules\router\index.js:291:5)[39m
[31m    at Function.handle (C:\Users\Lenovo\Desktop\NewBranch\branch-backend\node_modules\router\index.js:186:3)[39m
[31m    at router (C:\Users\Lenovo\Desktop\NewBranch\branch-backend\node_modules\router\index.js:60:12)[39m
[31m    at Layer.handleRequest (C:\Users\Lenovo\Desktop\NewBranch\branch-backend\node_modules\router\lib\layer.js:152:17)[39m
[31m    at trimPrefix (C:\Users\Lenovo\Desktop\NewBranch\branch-backend\node_modules\router\index.js:342:13)[39m
[2026-09-17 16:36:49:3649] [[31merror[39m]: [31mError: Invalid or expired authentication token.[39m
[31m    at auth (C:\Users\Lenovo\Desktop\NewBranch\branch-backend\src\middleware\auth.middleware.ts:44:13)[39m
[31m    at Layer.handleRequest (C:\Users\Lenovo\Desktop\NewBranch\branch-backend\node_modules\router\lib\layer.js:152:17)[39m
[31m    at trimPrefix (C:\Users\Lenovo\Desktop\NewBranch\branch-backend\node_modules\router\index.js:342:13)[39m
[31m    at C:\Users\Lenovo\Desktop\NewBranch\branch-backend\node_modules\router\index.js:297:9[39m
[31m    at processParams (C:\Users\Lenovo\Desktop\NewBranch\branch-backend\node_modules\router\index.js:582:12)[39m
[31m    at next (C:\Users\Lenovo\Desktop\NewBranch\branch-backend\node_modules\router\index.js:291:5)[39m
[31m    at Function.handle (C:\Users\Lenovo\Desktop\NewBranch\branch-backend\node_modules\router\index.js:186:3)[39m
[31m    at router (C:\Users\Lenovo\Desktop\NewBranch\branch-backend\node_modules\router\index.js:60:12)[39m
[31m    at Layer.handleRequest (C:\Users\Lenovo\Desktop\NewBranch\branch-backend\node_modules\router\lib\layer.js:152:17)[39m
[31m    at trimPrefix (C:\Users\Lenovo\Desktop\NewBranch\branch-backend\node_modules\router\index.js:342:13)[39m
[2026-09-17 16:38:33:3833] [[31merror[39m]: [31mError: Authentication token is missing.[39m
[31m    at auth (C:\Users\Lenovo\Desktop\NewBranch\branch-backend\src\middleware\auth.middleware.ts:36:13)[39m
[31m    at Layer.handleRequest (C:\Users\Lenovo\Desktop\NewBranch\branch-backend\node_modules\router\lib\layer.js:152:17)[39m
[31m    at trimPrefix (C:\Users\Lenovo\Desktop\NewBranch\branch-backend\node_modules\router\index.js:342:13)[39m
[31m    at C:\Users\Lenovo\Desktop\NewBranch\branch-backend\node_modules\router\index.js:297:9[39m
[31m    at processParams (C:\Users\Lenovo\Desktop\NewBranch\branch-backend\node_modules\router\index.js:582:12)[39m
[31m    at next (C:\Users\Lenovo\Desktop\NewBranch\branch-backend\node_modules\router\index.js:291:5)[39m
[31m    at Function.handle (C:\Users\Lenovo\Desktop\NewBranch\branch-backend\node_modules\router\index.js:186:3)[39m
[31m    at router (C:\Users\Lenovo\Desktop\NewBranch\branch-backend\node_modules\router\index.js:60:12)[39m
[31m    at Layer.handleRequest (C:\Users\Lenovo\Desktop\NewBranch\branch-backend\node_modules\router\lib\layer.js:152:17)[39m
[31m    at trimPrefix (C:\Users\Lenovo\Desktop\NewBranch\branch-backend\node_modules\router\index.js:342:13)[39m
[2026-09-17 16:52:33:5233] [[31merror[39m]: [31mError: Invalid or expired authentication token.[39m
[31m    at auth (C:\Users\Lenovo\Desktop\NewBranch\branch-backend\src\middleware\auth.middleware.ts:44:13)[39m
[31m    at Layer.handleRequest (C:\Users\Lenovo\Desktop\NewBranch\branch-backend\node_modules\router\lib\layer.js:152:17)[39m
[31m    at trimPrefix (C:\Users\Lenovo\Desktop\NewBranch\branch-backend\node_modules\router\index.js:342:13)[39m
[31m    at C:\Users\Lenovo\Desktop\NewBranch\branch-backend\node_modules\router\index.js:297:9[39m
[31m    at processParams (C:\Users\Lenovo\Desktop\NewBranch\branch-backend\node_modules\router\index.js:582:12)[39m
[31m    at next (C:\Users\Lenovo\Desktop\NewBranch\branch-backend\node_modules\router\index.js:291:5)[39m
[31m    at Function.handle (C:\Users\Lenovo\Desktop\NewBranch\branch-backend\node_modules\router\index.js:186:3)[39m
[31m    at router (C:\Users\Lenovo\Desktop\NewBranch\branch-backend\node_modules\router\index.js:60:12)[39m
[31m    at Layer.handleRequest (C:\Users\Lenovo\Desktop\NewBranch\branch-backend\node_modules\router\lib\layer.js:152:17)[39m
[31m    at trimPrefix (C:\Users\Lenovo\Desktop\NewBranch\branch-backend\node_modules\router\index.js:342:13)[39m
[2026-09-17 16:52:33:5233] [[31merror[39m]: [31mError: Invalid or expired authentication token.[39m
[31m    at auth (C:\Users\Lenovo\Desktop\NewBranch\branch-backend\src\middleware\auth.middleware.ts:44:13)[39m
[31m    at Layer.handleRequest (C:\Users\Lenovo\Desktop\NewBranch\branch-backend\node_modules\router\lib\layer.js:152:17)[39m
[31m    at trimPrefix (C:\Users\Lenovo\Desktop\NewBranch\branch-backend\node_modules\router\index.js:342:13)[39m
[31m    at C:\Users\Lenovo\Desktop\NewBranch\branch-backend\node_modules\router\index.js:297:9[39m
[31m    at processParams (C:\Users\Lenovo\Desktop\NewBranch\branch-backend\node_modules\router\index.js:582:12)[39m
[31m    at next (C:\Users\Lenovo\Desktop\NewBranch\branch-backend\node_modules\router\index.js:291:5)[39m
[31m    at Function.handle (C:\Users\Lenovo\Desktop\NewBranch\branch-backend\node_modules\router\index.js:186:3)[39m
[31m    at router (C:\Users\Lenovo\Desktop\NewBranch\branch-backend\node_modules\router\index.js:60:12)[39m
[31m    at Layer.handleRequest (C:\Users\Lenovo\Desktop\NewBranch\branch-backend\node_modules\router\lib\layer.js:152:17)[39m
[31m    at trimPrefix (C:\Users\Lenovo\Desktop\NewBranch\branch-backend\node_modules\router\index.js:342:13)[39m
[2026-09-17 16:52:33:5233] [[31merror[39m]: [31mError: Invalid or expired authentication token.[39m
[31m    at auth (C:\Users\Lenovo\Desktop\NewBranch\branch-backend\src\middleware\auth.middleware.ts:44:13)[39m
[31m    at Layer.handleRequest (C:\Users\Lenovo\Desktop\NewBranch\branch-backend\node_modules\router\lib\layer.js:152:17)[39m
[31m    at trimPrefix (C:\Users\Lenovo\Desktop\NewBranch\branch-backend\node_modules\router\index.js:342:13)[39m
[31m    at C:\Users\Lenovo\Desktop\NewBranch\branch-backend\node_modules\router\index.js:297:9[39m
[31m    at processParams (C:\Users\Lenovo\Desktop\NewBranch\branch-backend\node_modules\router\index.js:582:12)[39m
[31m    at next (C:\Users\Lenovo\Desktop\NewBranch\branch-backend\node_modules\router\index.js:291:5)[39m
[31m    at Function.handle (C:\Users\Lenovo\Desktop\NewBranch\branch-backend\node_modules\router\index.js:186:3)[39m
[31m    at router (C:\Users\Lenovo\Desktop\NewBranch\branch-backend\node_modules\router\index.js:60:12)[39m
[31m    at Layer.handleRequest (C:\Users\Lenovo\Desktop\NewBranch\branch-backend\node_modules\router\lib\layer.js:152:17)[39m
[31m    at trimPrefix (C:\Users\Lenovo\Desktop\NewBranch\branch-backend\node_modules\router\index.js:342:13)[39m
[2026-09-17 17:56:07:567] [[31merror[39m]: [31mError: Invalid or expired authentication token.[39m
[31m    at auth (C:\Users\Lenovo\Desktop\NewBranch\branch-backend\src\middleware\auth.middleware.ts:44:13)[39m
[31m    at Layer.handleRequest (C:\Users\Lenovo\Desktop\NewBranch\branch-backend\node_modules\router\lib\layer.js:152:17)[39m
[31m    at trimPrefix (C:\Users\Lenovo\Desktop\NewBranch\branch-backend\node_modules\router\index.js:342:13)[39m
[31m    at C:\Users\Lenovo\Desktop\NewBranch\branch-backend\node_modules\router\index.js:297:9[39m
[31m    at processParams (C:\Users\Lenovo\Desktop\NewBranch\branch-backend\node_modules\router\index.js:582:12)[39m
[31m    at next (C:\Users\Lenovo\Desktop\NewBranch\branch-backend\node_modules\router\index.js:291:5)[39m
[31m    at Function.handle (C:\Users\Lenovo\Desktop\NewBranch\branch-backend\node_modules\router\index.js:186:3)[39m
[31m    at router (C:\Users\Lenovo\Desktop\NewBranch\branch-backend\node_modules\router\index.js:60:12)[39m
[31m    at Layer.handleRequest (C:\Users\Lenovo\Desktop\NewBranch\branch-backend\node_modules\router\lib\layer.js:152:17)[39m
[31m    at trimPrefix (C:\Users\Lenovo\Desktop\NewBranch\branch-backend\node_modules\router\index.js:342:13)[39m
[2026-09-17 17:56:07:567] [[31merror[39m]: [31mError: Invalid or expired authentication token.[39m
[31m    at auth (C:\Users\Lenovo\Desktop\NewBranch\branch-backend\src\middleware\auth.middleware.ts:44:13)[39m
[31m    at Layer.handleRequest (C:\Users\Lenovo\Desktop\NewBranch\branch-backend\node_modules\router\lib\layer.js:152:17)[39m
[31m    at trimPrefix (C:\Users\Lenovo\Desktop\NewBranch\branch-backend\node_modules\router\index.js:342:13)[39m
[31m    at C:\Users\Lenovo\Desktop\NewBranch\branch-backend\node_modules\router\index.js:297:9[39m
[31m    at processParams (C:\Users\Lenovo\Desktop\NewBranch\branch-backend\node_modules\router\index.js:582:12)[39m
[31m    at next (C:\Users\Lenovo\Desktop\NewBranch\branch-backend\node_modules\router\index.js:291:5)[39m
[31m    at Function.handle (C:\Users\Lenovo\Desktop\NewBranch\branch-backend\node_modules\router\index.js:186:3)[39m
[31m    at router (C:\Users\Lenovo\Desktop\NewBranch\branch-backend\node_modules\router\index.js:60:12)[39m
[31m    at Layer.handleRequest (C:\Users\Lenovo\Desktop\NewBranch\branch-backend\node_modules\router\lib\layer.js:152:17)[39m
[31m    at trimPrefix (C:\Users\Lenovo\Desktop\NewBranch\branch-backend\node_modules\router\index.js:342:13)[39m
[2026-09-17 17:56:07:567] [[31merror[39m]: [31mError: Invalid or expired authentication token.[39m
[31m    at auth (C:\Users\Lenovo\Desktop\NewBranch\branch-backend\src\middleware\auth.middleware.ts:44:13)[39m
[31m    at Layer.handleRequest (C:\Users\Lenovo\Desktop\NewBranch\branch-backend\node_modules\router\lib\layer.js:152:17)[39m
[31m    at trimPrefix (C:\Users\Lenovo\Desktop\NewBranch\branch-backend\node_modules\router\index.js:342:13)[39m
[31m    at C:\Users\Lenovo\Desktop\NewBranch\branch-backend\node_modules\router\index.js:297:9[39m
[31m    at processParams (C:\Users\Lenovo\Desktop\NewBranch\branch-backend\node_modules\router\index.js:582:12)[39m
[31m    at next (C:\Users\Lenovo\Desktop\NewBranch\branch-backend\node_modules\router\index.js:291:5)[39m
[31m    at Function.handle (C:\Users\Lenovo\Desktop\NewBranch\branch-backend\node_modules\router\index.js:186:3)[39m
[31m    at router (C:\Users\Lenovo\Desktop\NewBranch\branch-backend\node_modules\router\index.js:60:12)[39m
[31m    at Layer.handleRequest (C:\Users\Lenovo\Desktop\NewBranch\branch-backend\node_modules\router\lib\layer.js:152:17)[39m
[31m    at trimPrefix (C:\Users\Lenovo\Desktop\NewBranch\branch-backend\node_modules\router\index.js:342:13)[39m
[2026-09-18 09:36:39:3639] [[31merror[39m]: [31mError: Invalid or expired authentication token.[39m
[31m    at auth (C:\Users\Lenovo\Desktop\NewBranch\branch-backend\src\middleware\auth.middleware.ts:44:13)[39m
[31m    at Layer.handleRequest (C:\Users\Lenovo\Desktop\NewBranch\branch-backend\node_modules\router\lib\layer.js:152:17)[39m
[31m    at trimPrefix (C:\Users\Lenovo\Desktop\NewBranch\branch-backend\node_modules\router\index.js:342:13)[39m
[31m    at C:\Users\Lenovo\Desktop\NewBranch\branch-backend\node_modules\router\index.js:297:9[39m
[31m    at processParams (C:\Users\Lenovo\Desktop\NewBranch\branch-backend\node_modules\router\index.js:582:12)[39m
[31m    at next (C:\Users\Lenovo\Desktop\NewBranch\branch-backend\node_modules\router\index.js:291:5)[39m
[31m    at Function.handle (C:\Users\Lenovo\Desktop\NewBranch\branch-backend\node_modules\router\index.js:186:3)[39m
[31m    at router (C:\Users\Lenovo\Desktop\NewBranch\branch-backend\node_modules\router\index.js:60:12)[39m
[31m    at Layer.handleRequest (C:\Users\Lenovo\Desktop\NewBranch\branch-backend\node_modules\router\lib\layer.js:152:17)[39m
[31m    at trimPrefix (C:\Users\Lenovo\Desktop\NewBranch\branch-backend\node_modules\router\index.js:342:13)[39m
[2026-09-18 09:36:39:3639] [[31merror[39m]: [31mError: Invalid or expired authentication token.[39m
[31m    at auth (C:\Users\Lenovo\Desktop\NewBranch\branch-backend\src\middleware\auth.middleware.ts:44:13)[39m
[31m    at Layer.handleRequest (C:\Users\Lenovo\Desktop\NewBranch\branch-backend\node_modules\router\lib\layer.js:152:17)[39m
[31m    at trimPrefix (C:\Users\Lenovo\Desktop\NewBranch\branch-backend\node_modules\router\index.js:342:13)[39m
[31m    at C:\Users\Lenovo\Desktop\NewBranch\branch-backend\node_modules\router\index.js:297:9[39m
[31m    at processParams (C:\Users\Lenovo\Desktop\NewBranch\branch-backend\node_modules\router\index.js:582:12)[39m
[31m    at next (C:\Users\Lenovo\Desktop\NewBranch\branch-backend\node_modules\router\index.js:291:5)[39m
[31m    at Function.handle (C:\Users\Lenovo\Desktop\NewBranch\branch-backend\node_modules\router\index.js:186:3)[39m
[31m    at router (C:\Users\Lenovo\Desktop\NewBranch\branch-backend\node_modules\router\index.js:60:12)[39m
[31m    at Layer.handleRequest (C:\Users\Lenovo\Desktop\NewBranch\branch-backend\node_modules\router\lib\layer.js:152:17)[39m
[31m    at trimPrefix (C:\Users\Lenovo\Desktop\NewBranch\branch-backend\node_modules\router\index.js:342:13)[39m
[2026-09-18 09:36:40:3640] [[31merror[39m]: [31mError: Invalid or expired authentication token.[39m
[31m    at auth (C:\Users\Lenovo\Desktop\NewBranch\branch-backend\src\middleware\auth.middleware.ts:44:13)[39m
[31m    at Layer.handleRequest (C:\Users\Lenovo\Desktop\NewBranch\branch-backend\node_modules\router\lib\layer.js:152:17)[39m
[31m    at trimPrefix (C:\Users\Lenovo\Desktop\NewBranch\branch-backend\node_modules\router\index.js:342:13)[39m
[31m    at C:\Users\Lenovo\Desktop\NewBranch\branch-backend\node_modules\router\index.js:297:9[39m
[31m    at processParams (C:\Users\Lenovo\Desktop\NewBranch\branch-backend\node_modules\router\index.js:582:12)[39m
[31m    at next (C:\Users\Lenovo\Desktop\NewBranch\branch-backend\node_modules\router\index.js:291:5)[39m
[31m    at Function.handle (C:\Users\Lenovo\Desktop\NewBranch\branch-backend\node_modules\router\index.js:186:3)[39m
[31m    at router (C:\Users\Lenovo\Desktop\NewBranch\branch-backend\node_modules\router\index.js:60:12)[39m
[31m    at Layer.handleRequest (C:\Users\Lenovo\Desktop\NewBranch\branch-backend\node_modules\router\lib\layer.js:152:17)[39m
[31m    at trimPrefix (C:\Users\Lenovo\Desktop\NewBranch\branch-backend\node_modules\router\index.js:342:13)[39m
[2026-09-18 09:36:49:3649] [[31merror[39m]: [31mError: Invalid or expired authentication token.[39m
[31m    at auth (C:\Users\Lenovo\Desktop\NewBranch\branch-backend\src\middleware\auth.middleware.ts:44:13)[39m
[31m    at Layer.handleRequest (C:\Users\Lenovo\Desktop\NewBranch\branch-backend\node_modules\router\lib\layer.js:152:17)[39m
[31m    at trimPrefix (C:\Users\Lenovo\Desktop\NewBranch\branch-backend\node_modules\router\index.js:342:13)[39m
[31m    at C:\Users\Lenovo\Desktop\NewBranch\branch-backend\node_modules\router\index.js:297:9[39m
[31m    at processParams (C:\Users\Lenovo\Desktop\NewBranch\branch-backend\node_modules\router\index.js:582:12)[39m
[31m    at next (C:\Users\Lenovo\Desktop\NewBranch\branch-backend\node_modules\router\index.js:291:5)[39m
[31m    at Function.handle (C:\Users\Lenovo\Desktop\NewBranch\branch-backend\node_modules\router\index.js:186:3)[39m
[31m    at router (C:\Users\Lenovo\Desktop\NewBranch\branch-backend\node_modules\router\index.js:60:12)[39m
[31m    at Layer.handleRequest (C:\Users\Lenovo\Desktop\NewBranch\branch-backend\node_modules\router\lib\layer.js:152:17)[39m
[31m    at trimPrefix (C:\Users\Lenovo\Desktop\NewBranch\branch-backend\node_modules\router\index.js:342:13)[39m
[2026-09-18 09:36:49:3649] [[31merror[39m]: [31mError: Invalid or expired authentication token.[39m
[31m    at auth (C:\Users\Lenovo\Desktop\NewBranch\branch-backend\src\middleware\auth.middleware.ts:44:13)[39m
[31m    at Layer.handleRequest (C:\Users\Lenovo\Desktop\NewBranch\branch-backend\node_modules\router\lib\layer.js:152:17)[39m
[31m    at trimPrefix (C:\Users\Lenovo\Desktop\NewBranch\branch-backend\node_modules\router\index.js:342:13)[39m
[31m    at C:\Users\Lenovo\Desktop\NewBranch\branch-backend\node_modules\router\index.js:297:9[39m
[31m    at processParams (C:\Users\Lenovo\Desktop\NewBranch\branch-backend\node_modules\router\index.js:582:12)[39m
[31m    at next (C:\Users\Lenovo\Desktop\NewBranch\branch-backend\node_modules\router\index.js:291:5)[39m
[31m    at Function.handle (C:\Users\Lenovo\Desktop\NewBranch\branch-backend\node_modules\router\index.js:186:3)[39m
[31m    at router (C:\Users\Lenovo\Desktop\NewBranch\branch-backend\node_modules\router\index.js:60:12)[39m
[31m    at Layer.handleRequest (C:\Users\Lenovo\Desktop\NewBranch\branch-backend\node_modules\router\lib\layer.js:152:17)[39m
[31m    at trimPrefix (C:\Users\Lenovo\Desktop\NewBranch\branch-backend\node_modules\router\index.js:342:13)[39m
[2026-09-18 09:36:49:3649] [[31merror[39m]: [31mError: Invalid or expired authentication token.[39m
[31m    at auth (C:\Users\Lenovo\Desktop\NewBranch\branch-backend\src\middleware\auth.middleware.ts:44:13)[39m
[31m    at Layer.handleRequest (C:\Users\Lenovo\Desktop\NewBranch\branch-backend\node_modules\router\lib\layer.js:152:17)[39m
[31m    at trimPrefix (C:\Users\Lenovo\Desktop\NewBranch\branch-backend\node_modules\router\index.js:342:13)[39m
[31m    at C:\Users\Lenovo\Desktop\NewBranch\branch-backend\node_modules\router\index.js:297:9[39m
[31m    at processParams (C:\Users\Lenovo\Desktop\NewBranch\branch-backend\node_modules\router\index.js:582:12)[39m
[31m    at next (C:\Users\Lenovo\Desktop\NewBranch\branch-backend\node_modules\router\index.js:291:5)[39m
[31m    at Function.handle (C:\Users\Lenovo\Desktop\NewBranch\branch-backend\node_modules\router\index.js:186:3)[39m
[31m    at router (C:\Users\Lenovo\Desktop\NewBranch\branch-backend\node_modules\router\index.js:60:12)[39m
[31m    at Layer.handleRequest (C:\Users\Lenovo\Desktop\NewBranch\branch-backend\node_modules\router\lib\layer.js:152:17)[39m
[31m    at trimPrefix (C:\Users\Lenovo\Desktop\NewBranch\branch-backend\node_modules\router\index.js:342:13)[39m
[2026-09-18 09:36:50:3650] [[31merror[39m]: [31mPrismaClientKnownRequestError: [39m
[31mInvalid `prisma.users.findUnique()` invocation in[39m
[31mC:\Users\Lenovo\Desktop\NewBranch\branch-backend\src\modules\auth\auth.service.ts:151:37[39m

[31m  148 }[39m
[31m  149 [39m
[31m  150 // Verify user still exists and is active[39m
[31m→ 151 const user = await prisma.users.findUnique([39m
[31mTimed out fetching a new connection from the connection pool. More info: http://pris.ly/d/connection-pool (Current connection pool timeout: 10, connection limit: 21)[39m
[31m    at $n.handleRequestError (C:\Users\Lenovo\Desktop\NewBranch\branch-backend\node_modules\@prisma\client\runtime\library.js:121:7315)[39m
[31m    at $n.handleAndLogRequestError (C:\Users\Lenovo\Desktop\NewBranch\branch-backend\node_modules\@prisma\client\runtime\library.js:121:6623)[39m
[31m    at $n.request (C:\Users\Lenovo\Desktop\NewBranch\branch-backend\node_modules\@prisma\client\runtime\library.js:121:6307)[39m
[31m    at async l (C:\Users\Lenovo\Desktop\NewBranch\branch-backend\node_modules\@prisma\client\runtime\library.js:130:9633)[39m
[31m    at async AuthService.refresh (C:\Users\Lenovo\Desktop\NewBranch\branch-backend\src\modules\auth\auth.service.ts:151:18)[39m
[31m    at async refresh (C:\Users\Lenovo\Desktop\NewBranch\branch-backend\src\modules\auth\auth.controller.ts:55:45)[39m
[2026-09-18 09:36:59:3659] [[31merror[39m]: [31mPrismaClientKnownRequestError: [39m
[31mInvalid `prisma.users.findUnique()` invocation in[39m
[31mC:\Users\Lenovo\Desktop\NewBranch\branch-backend\src\modules\auth\auth.service.ts:151:37[39m

[31m  148 }[39m
[31m  149 [39m
[31m  150 // Verify user still exists and is active[39m
[31m→ 151 const user = await prisma.users.findUnique([39m
[31mTimed out fetching a new connection from the connection pool. More info: http://pris.ly/d/connection-pool (Current connection pool timeout: 10, connection limit: 21)[39m
[31m    at $n.handleRequestError (C:\Users\Lenovo\Desktop\NewBranch\branch-backend\node_modules\@prisma\client\runtime\library.js:121:7315)[39m
[31m    at $n.handleAndLogRequestError (C:\Users\Lenovo\Desktop\NewBranch\branch-backend\node_modules\@prisma\client\runtime\library.js:121:6623)[39m
[31m    at $n.request (C:\Users\Lenovo\Desktop\NewBranch\branch-backend\node_modules\@prisma\client\runtime\library.js:121:6307)[39m
[31m    at async l (C:\Users\Lenovo\Desktop\NewBranch\branch-backend\node_modules\@prisma\client\runtime\library.js:130:9633)[39m
[31m    at async AuthService.refresh (C:\Users\Lenovo\Desktop\NewBranch\branch-backend\src\modules\auth\auth.service.ts:151:18)[39m
[31m    at async refresh (C:\Users\Lenovo\Desktop\NewBranch\branch-backend\src\modules\auth\auth.controller.ts:55:45)[39m
